timestamp,experiment_id,model,cycle,prompt,temperature,top_p,top_k,response,total_duration_ms,load_duration_ms,eval_duration_ms,prompt_eval_count,eval_count,tokens_per_second,response_chars,quality_score,notes
2026-06-02T17:06:32.965660,exp_b_temperature_temp=0.1,phi4-mini:latest,1,"Explica en menos de 100 palabras la diferencia entre Inteligencia Artificial, Ma",0.1,0.75,40,La Inteligencia Artificial (IA) es el conjunto general de sistemas capaces de realizar tareas que normalmente requieren inteligencia humana. El Aprendizaje Automático (Machine Learning o ML) es un subconjunto del IA donde los algoritmos aprenden a partir de datos sin ser explícitamente programados p,6172.34,1060.9,2126.16,25,105,49.38,557,8.48,
2026-06-02T17:06:35.157090,exp_b_temperature_temp=0.1,phi4-mini:latest,2,"Explica en menos de 100 palabras la diferencia entre Inteligencia Artificial, Ma",0.1,0.75,40,"La **Inteligencia Artificial (IA)** se refiere a sistemas que realizan tareas típicas del cerebro humano como el aprendizaje, razonamiento y percepción.

El **Machine Learning** es una rama de la IA donde los algoritmos aprenden automáticamente de datos sin ser explícitamente programados para cada t",2182.16,105.8,2003.23,25,99,49.42,513,8.78,
2026-06-02T17:06:38.073897,exp_b_temperature_temp=0.1,phi4-mini:latest,3,"Explica en menos de 100 palabras la diferencia entre Inteligencia Artificial, Ma",0.1,0.75,40,"La **Inteligencia Artificial (IA)** se refiere a sistemas capaces de realizar tareas que normalmente requieren inteligencia humana, como el razonamiento y aprender.

El **Machine Learning** es una subcampo de la IA donde los algoritmos aprenden de datos para mejorar su rendimiento en tareas específi",2909.23,102.8,2717.34,25,134,49.31,721,7.85,
2026-06-02T17:06:41.055305,exp_b_temperature_temp=0.1,phi4-mini:latest,4,"Explica en menos de 100 palabras la diferencia entre Inteligencia Artificial, Ma",0.1,0.75,40,"La **Inteligencia Artificial (IA)** se refiere a sistemas capaces de realizar tareas que normalmente requieren inteligencia humana, como el razonamiento y la toma de decisiones.

El **Machine Learning** es una subcampo de la IA donde los algoritmos aprenden con datos para mejorar su rendimiento en t",2974.02,101.56,2783.08,25,137,49.23,735,7.84,
2026-06-02T17:06:44.058876,exp_b_temperature_temp=0.1,phi4-mini:latest,5,"Explica en menos de 100 palabras la diferencia entre Inteligencia Artificial, Ma",0.1,0.75,40,"La **Inteligencia Artificial (IA)** se refiere a sistemas capaces de realizar tareas que normalmente requieren inteligencia humana, como el razonamiento y aprender del entorno.

El **Machine Learning** es una rama de la IA donde los algoritmos aprenden de datos para mejorar su rendimiento en tareas ",2994.99,102.06,2796.63,25,132,47.2,716,7.91,
2026-06-02T17:06:46.859743,exp_b_temperature_temp=0.1,phi4-mini:latest,6,"Explica en menos de 100 palabras la diferencia entre Inteligencia Artificial, Ma",0.1,0.75,40,"La Inteligencia Artificial (IA) es el campo general que busca crear máquinas capaces de realizar tareas que normalmente requieren inteligencia humana.

El Aprendizaje Automático (Machine Learning o ML) es una subrama de la IA donde los sistemas aprenden a partir del datos sin ser explícitamente prog",2791.58,201.8,2504.38,25,122,48.71,652,8.3,
2026-06-02T17:06:49.297616,exp_b_temperature_temp=0.1,phi4-mini:latest,7,"Explica en menos de 100 palabras la diferencia entre Inteligencia Artificial, Ma",0.1,0.75,40,La Inteligencia Artificial (IA) se refiere a sistemas que pueden realizar tareas típicas de seres humanos como el razonamiento y aprender del entorno. El Aprendizaje Automático es un subcampo de la IA donde los algoritmos aprenden de datos para tomar decisiones o ejecutar tareas sin ser explícitamen,2429.7,100.92,2250.42,25,110,48.88,562,7.96,
2026-06-02T17:06:52.440145,exp_b_temperature_temp=0.1,phi4-mini:latest,8,"Explica en menos de 100 palabras la diferencia entre Inteligencia Artificial, Ma",0.1,0.75,40,La **Inteligencia Artificial (IA)** se refiere al conjunto de tecnologías que permiten a las máquinas simular comportamientos inteligentes como los humanos. El **Machine Learning** es una rama del aprendizaje automático donde algoritmos aprenden y mejoran su rendimiento con la experiencia sin ser ex,3134.2,98.95,2937.2,25,139,47.32,783,8.16,
2026-06-02T17:06:55.148273,exp_b_temperature_temp=0.1,phi4-mini:latest,9,"Explica en menos de 100 palabras la diferencia entre Inteligencia Artificial, Ma",0.1,0.75,40,"La Inteligencia Artificial (IA) es el conjunto general de tecnologías que permiten a las máquinas simular comportamientos inteligentes como los humanos.

El Aprendizaje Automático (Machine Learning o ML), una rama de la IA, se refiere al proceso mediante el cual las máquinas aprenden y mejoran su re",2700.37,103.97,2512.78,25,120,47.76,619,8.23,
2026-06-02T17:06:57.659456,exp_b_temperature_temp=0.1,phi4-mini:latest,10,"Explica en menos de 100 palabras la diferencia entre Inteligencia Artificial, Ma",0.1,0.75,40,La Inteligencia Artificial (IA) es el conjunto general de tecnologías que permiten a las máquinas simular comportamientos inteligentes como los humanos. El Aprendizaje Automático (Machine Learning o ML) es un subconjunto del IA donde las máquinas aprenden y mejoran su rendimiento con la experiencia ,2503.05,104.16,2320.59,25,111,47.83,601,8.5,
2026-06-02T17:07:00.693267,exp_b_temperature_temp=0.1,phi4-mini:latest,11,"Explica en menos de 100 palabras la diferencia entre Inteligencia Artificial, Ma",0.1,0.75,40,"La **Inteligencia Artificial (IA)** se refiere a sistemas capaces de realizar tareas que normalmente requieren inteligencia humana, como el reconocimiento de voz o lenguaje natural.

El **Machine Learning** es una subcampo de la IA donde los algoritmos aprenden y mejoran su rendimiento con la experi",3026.28,106.91,2827.85,25,135,47.74,710,8.14,
2026-06-02T17:07:03.434068,exp_b_temperature_temp=0.1,phi4-mini:latest,12,"Explica en menos de 100 palabras la diferencia entre Inteligencia Artificial, Ma",0.1,0.75,40,"La Inteligencia Artificial (IA) se refiere al conjunto de tecnologías que permiten a las máquinas simular comportamientos inteligentes como los humanos. El Aprendizaje Automático (Machine Learning o ML), es una rama del campo de la IA donde los sistemas aprenden y mejoran su rendimiento con la exper",2733.73,101.31,2548.63,25,122,47.87,648,8.53,
2026-06-02T17:07:06.284927,exp_b_temperature_temp=0.1,phi4-mini:latest,13,"Explica en menos de 100 palabras la diferencia entre Inteligencia Artificial, Ma",0.1,0.75,40,"La **Inteligencia Artificial (IA)** se refiere a sistemas capaces de realizar tareas que normalmente requieren inteligencia humana, como el razonamiento y aprender.

El **Machine Learning** es una subrama de la IA donde los algoritmos aprenden de datos para tomar decisiones o realizar predicciones s",2839.87,105.1,2640.16,25,126,47.72,669,7.91,
2026-06-02T17:07:09.004592,exp_b_temperature_temp=0.1,phi4-mini:latest,14,"Explica en menos de 100 palabras la diferencia entre Inteligencia Artificial, Ma",0.1,0.75,40,"La **Inteligencia Artificial (IA)** se refiere a sistemas que realizan tareas típicas del intelecto humano como el razonamiento y el aprendizaje.

El **Machine Learning** es una subcampo de la IA donde los algoritmos aprenden de datos para mejorar su rendimiento con el tiempo, sin ser explícitamente",2711.42,102.54,2521.38,25,123,48.78,581,8.61,
2026-06-02T17:07:12.025964,exp_b_temperature_temp=0.1,phi4-mini:latest,15,"Explica en menos de 100 palabras la diferencia entre Inteligencia Artificial, Ma",0.1,0.75,40,"La **Inteligencia Artificial (IA)** se refiere a sistemas capaces de realizar tareas que normalmente requieren inteligencia humana, como el razonamiento y el aprendizaje.

El **Machine Learning** es una subrama de la IA donde los algoritmos aprenden de datos para mejorar su rendimiento en tareas esp",3014.35,102.59,2820.52,25,138,48.93,736,8.04,
2026-06-02T17:07:14.645714,exp_b_temperature_temp=0.1,phi4-mini:latest,16,"Explica en menos de 100 palabras la diferencia entre Inteligencia Artificial, Ma",0.1,0.75,40,La Inteligencia Artificial (IA) es el conjunto general de tecnologías que permiten a las máquinas simular comportamientos inteligentes como los humanos. El Aprendizaje Automático (Machine Learning o ML) es un subconjunto del IA donde las máquinas aprenden y mejoran su rendimiento con la experiencia ,2611.58,103.47,2427.34,25,119,49.02,649,8.1,
2026-06-02T17:07:17.210561,exp_b_temperature_temp=0.1,phi4-mini:latest,17,"Explica en menos de 100 palabras la diferencia entre Inteligencia Artificial, Ma",0.1,0.75,40,"La Inteligencia Artificial (IA) se refiere al conjunto de tecnologías que permiten a las máquinas simular comportamientos inteligentes como los humanos. El Aprendizaje Automático (Machine Learning o ML), es una rama del campo de la IA donde el sistema aprende y mejora su rendimiento con base en dato",2556.76,103.61,2369.06,25,115,48.54,611,8.22,
2026-06-02T17:07:19.582509,exp_b_temperature_temp=0.1,phi4-mini:latest,18,"Explica en menos de 100 palabras la diferencia entre Inteligencia Artificial, Ma",0.1,0.75,40,"La Inteligencia Artificial (IA) es el campo general que trata con sistemas inteligentes capaces de realizar tareas que normalmente requieren inteligencia humana.

El Aprendizaje Automático (Machine Learning o ML), una rama del IA, se refiere a algoritmos que aprenden y mejoran su rendimiento mediant",2364.77,100.29,2185.64,25,107,48.96,570,8.37,
2026-06-02T17:07:22.134140,exp_b_temperature_temp=0.1,phi4-mini:latest,19,"Explica en menos de 100 palabras la diferencia entre Inteligencia Artificial, Ma",0.1,0.75,40,"La **Inteligencia Artificial (IA)** se refiere a sistemas que pueden realizar tareas típicas del cerebro humano como el razonamiento y aprender con experiencia.

El **Machine Learning** es una rama de la IA donde los algoritmos aprenden de datos para hacer predicciones o tomar decisiones sin ser exp",2545.17,104.47,2356.63,25,115,48.8,594,8.12,
2026-06-02T17:07:25.941697,exp_b_temperature_temp=0.1,phi4-mini:latest,20,"Explica en menos de 100 palabras la diferencia entre Inteligencia Artificial, Ma",0.1,0.75,40,"La **Inteligencia Artificial (IA)** se refiere al conjunto de tecnologías que permiten a las máquinas simular comportamientos inteligentes como los humanos.

El **Machine Learning** es una rama del campo de la IA donde los algoritmos aprenden y mejoran su rendimiento con el tiempo, basándose en dato",3795.1,103.09,3580.02,25,174,48.6,893,8.37,
2026-06-02T17:07:28.407296,exp_b_temperature_temp=0.1,phi4-mini:latest,21,"Explica en menos de 100 palabras la diferencia entre Inteligencia Artificial, Ma",0.1,0.75,40,La Inteligencia Artificial (IA) es el conjunto general de sistemas capaces de realizar tareas que normalmente requieren inteligencia humana. El Aprendizaje Automático (Machine Learning o ML) es un subconjunto del IA donde los algoritmos aprenden a partir de datos para tomar decisiones sin ser explíc,2456.68,100.82,2277.58,25,111,48.74,595,8.51,
2026-06-02T17:07:30.756815,exp_b_temperature_temp=0.1,phi4-mini:latest,22,"Explica en menos de 100 palabras la diferencia entre Inteligencia Artificial, Ma",0.1,0.75,40,"La Inteligencia Artificial (IA) es el campo general que trata con sistemas inteligentes capaces de realizar tareas que normalmente requieren inteligencia humana.

Machine Learning (ML), una rama del aprendizaje automático dentro de la IA, se refiere a algoritmos que aprenden y mejoran su rendimiento",2341.87,101.77,2163.05,25,105,48.54,550,8.36,
2026-06-02T17:07:33.547517,exp_b_temperature_temp=0.1,phi4-mini:latest,23,"Explica en menos de 100 palabras la diferencia entre Inteligencia Artificial, Ma",0.1,0.75,40,"La **Inteligencia Artificial (IA)** se refiere a sistemas que pueden realizar tareas típicas del razonamiento humano, como el aprendizaje y la resolución de problemas.

El **Machine Learning** es una subcampo de la IA donde los algoritmos aprenden de datos para mejorar su rendimiento en tareas espec",2783.09,101.24,2590.81,25,126,48.63,661,8.0,
2026-06-02T17:07:36.079029,exp_b_temperature_temp=0.1,phi4-mini:latest,24,"Explica en menos de 100 palabras la diferencia entre Inteligencia Artificial, Ma",0.1,0.75,40,"La Inteligencia Artificial (IA) se refiere al conjunto de tecnologías que permiten a las máquinas simular comportamientos inteligentes como los humanos. El Aprendizaje Automático (Machine Learning o ML), es una rama del campo de la IA donde el sistema aprende y mejora su rendimiento con base en dato",2523.06,97.61,2343.87,25,114,48.64,590,8.33,
2026-06-02T17:07:38.682246,exp_b_temperature_temp=0.1,phi4-mini:latest,25,"Explica en menos de 100 palabras la diferencia entre Inteligencia Artificial, Ma",0.1,0.75,40,"La **Inteligencia Artificial (IA)** se refiere a sistemas que realizan tareas típicas del intelecto humano como el razonamiento y el aprendizaje. El **Machine Learning** es una rama de la IA donde los algoritmos aprenden de datos para mejorar su rendimiento con el tiempo, sin ser explícitamente prog",2594.5,107.09,2405.02,25,118,49.06,575,8.26,
2026-06-02T17:07:41.160326,exp_b_temperature_temp=0.1,phi4-mini:latest,26,"Explica en menos de 100 palabras la diferencia entre Inteligencia Artificial, Ma",0.1,0.75,40,"La **Inteligencia Artificial (IA)** se refiere a sistemas que realizan tareas típicas del intelecto humano: razonamiento, aprendizaje y percepción. El **Machine Learning** es una subrama de la IA donde los algoritmos aprenden de datos para mejorar su rendimiento con el tiempo sin ser explícitamente ",2471.13,104.62,2286.35,25,112,48.99,542,8.69,
2026-06-02T17:07:43.691744,exp_b_temperature_temp=0.1,phi4-mini:latest,27,"Explica en menos de 100 palabras la diferencia entre Inteligencia Artificial, Ma",0.1,0.75,40,La Inteligencia Artificial (IA) es el conjunto general de sistemas capaces de realizar tareas que normalmente requieren inteligencia humana. El Aprendizaje Automático (Machine Learning o ML) es un subconjunto del IA donde los algoritmos aprenden a partir de datos para tomar decisiones sin ser explíc,2523.03,103.46,2337.83,25,111,47.48,595,8.51,
2026-06-02T17:07:46.535942,exp_b_temperature_temp=0.1,phi4-mini:latest,28,"Explica en menos de 100 palabras la diferencia entre Inteligencia Artificial, Ma",0.1,0.75,40,"La Inteligencia Artificial (IA) es el campo general que trata con sistemas inteligentes capaces de realizar tareas que normalmente requieren inteligencia humana.

Machine Learning (ML), una rama del aprendizaje automático dentro de la IA, se refiere al proceso mediante el cual los algoritmos aprende",2837.35,103.2,2642.36,25,126,47.68,676,8.25,
2026-06-02T17:07:49.031894,exp_b_temperature_temp=0.1,phi4-mini:latest,29,"Explica en menos de 100 palabras la diferencia entre Inteligencia Artificial, Ma",0.1,0.75,40,"La Inteligencia Artificial (IA) se refiere al conjunto de tecnologías que permiten a las máquinas simular comportamientos inteligentes como los humanos. El Aprendizaje Automático (Machine Learning o ML), es un subconjunto del IA donde las máquinas aprenden y mejoran su rendimiento con la experiencia",2488.66,103.36,2305.49,25,112,48.58,614,8.18,
2026-06-02T17:07:51.569263,exp_b_temperature_temp=0.1,phi4-mini:latest,30,"Explica en menos de 100 palabras la diferencia entre Inteligencia Artificial, Ma",0.1,0.75,40,"La **Inteligencia Artificial (IA)** se refiere a sistemas que realizan tareas típicas del intelecto humano como el razonamiento y el aprendizaje.

El **Machine Learning** es una subrama de la IA donde los algoritmos aprenden automáticamente de datos sin ser explícitamente programados, mejorando su r",2526.67,99.43,2346.56,25,115,49.01,591,8.24,
2026-06-02T17:07:54.207418,exp_b_temperature_temp=0.1,phi4-mini:latest,31,"Explica en menos de 100 palabras la diferencia entre Inteligencia Artificial, Ma",0.1,0.75,40,"La Inteligencia Artificial (IA) es el campo general que trata con sistemas inteligentes capaces de realizar tareas que normalmente requieren inteligencia humana.

Machine Learning (ML), una rama del aprendizaje automático dentro de la IA, se centra en desarrollar algoritmos para permitir a las máqui",2630.73,101.3,2445.76,25,120,49.06,650,8.25,
2026-06-02T17:07:57.142413,exp_b_temperature_temp=0.1,phi4-mini:latest,32,"Explica en menos de 100 palabras la diferencia entre Inteligencia Artificial, Ma",0.1,0.75,40,"La **Inteligencia Artificial (IA)** se refiere a sistemas capaces de realizar tareas que normalmente requieren inteligencia humana, como el reconocimiento de voz o lenguaje natural.

El **Machine Learning** es una subrama de la IA donde los algoritmos aprenden y mejoran su rendimiento con la experie",2927.48,103.83,2733.15,25,134,49.03,708,8.14,
2026-06-02T17:08:00.457749,exp_b_temperature_temp=0.1,phi4-mini:latest,33,"Explica en menos de 100 palabras la diferencia entre Inteligencia Artificial, Ma",0.1,0.75,40,"La Inteligencia Artificial (IA) es el conjunto general de tecnologías que permiten a las máquinas simular comportamientos inteligentes como los humanos.

El Aprendizaje Automático (Machine Learning - ML), una rama del campo de la IA, se refiere al proceso mediante el cual un sistema aprende con dato",3306.23,105.87,3096.17,25,149,48.12,799,8.17,
2026-06-02T17:08:03.106278,exp_b_temperature_temp=0.1,phi4-mini:latest,34,"Explica en menos de 100 palabras la diferencia entre Inteligencia Artificial, Ma",0.1,0.75,40,"La **Inteligencia Artificial (IA)** se refiere a sistemas que pueden realizar tareas típicas del razonamiento humano, como el aprendizaje y la resolución de problemas.

El **Machine Learning** es una subrama de la IA donde los algoritmos aprenden de datos para mejorar su rendimiento con el tiempo si",2641.26,98.98,2456.32,25,119,48.45,592,8.55,
2026-06-02T17:08:06.702841,exp_b_temperature_temp=0.1,phi4-mini:latest,35,"Explica en menos de 100 palabras la diferencia entre Inteligencia Artificial, Ma",0.1,0.75,40,"La Inteligencia Artificial (IA) es el conjunto general de tecnologías que permiten a las máquinas simular comportamientos inteligentes como los humanos. El Aprendizaje Automático (Machine Learning o ML), una rama del campo de la IA, se refiere al proceso mediante el cual las máquinas aprenden y mejo",3589.65,103.69,3379.87,25,164,48.52,886,7.85,
2026-06-02T17:08:09.548218,exp_b_temperature_temp=0.1,phi4-mini:latest,36,"Explica en menos de 100 palabras la diferencia entre Inteligencia Artificial, Ma",0.1,0.75,40,"La Inteligencia Artificial (IA) es el campo general que trata con sistemas inteligentes capaces de realizar tareas que normalmente requieren inteligencia humana.

El Aprendizaje Automático (Machine Learning - ML), una rama del IA, se refiere a algoritmos que aprenden y mejoran su rendimiento sin ser",2838.2,105.34,2646.16,25,130,49.13,706,8.3,
2026-06-02T17:08:11.614734,exp_b_temperature_temp=0.1,phi4-mini:latest,37,"Explica en menos de 100 palabras la diferencia entre Inteligencia Artificial, Ma",0.1,0.75,40,"La Inteligencia Artificial (IA) se refiere a sistemas que pueden realizar tareas típicamente humanas como el aprendizaje, razonamiento y percepción. El Aprendizaje Automático es un subcampo del IA donde los algoritmos aprenden de datos para tomar decisiones o ejecutar tareas sin instrucciones explíc",2059.31,105.95,1884.76,25,93,49.34,481,8.26,
2026-06-02T17:08:15.156234,exp_b_temperature_temp=0.1,phi4-mini:latest,38,"Explica en menos de 100 palabras la diferencia entre Inteligencia Artificial, Ma",0.1,0.75,40,"La Inteligencia Artificial (IA) es el conjunto general de tecnologías que permiten a las máquinas simular comportamientos inteligentes como los humanos. El Aprendizaje Automático (Machine Learning o ML), una rama del campo de la IA, se refiere al proceso mediante el cual un sistema aprende con datos",3533.7,104.89,3325.4,25,163,49.02,872,7.87,
2026-06-02T17:08:18.132190,exp_b_temperature_temp=0.1,phi4-mini:latest,39,"Explica en menos de 100 palabras la diferencia entre Inteligencia Artificial, Ma",0.1,0.75,40,"La **Inteligencia Artificial (IA)** se refiere a sistemas capaces de realizar tareas que normalmente requieren inteligencia humana, como el razonamiento y aprender del entorno.

El **Machine Learning** es una subrama de la IA donde los algoritmos aprenden de datos para mejorar su rendimiento en tare",2968.83,103.05,2773.42,25,135,48.68,715,7.87,
2026-06-02T17:08:20.739611,exp_b_temperature_temp=0.1,phi4-mini:latest,40,"Explica en menos de 100 palabras la diferencia entre Inteligencia Artificial, Ma",0.1,0.75,40,"La **Inteligencia Artificial (IA)** se refiere a sistemas capaces de realizar tareas que normalmente requieren inteligencia humana, como el razonamiento y aprender.

El **Machine Learning** es un subconjunto del campo de la IA donde los algoritmos aprenden de datos para mejorar su rendimiento en una",2599.7,101.74,2409.3,25,117,48.56,616,8.2,
2026-06-02T17:08:23.779431,exp_b_temperature_temp=0.1,phi4-mini:latest,41,"Explica en menos de 100 palabras la diferencia entre Inteligencia Artificial, Ma",0.1,0.75,40,"La Inteligencia Artificial (IA) es el conjunto general de sistemas capaces de realizar tareas que normalmente requieren inteligencia humana, como reconocer voz o lenguaje natural.

Machine Learning (ML), una rama del aprendizaje automático dentro de la IA, se refiere a algoritmos que aprenden y mejo",3030.41,104.74,2831.46,25,136,48.03,736,8.41,
2026-06-02T17:08:26.737791,exp_b_temperature_temp=0.1,phi4-mini:latest,42,"Explica en menos de 100 palabras la diferencia entre Inteligencia Artificial, Ma",0.1,0.75,40,"La **Inteligencia Artificial (IA)** se refiere a sistemas que realizan tareas típicas del intelecto humano como el razonamiento y el aprendizaje.

El **Machine Learning** es una rama de la IA donde los algoritmos aprenden de datos para mejorar su rendimiento en tareas específicas sin ser explícitame",2951.4,101.92,2758.14,25,135,48.95,697,8.3,
2026-06-02T17:08:29.531906,exp_b_temperature_temp=0.1,phi4-mini:latest,43,"Explica en menos de 100 palabras la diferencia entre Inteligencia Artificial, Ma",0.1,0.75,40,"La Inteligencia Artificial (IA) es el campo general que trata con sistemas inteligentes capaces de realizar tareas que normalmente requieren inteligencia humana.

Machine Learning (ML), una rama del aprendizaje automático dentro de la IA, se refiere al proceso mediante el cual los algoritmos aprende",2785.8,103.22,2594.49,25,125,48.18,676,8.22,
2026-06-02T17:08:32.784509,exp_b_temperature_temp=0.1,phi4-mini:latest,44,"Explica en menos de 100 palabras la diferencia entre Inteligencia Artificial, Ma",0.1,0.75,40,La Inteligencia Artificial (IA) se refiere al conjunto de tecnologías que permiten a las máquinas simular comportamientos inteligentes como los humanos. El Aprendizaje Automático es un subcampo del IA donde el sistema aprende y mejora su rendimiento con base en datos sin ser explícitamente programad,3238.08,104.36,3030.61,25,147,48.51,780,7.67,
2026-06-02T17:08:35.451711,exp_b_temperature_temp=0.1,phi4-mini:latest,45,"Explica en menos de 100 palabras la diferencia entre Inteligencia Artificial, Ma",0.1,0.75,40,"La Inteligencia Artificial (IA) es el campo general que trata con sistemas inteligentes capaces de realizar tareas que normalmente requieren inteligencia humana.

El Aprendizaje Automático (Machine Learning o ML), una rama del IA, se refiere al proceso mediante el cual los algoritmos aprenden a part",2659.37,102.09,2461.5,25,118,47.94,611,8.31,
2026-06-02T17:08:39.448268,exp_b_temperature_temp=0.1,phi4-mini:latest,46,"Explica en menos de 100 palabras la diferencia entre Inteligencia Artificial, Ma",0.1,0.75,40,La Inteligencia Artificial (IA) es el conjunto general de tecnologías que permiten a las máquinas simular comportamientos inteligentes como los humanos. El Aprendizaje Automático (Machine Learning o ML) es un subconjunto del IA donde las máquinas aprenden y mejoran su rendimiento con la experiencia ,3989.04,107.36,3765.47,25,183,48.6,959,7.94,
2026-06-02T17:08:43.292022,exp_b_temperature_temp=0.1,phi4-mini:latest,47,"Explica en menos de 100 palabras la diferencia entre Inteligencia Artificial, Ma",0.1,0.75,40,"La Inteligencia Artificial (IA) es el conjunto general de tecnologías que permiten a las máquinas simular comportamientos inteligentes como los humanos. El Aprendizaje Automático (Machine Learning o ML), una rama del campo de la IA, se refiere al proceso mediante el cual un sistema aprende de datos ",3831.0,102.43,3613.71,25,171,47.32,884,7.86,
2026-06-02T17:08:45.468276,exp_b_temperature_temp=0.1,phi4-mini:latest,48,"Explica en menos de 100 palabras la diferencia entre Inteligencia Artificial, Ma",0.1,0.75,40,"La Inteligencia Artificial (IA) es el campo general que trata con sistemas capaces de realizar tareas típicamente humanas como aprender y razonar. El Aprendizaje Automático (Machine Learning o ML), una rama del IA, implica a los algoritmos aprendiendo de datos para mejorar su rendimiento sin codific",2167.78,101.28,1994.64,25,98,49.13,494,8.39,
2026-06-02T17:08:48.236006,exp_b_temperature_temp=0.1,phi4-mini:latest,49,"Explica en menos de 100 palabras la diferencia entre Inteligencia Artificial, Ma",0.1,0.75,40,"La **Inteligencia Artificial (IA)** se refiere a sistemas capaces de realizar tareas que normalmente requieren inteligencia humana, como el razonamiento y el aprendizaje.

El **Machine Learning** es una subcampo de la IA donde los algoritmos aprenden de datos para tomar decisiones o ejecutar tareas ",2760.4,105.55,2569.96,25,126,49.03,670,8.18,
2026-06-02T17:08:51.142017,exp_b_temperature_temp=0.1,phi4-mini:latest,50,"Explica en menos de 100 palabras la diferencia entre Inteligencia Artificial, Ma",0.1,0.75,40,"La **Inteligencia Artificial (IA)** se refiere a sistemas capaces de realizar tareas que normalmente requieren inteligencia humana, como el razonamiento y el aprendizaje.

El **Machine Learning** es una rama del campo de la IA donde los algoritmos aprenden de datos para mejorar su rendimiento en tar",2898.15,102.4,2707.37,25,133,49.13,700,8.11,
2026-06-02T17:08:54.093573,exp_b_temperature_temp=0.1,phi4-mini:latest,51,"Explica en menos de 100 palabras la diferencia entre Inteligencia Artificial, Ma",0.1,0.75,40,"La **Inteligencia Artificial (IA)** se refiere a sistemas capaces de realizar tareas que normalmente requieren inteligencia humana, como el razonamiento y el aprendizaje.

El **Machine Learning** es una subcampo de la IA donde los algoritmos aprenden de datos para mejorar su rendimiento en tareas es",2943.53,102.53,2750.84,25,135,49.08,727,8.13,
2026-06-02T17:08:56.363820,exp_b_temperature_temp=0.1,phi4-mini:latest,52,"Explica en menos de 100 palabras la diferencia entre Inteligencia Artificial, Ma",0.1,0.75,40,"La Inteligencia Artificial (IA) se refiere a sistemas que realizan tareas típicas de seres humanos como el razonamiento y aprender con experiencia. El Aprendizaje Automático es un subcampo de la IA donde los algoritmos aprenden de datos para tomar decisiones sin ser explícitamente programados, mejor",2261.58,108.44,2079.24,25,102,49.06,541,8.31,
2026-06-02T17:08:58.720280,exp_b_temperature_temp=0.1,phi4-mini:latest,53,"Explica en menos de 100 palabras la diferencia entre Inteligencia Artificial, Ma",0.1,0.75,40,"La Inteligencia Artificial (IA) es el campo general que trata con sistemas inteligentes capaces de realizar tareas que normalmente requieren inteligencia humana.

Machine Learning (ML), una rama del aprendizaje automático dentro de la IA, se refiere a algoritmos que aprenden y mejoran su rendimiento",2349.21,99.18,2169.99,25,105,48.39,569,8.7,
2026-06-02T17:09:02.580927,exp_b_temperature_temp=0.1,phi4-mini:latest,54,"Explica en menos de 100 palabras la diferencia entre Inteligencia Artificial, Ma",0.1,0.75,40,"La Inteligencia Artificial (IA) es el campo general que trata con sistemas inteligentes capaces de realizar tareas que normalmente requieren inteligencia humana.

El Aprendizaje Automático (Machine Learning o ML), una rama del IA, se refiere al proceso mediante el cual los algoritmos aprenden a part",3852.54,99.53,3639.31,25,177,48.64,942,7.92,
2026-06-02T17:09:05.332711,exp_b_temperature_temp=0.1,phi4-mini:latest,55,"Explica en menos de 100 palabras la diferencia entre Inteligencia Artificial, Ma",0.1,0.75,40,"La Inteligencia Artificial (IA) es el campo general que trata con sistemas inteligentes capaces de realizar tareas que normalmente requieren inteligencia humana.

El Aprendizaje Automático (Machine Learning - ML), una rama del IA, se centra en crear modelos para hacer predicciones o tomar decisiones",2744.04,104.91,2553.26,25,125,48.96,684,8.62,
2026-06-02T17:09:08.330850,exp_b_temperature_temp=0.1,phi4-mini:latest,56,"Explica en menos de 100 palabras la diferencia entre Inteligencia Artificial, Ma",0.1,0.75,40,"La **Inteligencia Artificial (IA)** se refiere a sistemas que realizan tareas típicas del intelecto humano como el razonamiento y el aprendizaje.

El **Machine Learning** es una rama de la IA donde los algoritmos aprenden automáticamente de datos sin ser explícitamente programados, mejorando su rend",2990.57,105.26,2793.02,25,137,49.05,720,8.61,
2026-06-02T17:09:10.771409,exp_b_temperature_temp=0.1,phi4-mini:latest,57,"Explica en menos de 100 palabras la diferencia entre Inteligencia Artificial, Ma",0.1,0.75,40,La Inteligencia Artificial (IA) es el conjunto general de tecnologías que permiten a las máquinas simular comportamientos inteligentes como los humanos. El Aprendizaje Automático (Machine Learning o ML) es un subconjunto del IA donde las máquinas aprenden y mejoran su rendimiento con la experiencia ,2433.38,101.6,2253.83,25,111,49.25,601,8.5,
2026-06-02T17:09:14.212868,exp_b_temperature_temp=0.1,phi4-mini:latest,58,"Explica en menos de 100 palabras la diferencia entre Inteligencia Artificial, Ma",0.1,0.75,40,"La Inteligencia Artificial (IA) es el campo general que trata con sistemas inteligentes capaces de realizar tareas que normalmente requieren inteligencia humana.

El Aprendizaje Automático (Machine Learning o ML), una rama del IA, se refiere a algoritmos que aprenden y mejoran su rendimiento mediant",3434.27,102.77,3229.24,25,158,48.93,842,7.95,
2026-06-02T17:09:17.451760,exp_b_temperature_temp=0.1,phi4-mini:latest,59,"Explica en menos de 100 palabras la diferencia entre Inteligencia Artificial, Ma",0.1,0.75,40,"La Inteligencia Artificial (IA) se refiere a sistemas capaces de realizar tareas que normalmente requieren inteligencia humana, como el razonamiento y aprender del entorno.

Machine Learning es una rama de la IA donde los algoritmos aprenden de datos para tomar decisiones o realizar predicciones sin",3229.28,101.87,3030.74,25,148,48.83,803,7.99,
2026-06-02T17:09:21.076168,exp_b_temperature_temp=0.1,phi4-mini:latest,60,"Explica en menos de 100 palabras la diferencia entre Inteligencia Artificial, Ma",0.1,0.75,40,"La Inteligencia Artificial (IA) es el conjunto general de tecnologías que permiten a las máquinas simular comportamientos inteligentes como los humanos. El Aprendizaje Automático (Machine Learning o ML), una rama del campo de la IA, se refiere al proceso mediante el cual un sistema aprende con datos",3615.92,105.64,3404.45,25,167,49.05,913,7.88,
2026-06-02T17:09:24.495823,exp_b_temperature_temp=0.1,phi4-mini:latest,61,"Explica en menos de 100 palabras la diferencia entre Inteligencia Artificial, Ma",0.1,0.75,40,"La Inteligencia Artificial (IA) es el campo general que trata con sistemas inteligentes capaces de realizar tareas que normalmente requieren inteligencia humana.

El Aprendizaje Automático (Machine Learning - ML) es una subrama de la IA donde los algoritmos aprenden a partir del datos, mejorando su ",3411.76,105.06,3206.08,25,157,48.97,842,8.19,
2026-06-02T17:09:27.400558,exp_b_temperature_temp=0.1,phi4-mini:latest,62,"Explica en menos de 100 palabras la diferencia entre Inteligencia Artificial, Ma",0.1,0.75,40,"La **Inteligencia Artificial (IA)** se refiere a sistemas que realizan tareas típicas del intelecto humano como el razonamiento y el aprendizaje.

El **Machine Learning** es una rama de la IA donde los algoritmos aprenden de datos para tomar decisiones o realizar predicciones sin ser explícitamente ",2897.47,103.2,2704.81,25,133,49.17,673,8.58,
2026-06-02T17:09:30.433692,exp_b_temperature_temp=0.1,phi4-mini:latest,63,"Explica en menos de 100 palabras la diferencia entre Inteligencia Artificial, Ma",0.1,0.75,40,"La Inteligencia Artificial (IA) es el conjunto general de tecnologías que permiten a las máquinas simular comportamientos inteligentes como los humanos.

El Aprendizaje Automático (Machine Learning - ML), una rama del campo de la IA, se refiere al proceso mediante el cual un sistema aprende de datos",3026.27,101.66,2833.32,25,139,49.06,744,8.56,
2026-06-02T17:09:33.365501,exp_b_temperature_temp=0.1,phi4-mini:latest,64,"Explica en menos de 100 palabras la diferencia entre Inteligencia Artificial, Ma",0.1,0.75,40,"La **Inteligencia Artificial (IA)** se refiere a sistemas que pueden realizar tareas típicas del intelecto humano como el razonamiento y aprender con experiencia.

El **Machine Learning** es un subconjunto de la IA donde los algoritmos aprenden de datos para tomar decisiones o realizar predicciones ",2924.94,105.0,2729.72,25,134,49.09,684,8.14,
2026-06-02T17:09:36.209132,exp_b_temperature_temp=0.1,phi4-mini:latest,65,"Explica en menos de 100 palabras la diferencia entre Inteligencia Artificial, Ma",0.1,0.75,40,"La **Inteligencia Artificial (IA)** se refiere al conjunto de tecnologías que permiten a las máquinas simular comportamientos inteligentes como los humanos.

El **Machine Learning** es una rama del campo de la IA donde los algoritmos aprenden y mejoran su rendimiento con el tiempo, basándose en dato",2836.55,103.3,2645.22,25,130,49.15,666,8.17,
2026-06-02T17:09:40.529157,exp_b_temperature_temp=0.1,phi4-mini:latest,66,"Explica en menos de 100 palabras la diferencia entre Inteligencia Artificial, Ma",0.1,0.75,40,"La Inteligencia Artificial (IA) es el campo general que busca crear máquinas capaces de realizar tareas que requieren inteligencia humana. El Aprendizaje Automático (Machine Learning o ML), una rama del IA, implica entrenar modelos con datos para hacer predicciones o tomar decisiones sin ser explíci",4312.74,102.78,4088.31,25,200,48.92,1057,8.07,
2026-06-02T17:09:42.886442,exp_b_temperature_temp=0.1,phi4-mini:latest,67,"Explica en menos de 100 palabras la diferencia entre Inteligencia Artificial, Ma",0.1,0.75,40,"La Inteligencia Artificial (IA) es el campo general que trata con sistemas inteligentes capaces de realizar tareas que normalmente requieren inteligencia humana.

El Aprendizaje Automático (Machine Learning o ML), una rama del IA, se refiere a algoritmos que aprenden y mejoran su rendimiento mediant",2350.44,101.54,2173.4,25,107,49.23,570,8.37,
2026-06-02T17:09:45.162689,exp_b_temperature_temp=0.1,phi4-mini:latest,68,"Explica en menos de 100 palabras la diferencia entre Inteligencia Artificial, Ma",0.1,0.75,40,La Inteligencia Artificial (IA) se refiere al conjunto de tecnologías que permiten a las máquinas simular comportamientos inteligentes como los humanos. El Aprendizaje Automático es una rama del campo de la IA donde el sistema aprende y mejora su rendimiento con la experiencia sin ser explícitamente,2269.0,102.33,2093.51,25,103,49.2,551,8.02,
2026-06-02T17:09:48.111952,exp_b_temperature_temp=0.1,phi4-mini:latest,69,"Explica en menos de 100 palabras la diferencia entre Inteligencia Artificial, Ma",0.1,0.75,40,"La **Inteligencia Artificial (IA)** se refiere a sistemas capaces de realizar tareas que normalmente requieren inteligencia humana, como el reconocimiento de voz o lenguaje natural.

El **Machine Learning** es una subrama de la IA donde los algoritmos aprenden y mejoran su rendimiento con la experie",2942.13,100.9,2750.86,25,135,49.08,709,8.14,
2026-06-02T17:09:50.513350,exp_b_temperature_temp=0.1,phi4-mini:latest,70,"Explica en menos de 100 palabras la diferencia entre Inteligencia Artificial, Ma",0.1,0.75,40,La Inteligencia Artificial (IA) es el conjunto general de sistemas capaces de realizar tareas que normalmente requieren inteligencia humana. El Aprendizaje Automático (Machine Learning o ML) es un subconjunto del IA donde los algoritmos aprenden a partir de datos sin ser explícitamente programados p,2394.87,102.8,2215.69,25,109,49.19,559,8.38,
2026-06-02T17:09:53.171274,exp_b_temperature_temp=0.1,phi4-mini:latest,71,"Explica en menos de 100 palabras la diferencia entre Inteligencia Artificial, Ma",0.1,0.75,40,"La **Inteligencia Artificial (IA)** se refiere a sistemas que realizan tareas típicamente humanas como el razonamiento y aprender con experiencias.

El **Machine Learning** es una subrama de la IA donde los algoritmos aprenden automáticamente del datos sin ser explícitamente programados, mejorando s",2650.08,102.26,2464.26,25,121,49.1,629,7.93,
2026-06-02T17:09:57.031853,exp_b_temperature_temp=0.1,phi4-mini:latest,72,"Explica en menos de 100 palabras la diferencia entre Inteligencia Artificial, Ma",0.1,0.75,40,"La Inteligencia Artificial (IA) se refiere al conjunto general de tecnologías que permiten a las máquinas simular comportamientos inteligentes como los humanos. El Aprendizaje Automático (Machine Learning o ML), es una rama del campo de la IA donde el sistema aprende y mejora su rendimiento con base",3852.42,103.23,3637.35,25,178,48.94,959,8.25,
2026-06-02T17:09:59.644254,exp_b_temperature_temp=0.1,phi4-mini:latest,73,"Explica en menos de 100 palabras la diferencia entre Inteligencia Artificial, Ma",0.1,0.75,40,"La Inteligencia Artificial (IA) es el campo general que trata con sistemas inteligentes capaces de realizar tareas que normalmente requieren inteligencia humana.

El Aprendizaje Automático (Machine Learning o ML), una rama del IA, se refiere al proceso mediante el cual los algoritmos aprenden a part",2605.31,103.32,2420.24,25,119,49.17,640,8.26,
2026-06-02T17:10:02.049944,exp_b_temperature_temp=0.1,phi4-mini:latest,74,"Explica en menos de 100 palabras la diferencia entre Inteligencia Artificial, Ma",0.1,0.75,40,"La Inteligencia Artificial (IA) es el campo general que trata con sistemas inteligentes capaces de realizar tareas que normalmente requieren inteligencia humana.

Machine Learning (ML), una rama del aprendizaje automático dentro de la IA, se refiere a algoritmos que aprenden y mejoran su rendimiento",2398.16,103.86,2217.57,25,109,49.15,598,8.61,
2026-06-02T17:10:04.323495,exp_b_temperature_temp=0.1,phi4-mini:latest,75,"Explica en menos de 100 palabras la diferencia entre Inteligencia Artificial, Ma",0.1,0.75,40,"La Inteligencia Artificial (IA) es el campo general que trata con sistemas inteligentes capaces de realizar tareas que normalmente requieren inteligencia humana.

Machine Learning (ML), una rama del aprendizaje automático dentro de la IA, se refiere a algoritmos que aprenden y mejoran su rendimiento",2266.23,103.4,2089.7,25,103,49.29,561,8.7,
2026-06-02T17:10:07.271018,exp_b_temperature_temp=0.1,phi4-mini:latest,76,"Explica en menos de 100 palabras la diferencia entre Inteligencia Artificial, Ma",0.1,0.75,40,"La **Inteligencia Artificial (IA)** se refiere a sistemas capaces de realizar tareas que normalmente requieren inteligencia humana, como el razonamiento y aprender.

El **Machine Learning** es una subrama de la IA donde los algoritmos aprenden de datos para mejorar su rendimiento en tareas específic",2940.66,103.27,2747.41,25,135,49.14,721,8.22,
2026-06-02T17:10:11.593940,exp_b_temperature_temp=0.1,phi4-mini:latest,77,"Explica en menos de 100 palabras la diferencia entre Inteligencia Artificial, Ma",0.1,0.75,40,"La **Inteligencia Artificial (IA)** se refiere a sistemas capaces de realizar tareas que normalmente requieren inteligencia humana, como el reconocimiento de voz o lenguaje natural.

El **Machine Learning (ML)** es una subcampo de la IA donde los algoritmos aprenden y mejoran su rendimiento con la e",4315.59,102.37,4090.67,25,200,48.89,1058,8.42,
2026-06-02T17:10:14.142189,exp_b_temperature_temp=0.1,phi4-mini:latest,78,"Explica en menos de 100 palabras la diferencia entre Inteligencia Artificial, Ma",0.1,0.75,40,La Inteligencia Artificial (IA) se refiere a sistemas que pueden realizar tareas típicas de seres humanos como el razonamiento y aprender del entorno. El Aprendizaje Automático es una rama específica de la IA donde los algoritmos aprenden de datos para tomar decisiones o ejecutar tareas sin instrucc,2541.33,103.16,2357.87,25,116,49.2,623,8.34,
2026-06-02T17:10:17.896433,exp_b_temperature_temp=0.1,phi4-mini:latest,79,"Explica en menos de 100 palabras la diferencia entre Inteligencia Artificial, Ma",0.1,0.75,40,"La Inteligencia Artificial (IA) es el conjunto general de tecnologías que permiten a las máquinas simular comportamientos inteligentes como los humanos. El Aprendizaje Automático (Machine Learning o ML), una rama del campo de la IA, se refiere al proceso mediante el cual un sistema aprende de datos ",3745.5,100.97,3534.34,25,172,48.67,903,7.87,
2026-06-02T17:10:20.936616,exp_b_temperature_temp=0.1,phi4-mini:latest,80,"Explica en menos de 100 palabras la diferencia entre Inteligencia Artificial, Ma",0.1,0.75,40,"La **Inteligencia Artificial (IA)** se refiere a sistemas capaces de realizar tareas que normalmente requieren inteligencia humana, como el razonamiento y aprender del entorno.

El **Machine Learning** es una subcampo de la IA donde los algoritmos aprenden de datos para mejorar su rendimiento en tar",3032.04,107.89,2829.18,25,136,48.07,714,7.84,
2026-06-02T17:10:23.412623,exp_b_temperature_temp=0.1,phi4-mini:latest,81,"Explica en menos de 100 palabras la diferencia entre Inteligencia Artificial, Ma",0.1,0.75,40,La Inteligencia Artificial (IA) es el conjunto general de tecnologías que permiten a las máquinas simular comportamientos inteligentes como los humanos. El Aprendizaje Automático (Machine Learning o ML) es un subconjunto del IA donde las máquinas aprenden y mejoran su rendimiento con la experiencia ,2468.3,101.18,2284.72,25,109,47.71,564,8.29,
2026-06-02T17:10:25.902895,exp_b_temperature_temp=0.1,phi4-mini:latest,82,"Explica en menos de 100 palabras la diferencia entre Inteligencia Artificial, Ma",0.1,0.75,40,La Inteligencia Artificial (IA) es el conjunto general de sistemas capaces de realizar tareas que normalmente requieren inteligencia humana. El Aprendizaje Automático (Machine Learning o ML) se trata del proceso mediante el cual los algoritmos aprenden a partir de datos para mejorar su rendimiento c,2482.53,101.36,2300.95,25,112,48.68,608,8.25,
2026-06-02T17:10:28.652368,exp_b_temperature_temp=0.1,phi4-mini:latest,83,"Explica en menos de 100 palabras la diferencia entre Inteligencia Artificial, Ma",0.1,0.75,40,"La **Inteligencia Artificial (IA)** se refiere a sistemas capaces de realizar tareas que normalmente requieren inteligencia humana, como el razonamiento y aprender con experiencias.

El **Machine Learning** es una subrama de la IA donde los algoritmos aprenden de datos para mejorar su rendimiento en",2742.95,99.46,2555.47,25,124,48.52,679,7.93,
2026-06-02T17:10:31.143164,exp_b_temperature_temp=0.1,phi4-mini:latest,84,"Explica en menos de 100 palabras la diferencia entre Inteligencia Artificial, Ma",0.1,0.75,40,La Inteligencia Artificial (IA) se refiere al conjunto de tecnologías que permiten a las máquinas simular comportamientos inteligentes como los humanos. El Aprendizaje Automático es una rama del campo de la IA donde el sistema aprende y mejora su rendimiento con base en datos sin ser explícitamente ,2483.75,101.76,2296.54,25,110,47.9,596,7.98,
2026-06-02T17:10:33.527274,exp_b_temperature_temp=0.1,phi4-mini:latest,85,"Explica en menos de 100 palabras la diferencia entre Inteligencia Artificial, Ma",0.1,0.75,40,"La Inteligencia Artificial (IA) se refiere al conjunto de tecnologías que permiten a las máquinas simular comportamientos inteligentes como los humanos. El Aprendizaje Automático (Machine Learning o ML), es una rama del campo de la IA donde el sistema aprende y mejora su rendimiento con la experienc",2373.38,112.96,2175.42,25,104,47.81,553,8.32,
2026-06-02T17:10:36.068411,exp_b_temperature_temp=0.1,phi4-mini:latest,86,"Explica en menos de 100 palabras la diferencia entre Inteligencia Artificial, Ma",0.1,0.75,40,"La Inteligencia Artificial (IA) es el campo general que trata con sistemas inteligentes capaces de realizar tareas que normalmente requieren inteligencia humana.

El Aprendizaje Automático (Machine Learning - ML), una rama del IA, se centra en desarrollar algoritmos que aprenden a partir de datos pa",2533.42,110.9,2337.63,25,113,48.34,611,8.26,
2026-06-02T17:10:38.547696,exp_b_temperature_temp=0.1,phi4-mini:latest,87,"Explica en menos de 100 palabras la diferencia entre Inteligencia Artificial, Ma",0.1,0.75,40,La Inteligencia Artificial (IA) es el conjunto general de sistemas capaces de realizar tareas que normalmente requieren inteligencia humana. El Aprendizaje Automático (Machine Learning o ML) es un subconjunto del IA donde los algoritmos aprenden a partir de datos sin ser explícitamente programados p,2468.18,97.8,2288.59,25,111,48.5,577,8.51,
2026-06-02T17:10:40.986537,exp_b_temperature_temp=0.1,phi4-mini:latest,88,"Explica en menos de 100 palabras la diferencia entre Inteligencia Artificial, Ma",0.1,0.75,40,"La Inteligencia Artificial (IA) es el campo general que trata con sistemas inteligentes capaces de realizar tareas que normalmente requieren inteligencia humana.

El Aprendizaje Automático (Machine Learning o ML), una rama del IA, se refiere a algoritmos que aprenden y mejoran su rendimiento mediant",2430.67,99.93,2244.08,25,107,47.68,570,8.37,
2026-06-02T17:10:44.691736,exp_b_temperature_temp=0.1,phi4-mini:latest,89,"Explica en menos de 100 palabras la diferencia entre Inteligencia Artificial, Ma",0.1,0.75,40,"La Inteligencia Artificial (IA) es el campo general que trata con sistemas inteligentes capaces de realizar tareas que normalmente requieren inteligencia humana.

El Aprendizaje Automático (Machine Learning o ML), una rama del IA, se refiere al proceso mediante el cual los algoritmos aprenden a part",3697.86,101.58,3484.67,25,169,48.5,894,8.11,
2026-06-02T17:10:47.562851,exp_b_temperature_temp=0.1,phi4-mini:latest,90,"Explica en menos de 100 palabras la diferencia entre Inteligencia Artificial, Ma",0.1,0.75,40,"La Inteligencia Artificial (IA) es el campo general que trata con sistemas inteligentes capaces de realizar tareas que normalmente requieren inteligencia humana.

El Aprendizaje Automático (Machine Learning o ML), una rama del IA, implica a los sistemas aprender y mejorar su rendimiento en la realiz",2863.45,102.36,2673.48,25,131,49.0,709,8.18,
2026-06-02T17:10:50.218685,exp_b_temperature_temp=0.1,phi4-mini:latest,91,"Explica en menos de 100 palabras la diferencia entre Inteligencia Artificial, Ma",0.1,0.75,40,"La Inteligencia Artificial (IA) es el campo general que trata con sistemas inteligentes capaces de realizar tareas que normalmente requieren inteligencia humana.

Machine Learning (ML), una rama del aprendizaje automático dentro de la IA, se refiere a algoritmos que aprenden y mejoran su rendimiento",2647.1,106.11,2456.43,25,120,48.85,653,8.26,
2026-06-02T17:10:52.697619,exp_b_temperature_temp=0.1,phi4-mini:latest,92,"Explica en menos de 100 palabras la diferencia entre Inteligencia Artificial, Ma",0.1,0.75,40,"La Inteligencia Artificial (IA) es el campo general que trata con sistemas inteligentes capaces de realizar tareas que normalmente requieren inteligencia humana.

El Aprendizaje Automático (Machine Learning o ML), una rama del IA, se refiere a algoritmos que aprenden y mejoran su rendimiento mediant",2470.99,105.41,2286.75,25,112,48.98,587,8.35,
2026-06-02T17:10:55.107505,exp_b_temperature_temp=0.1,phi4-mini:latest,93,"Explica en menos de 100 palabras la diferencia entre Inteligencia Artificial, Ma",0.1,0.75,40,La Inteligencia Artificial (IA) es el conjunto general de sistemas capaces de realizar tareas que normalmente requieren inteligencia humana. El Aprendizaje Automático (Machine Learning o ML) es un subconjunto del IA donde los algoritmos aprenden a partir de datos sin ser explícitamente programados p,2402.0,104.63,2219.76,25,109,49.1,559,8.38,
2026-06-02T17:10:57.638126,exp_b_temperature_temp=0.1,phi4-mini:latest,94,"Explica en menos de 100 palabras la diferencia entre Inteligencia Artificial, Ma",0.1,0.75,40,La Inteligencia Artificial (IA) se refiere al conjunto de tecnologías que permiten a las máquinas simular comportamientos inteligentes como los humanos. El Aprendizaje Automático es una rama del campo de la IA donde el sistema aprende y mejora su rendimiento con base en datos sin ser explícitamente ,2522.3,103.66,2339.3,25,115,49.16,609,7.84,
2026-06-02T17:11:00.362294,exp_b_temperature_temp=0.1,phi4-mini:latest,95,"Explica en menos de 100 palabras la diferencia entre Inteligencia Artificial, Ma",0.1,0.75,40,"La **Inteligencia Artificial (IA)** se refiere a sistemas capaces de realizar tareas que normalmente requieren inteligencia humana, como el razonamiento y aprender.

El **Machine Learning** es una subcampo de la IA donde los algoritmos aprenden de datos para mejorar su rendimiento en tareas específi",2716.99,103.7,2529.6,25,124,49.02,658,7.86,
2026-06-02T17:11:03.295802,exp_b_temperature_temp=0.1,phi4-mini:latest,96,"Explica en menos de 100 palabras la diferencia entre Inteligencia Artificial, Ma",0.1,0.75,40,"La Inteligencia Artificial (IA) es el campo general que trata con sistemas inteligentes capaces de realizar tareas que normalmente requieren inteligencia humana.

El Aprendizaje Automático (Machine Learning o ML) es una subrama de la IA donde los algoritmos aprenden a partir del datos, mejorando su ",2925.05,103.71,2732.61,25,134,49.04,702,8.51,
2026-06-02T17:11:05.917456,exp_b_temperature_temp=0.1,phi4-mini:latest,97,"Explica en menos de 100 palabras la diferencia entre Inteligencia Artificial, Ma",0.1,0.75,40,"La Inteligencia Artificial (IA) es el campo general que busca crear máquinas capaces de realizar tareas que normalmente requieren inteligencia humana.

El Aprendizaje Automático (Machine Learning o ML), una rama del IA, se centra en desarrollar algoritmos que aprenden y mejoran su rendimiento con la",2614.26,105.96,2425.89,25,119,49.05,648,8.26,
2026-06-02T17:11:08.682360,exp_b_temperature_temp=0.1,phi4-mini:latest,98,"Explica en menos de 100 palabras la diferencia entre Inteligencia Artificial, Ma",0.1,0.75,40,"La **Inteligencia Artificial (IA)** se refiere al conjunto de tecnologías que permiten a las máquinas simular comportamientos inteligentes como los humanos.

El **Machine Learning** es una rama del campo de la IA donde los algoritmos aprenden y mejoran su rendimiento con el tiempo, basándose en dato",2757.62,102.2,2569.87,25,126,49.03,659,8.27,
2026-06-02T17:11:11.632228,exp_b_temperature_temp=0.1,phi4-mini:latest,99,"Explica en menos de 100 palabras la diferencia entre Inteligencia Artificial, Ma",0.1,0.75,40,"La **Inteligencia Artificial (IA)** se refiere a sistemas capaces de realizar tareas que normalmente requieren inteligencia humana, como el reconocimiento de voz o lenguaje natural.

El **Machine Learning** es una subcampo de la IA donde los algoritmos aprenden y mejoran su rendimiento con la experi",2942.34,101.74,2750.79,25,135,49.08,710,8.14,
2026-06-02T17:11:14.234147,exp_b_temperature_temp=0.1,phi4-mini:latest,100,"Explica en menos de 100 palabras la diferencia entre Inteligencia Artificial, Ma",0.1,0.75,40,"La Inteligencia Artificial (IA) es el campo general que trata con sistemas inteligentes capaces de realizar tareas que normalmente requieren inteligencia humana.

El Aprendizaje Automático (Machine Learning - ML), una rama del IA, se centra en desarrollar algoritmos que aprenden y mejoran su rendimi",2588.59,103.24,2404.23,25,118,49.08,641,8.59,
2026-06-02T17:11:17.184234,exp_b_temperature_temp=0.5,phi4-mini:latest,1,"Explica en menos de 100 palabras la diferencia entre Inteligencia Artificial, Ma",0.5,0.75,40,La **Inteligencia Artificial (IA)** se refiere al conjunto de tecnologías computacionales diseñadas para realizar tareas que requieren inteligencia humana. El **Machine Learning (ML)** es un subconjunto del IA donde los sistemas aprenden y mejoran su rendimiento con la experiencia sin ser explícitam,2941.7,104.1,2748.05,25,135,49.13,746,8.05,
2026-06-02T17:11:21.075104,exp_b_temperature_temp=0.5,phi4-mini:latest,2,"Explica en menos de 100 palabras la diferencia entre Inteligencia Artificial, Ma",0.5,0.75,40,"La **Inteligencia Artificial (IA)** se refiere al desarrollo de máquinas capaces de realizar tareas que requieren inteligencia humana como aprender, razonar y percibir su entorno.

El **Machine Learning** es una rama del aprendizaje automático dentro de la IA donde los sistemas aprenden a partir de ",3882.38,103.63,3665.84,25,179,48.83,938,8.44,
2026-06-02T17:11:23.641391,exp_b_temperature_temp=0.5,phi4-mini:latest,3,"Explica en menos de 100 palabras la diferencia entre Inteligencia Artificial, Ma",0.5,0.75,40,"La Inteligencia Artificial (IA) se refiere a sistemas capaces de realizar tareas que requieren inteligencia humana, como el aprendizaje y la toma de decisiones.

El Aprendizaje Automático es una subcategoría del campo más amplio de la IA; involucra algoritmos en los cuales un sistema aprende de dato",2558.99,102.5,2371.4,25,116,48.92,616,7.65,
2026-06-02T17:11:27.862226,exp_b_temperature_temp=0.5,phi4-mini:latest,4,"Explica en menos de 100 palabras la diferencia entre Inteligencia Artificial, Ma",0.5,0.75,40,"La Inteligencia Artificial (IA) se refiere al conjunto general de tecnologías que simulan el comportamiento humano y realizan tareas típicas del pensamiento humano. El Aprendizaje Automático (Machine Learning o ML) es un subconjunto específico dentro de la IA, donde los sistemas aprenden a partir de",4213.1,104.54,3990.27,25,195,48.87,1074,7.97,
2026-06-02T17:11:30.941013,exp_b_temperature_temp=0.5,phi4-mini:latest,5,"Explica en menos de 100 palabras la diferencia entre Inteligencia Artificial, Ma",0.5,0.75,40,"La **Inteligencia Artificial (IA)** se refiere a sistemas capaces de realizar tareas que normalmente requieren inteligencia humana, como el razonamiento y el aprendizaje.

El **Machine Learning** es un subcampo de la IA donde los algoritmos aprenden automáticamente del datos sin ser explícitamente p",3071.02,101.07,2877.56,25,141,49.0,770,8.17,
2026-06-02T17:11:34.126267,exp_b_temperature_temp=0.5,phi4-mini:latest,6,"Explica en menos de 100 palabras la diferencia entre Inteligencia Artificial, Ma",0.5,0.75,40,"La **Inteligencia Artificial (IA)** se refiere a sistemas que pueden realizar tareas típicamente humanas como aprender, razonar y reconocer patrones.

El **Machine Learning** es una rama del campo de la IA donde los algoritmos aprenden automáticamente optimizando su rendimiento con cada nueva entrad",3177.56,102.95,2978.48,25,146,49.02,765,8.61,
2026-06-02T17:11:36.844587,exp_b_temperature_temp=0.5,phi4-mini:latest,7,"Explica en menos de 100 palabras la diferencia entre Inteligencia Artificial, Ma",0.5,0.75,40,"La **Inteligencia Artificial (IA)** es el conjunto general de tecnologías que permiten a los sistemas simular tareas inteligentes como los humanos.

El **Machine Learning** es una rama específica dentro de la IA donde se enseñan algoritmos para identificar patrones en datos y tomar decisiones con mí",2710.45,102.52,2522.95,25,124,49.15,683,8.22,
2026-06-02T17:11:38.958311,exp_b_temperature_temp=0.5,phi4-mini:latest,8,"Explica en menos de 100 palabras la diferencia entre Inteligencia Artificial, Ma",0.5,0.75,40,"La Inteligencia Artificial (IA) se refiere a sistemas capaces de realizar tareas que requieren inteligencia humana como el razonamiento y aprender del entorno.

Machine Learning es una rama de la IA donde los algoritmos aprenden con datos para mejorar su rendimiento en un tiempo sin necesidad de cod",2106.32,102.65,1933.97,25,95,49.12,509,8.41,
2026-06-02T17:11:42.037382,exp_b_temperature_temp=0.5,phi4-mini:latest,9,"Explica en menos de 100 palabras la diferencia entre Inteligencia Artificial, Ma",0.5,0.75,40,"La **Inteligencia Artificial (IA)** se refiere a sistemas capaces de realizar tareas que requieren inteligencia humana, como el reconocimiento de voz o lenguaje natural.

El **Machine Learning** es una subrama de la IA donde los algoritmos aprenden y mejoran con datos sin ser explícitamente programa",3071.2,104.18,2873.82,25,141,49.06,733,8.5,
2026-06-02T17:11:44.932528,exp_b_temperature_temp=0.5,phi4-mini:latest,10,"Explica en menos de 100 palabras la diferencia entre Inteligencia Artificial, Ma",0.5,0.75,40,"La **Inteligencia Artificial (IA)** se refiere a sistemas capaces de realizar tareas que normalmente requieren inteligencia humana, como el reconocimiento de voz o lenguaje natural.

El **Machine Learning** es un subcampo de la IA donde los algoritmos aprenden y mejoran su rendimiento con datos sin ",2887.49,105.75,2692.73,25,132,49.02,721,8.31,
2026-06-02T17:11:48.805336,exp_b_temperature_temp=0.5,phi4-mini:latest,11,"Explica en menos de 100 palabras la diferencia entre Inteligencia Artificial, Ma",0.5,0.75,40,"La Inteligencia Artificial (IA) es el conjunto general de tecnologías que permiten a los sistemas simular comportamientos humanos como pensar y aprender. El Aprendizaje Automático (Machine Learning o ML), una rama del campo de la IA, se refiere al proceso mediante el cual las máquinas aprenden con e",3864.51,103.94,3647.38,25,178,48.8,936,7.97,
2026-06-02T17:11:51.145783,exp_b_temperature_temp=0.5,phi4-mini:latest,12,"Explica en menos de 100 palabras la diferencia entre Inteligencia Artificial, Ma",0.5,0.75,40,"La Inteligencia Artificial (IA) es el conocimiento computacional sobre tareas que normalmente requieren inteligencia humana; incluye procesamiento de lenguaje natural y reconocimiento de patrones.

El Aprendizaje Automático (Machine Learning), una rama del aprendizaje automático, permite a las máqui",2332.61,103.22,2153.53,25,106,49.22,619,9.0,
2026-06-02T17:11:54.419427,exp_b_temperature_temp=0.5,phi4-mini:latest,13,"Explica en menos de 100 palabras la diferencia entre Inteligencia Artificial, Ma",0.5,0.75,40,"La **Inteligencia Artificial (IA)** es el conjunto general de tecnologías computacionales para simular inteligencia humana y realizar tareas que normalmente requieren inteligencia humana.

El **Machine Learning** es un subconjunto de IA donde los algoritmos aprenden a partir del datos sin ser explíc",3264.58,102.66,3063.67,25,150,48.96,846,8.11,
2026-06-02T17:11:58.748173,exp_b_temperature_temp=0.5,phi4-mini:latest,14,"Explica en menos de 100 palabras la diferencia entre Inteligencia Artificial, Ma",0.5,0.75,40,"La Inteligencia Artificial (IA) es el campo general enfocado en crear máquinas que puedan realizar tareas típicas del intelecto humano.

El Aprendizaje Automático (Machine Learning - ML), una subrama de la IA, se trata específicamente de diseñar sistemas capaces de aprender a partir de datos y mejor",4320.98,106.63,4091.98,25,200,48.88,1046,7.97,
2026-06-02T17:12:02.208258,exp_b_temperature_temp=0.5,phi4-mini:latest,15,"Explica en menos de 100 palabras la diferencia entre Inteligencia Artificial, Ma",0.5,0.75,40,"La **Inteligencia Artificial (IA)** se refiere al diseño de sistemas capaces de realizar tareas que normalmente requieren inteligencia humana, como el razonamiento y el aprendizaje.

El **Machine Learning** es un subconjunto de la IA donde los algoritmos aprenden a partir del datos sin ser explícita",3452.53,103.47,3247.61,25,159,48.96,846,8.44,
2026-06-02T17:12:04.842413,exp_b_temperature_temp=0.5,phi4-mini:latest,16,"Explica en menos de 100 palabras la diferencia entre Inteligencia Artificial, Ma",0.5,0.75,40,"La **Inteligencia Artificial (IA)** se refiere al estudio del comportamiento humano artificial y el proceso de crear máquinas que simulan inteligencia humana.

El **Machine Learning** es una subárea de la IA donde los sistemas aprenden a partir de datos sin ser explícitamente programados, mejorando ",2626.12,101.86,2441.52,25,120,49.15,607,7.98,
2026-06-02T17:12:07.349833,exp_b_temperature_temp=0.5,phi4-mini:latest,17,"Explica en menos de 100 palabras la diferencia entre Inteligencia Artificial, Ma",0.5,0.75,40,"La Inteligencia Artificial (IA) se refiere a sistemas capaces de realizar tareas que requieren inteligencia humana como el razonamiento y la percepción. El Aprendizaje Automático es un subconjunto del campo más amplio de la IA, donde los algoritmos aprendan de datos para mejorar su desempeño con el ",2500.08,104.38,2316.17,25,114,49.22,570,7.93,
2026-06-02T17:12:10.974586,exp_b_temperature_temp=0.5,phi4-mini:latest,18,"Explica en menos de 100 palabras la diferencia entre Inteligencia Artificial, Ma",0.5,0.75,40,"La **Inteligencia Artificial (IA)** es el estudio del comportamiento inteligente por computadora y sistemas, con capacidades como razonamiento lógico, aprendizaje, percepción sensorial, lenguaje natural, toma de decisiones y planificación.

El **Machine Learning** se trata específicamente dentro de ",3616.43,102.61,3407.89,25,167,49.0,900,8.49,
2026-06-02T17:12:13.910158,exp_b_temperature_temp=0.5,phi4-mini:latest,19,"Explica en menos de 100 palabras la diferencia entre Inteligencia Artificial, Ma",0.5,0.75,40,"La Inteligencia Artificial (IA) se refiere al desarrollo de sistemas capaces de realizar tareas que normalmente requieren inteligencia humana, como el razonamiento y el aprendizaje.

Machine Learning es un subconjunto del campo de la IA donde los algoritmos aprenden a partir de datos para tomar deci",2928.42,104.85,2733.04,25,134,49.03,737,8.36,
2026-06-02T17:12:16.797466,exp_b_temperature_temp=0.5,phi4-mini:latest,20,"Explica en menos de 100 palabras la diferencia entre Inteligencia Artificial, Ma",0.5,0.75,40,"La **Inteligencia Artificial (IA)** se refiere a sistemas o máquinas capaces de realizar tareas que normalmente requieren inteligencia humana, como el reconocimiento de voz y lenguaje natural.

El **Machine Learning** es una subcampo de la IA donde los algoritmos aprenden con datos para tomar decisi",2880.16,102.78,2688.55,25,132,49.1,735,8.86,
2026-06-02T17:12:21.121401,exp_b_temperature_temp=0.5,phi4-mini:latest,21,"Explica en menos de 100 palabras la diferencia entre Inteligencia Artificial, Ma",0.5,0.75,40,"La Inteligencia Artificial (IA) se refiere a sistemas capaces de realizar tareas que requieren inteligencia humana, como el reconocimiento de voz o lenguaje natural.

El Aprendizaje Automático (Machine Learning), una rama del campo más amplio de la IA, implica desarrollar algoritmos para permitir a ",4316.04,105.28,4089.13,25,200,48.91,1020,8.55,
2026-06-02T17:12:25.448108,exp_b_temperature_temp=0.5,phi4-mini:latest,22,"Explica en menos de 100 palabras la diferencia entre Inteligencia Artificial, Ma",0.5,0.75,40,"La **Inteligencia Artificial (IA)** se refiere a sistemas capaces de realizar tareas que requieren inteligencia humana como el aprendizaje, razonamiento y reconocimiento de patrones.

El **Machine Learning** es una rama del campo de la IA donde los algoritmos aprenden automáticamente y mejoran su re",4318.49,104.82,4090.64,25,200,48.89,1087,8.28,
2026-06-02T17:12:28.652845,exp_b_temperature_temp=0.5,phi4-mini:latest,23,"Explica en menos de 100 palabras la diferencia entre Inteligencia Artificial, Ma",0.5,0.75,40,"La **Inteligencia Artificial (IA)** es el campo amplio que busca crear máquinas capaces de realizar tareas que normalmente requieren inteligencia humana.

El **Machine Learning** (aprendizaje automático) es una técnica dentro del ámbito de la IA donde los sistemas aprenden a partir de datos, mejoran",3197.32,103.88,2997.66,25,147,49.04,766,8.55,
2026-06-02T17:12:31.370977,exp_b_temperature_temp=0.5,phi4-mini:latest,24,"Explica en menos de 100 palabras la diferencia entre Inteligencia Artificial, Ma",0.5,0.75,40,"La **Inteligencia Artificial (IA)** es el conjunto amplio de sistemas que pueden realizar tareas típicas del razonamiento humano como aprender, reconocer patrones y resolver problemas.

El **Machine Learning** es un subcampo dentro de la IA donde los algoritmos aprenden a partir de datos para mejora",2710.88,103.89,2522.41,25,124,49.16,674,8.38,
2026-06-02T17:12:34.428796,exp_b_temperature_temp=0.5,phi4-mini:latest,25,"Explica en menos de 100 palabras la diferencia entre Inteligencia Artificial, Ma",0.5,0.75,40,"La Inteligencia Artificial (IA) es el campo general que trata con sistemas capaces de realizar tareas inteligentes por sí mismos, como los humanos.

El Aprendizaje Automático (Machine Learning - ML), una rama del IA, implica desarrollar algoritmos para permitir a las máquinas aprender de datos y mej",3049.94,102.0,2855.81,25,140,49.02,718,8.28,
2026-06-02T17:12:37.316302,exp_b_temperature_temp=0.5,phi4-mini:latest,26,"Explica en menos de 100 palabras la diferencia entre Inteligencia Artificial, Ma",0.5,0.75,40,La Inteligencia Artificial (IA) es el concepto general que se refiere a máquinas capaces de realizar tareas que normalmente requieren inteligencia humana. El Aprendizaje Automático (Machine Learning o ML) es un subconjunto del campo de la IA donde los sistemas aprenden y mejoran su rendimiento con l,2880.18,102.53,2690.44,25,132,49.06,701,8.09,
2026-06-02T17:12:41.183348,exp_b_temperature_temp=0.5,phi4-mini:latest,27,"Explica en menos de 100 palabras la diferencia entre Inteligencia Artificial, Ma",0.5,0.75,40,"La **Inteligencia Artificial (IA)** se refiere al conjunto de tecnologías que permiten a los sistemas simular comportamientos inteligentes como humanos.

El **Machine Learning** es una rama del aprendizaje automático dentro de la IA donde los algoritmos aprenden y mejoran su rendimiento con el tiemp",3858.47,104.48,3640.51,25,178,48.89,927,8.36,
2026-06-02T17:12:44.216880,exp_b_temperature_temp=0.5,phi4-mini:latest,28,"Explica en menos de 100 palabras la diferencia entre Inteligencia Artificial, Ma",0.5,0.75,40,"La Inteligencia Artificial (IA) se refiere al conjunto general de tecnologías que simulan el razonamiento humano para realizar tareas como aprender, razonar y reconocer patrones. El Aprendizaje Automático (Machine Learning - ML), es una rama del campo más amplio de la IA; implica a las máquinas apre",3025.35,107.34,2824.25,25,138,48.86,730,8.23,
2026-06-02T17:12:46.721133,exp_b_temperature_temp=0.5,phi4-mini:latest,29,"Explica en menos de 100 palabras la diferencia entre Inteligencia Artificial, Ma",0.5,0.75,40,"La **Inteligencia Artificial (IA)** se refiere a sistemas capaces de realizar tareas que requieren inteligencia humana, como el razonamiento y aprender.

El **Machine Learning** es una rama del aprendizaje automático donde los algoritmos aprenden con datos para hacer predicciones o tomar decisiones ",2495.48,99.93,2311.68,25,113,48.88,593,8.52,
2026-06-02T17:12:49.232320,exp_b_temperature_temp=0.5,phi4-mini:latest,30,"Explica en menos de 100 palabras la diferencia entre Inteligencia Artificial, Ma",0.5,0.75,40,"La Inteligencia Artificial (IA) es el término general para sistemas que realizan tareas típicamente humanas, como aprender y razonar sobre datos. El Aprendizaje Automático (Machine Learning - ML), una rama del IA, se refiere a algoritmos que aprenden de los datos sin ser explícitamente programados; ",2497.51,105.02,2302.12,25,111,48.22,542,8.8,
2026-06-02T17:12:51.741334,exp_b_temperature_temp=0.5,phi4-mini:latest,31,"Explica en menos de 100 palabras la diferencia entre Inteligencia Artificial, Ma",0.5,0.75,40,La Inteligencia Artificial (IA) se refiere al conjunto de tecnologías que permiten a las máquinas simular comportamientos inteligentes como los humanos. El Aprendizaje Automático es una rama del campo de la IA donde el sistema aprende y mejora su rendimiento con base en datos sin ser explícitamente ,2501.35,102.77,2317.07,25,113,48.77,609,7.97,
2026-06-02T17:12:54.383460,exp_b_temperature_temp=0.5,phi4-mini:latest,32,"Explica en menos de 100 palabras la diferencia entre Inteligencia Artificial, Ma",0.5,0.75,40,"La **Inteligencia Artificial (IA)** es el estudio del comportamiento inteligente por parte de máquinas y sistemas automatizados.

El **Machine Learning** se trata de algoritmos que permiten a las máquinas aprender con datos sin ser explícitamente programadas para cada tarea específica; pueden identi",2626.09,104.3,2431.97,25,118,48.52,620,8.27,
2026-06-02T17:12:58.168149,exp_b_temperature_temp=0.5,phi4-mini:latest,33,"Explica en menos de 100 palabras la diferencia entre Inteligencia Artificial, Ma",0.5,0.75,40,"La **Inteligencia Artificial (IA)** se refiere a sistemas capaces de realizar tareas que normalmente requieren inteligencia humana, como el reconocimiento de voz o lenguaje natural.

El **Machine Learning (ML)** es un subconjunto del IA donde los algoritmos aprenden y mejoran su rendimiento con la e",3775.72,101.41,3559.92,25,172,48.32,933,7.97,
2026-06-02T17:13:01.838401,exp_b_temperature_temp=0.5,phi4-mini:latest,34,"Explica en menos de 100 palabras la diferencia entre Inteligencia Artificial, Ma",0.5,0.75,40,"La **Inteligencia Artificial (IA)** se refiere al desarrollo de sistemas computacionales capaces de realizar tareas que requieren inteligencia humana como el razonamiento y el aprendizaje. El **Machine Learning** es un subconjunto del campo de la IA donde los algoritmos aprenden a partir de datos, m",3663.05,100.87,3456.38,25,169,48.9,895,8.28,
2026-06-02T17:13:04.455024,exp_b_temperature_temp=0.5,phi4-mini:latest,35,"Explica en menos de 100 palabras la diferencia entre Inteligencia Artificial, Ma",0.5,0.75,40,"La Inteligencia Artificial (IA) es el conjunto general de sistemas capaces de realizar tareas que requieren inteligencia humana, como aprender y comprender información.

El Aprendizaje Automático (Machine Learning - ML) es una rama específica dentro de la IA donde los sistemas aprenden a partir del ",2609.46,105.99,2422.58,25,119,49.12,657,8.15,
2026-06-02T17:13:07.408879,exp_b_temperature_temp=0.5,phi4-mini:latest,36,"Explica en menos de 100 palabras la diferencia entre Inteligencia Artificial, Ma",0.5,0.75,40,"La **Inteligencia Artificial (IA)** es el campo general que trata con sistemas inteligentes capaces de realizar tareas típicas de seres humanos como pensar, razonar y aprender.

El **Machine Learning** es una subdisciplina de la IA donde los algoritmos aprenden a partir del datos en lugar de seguir ",2945.55,102.24,2752.71,25,135,49.04,708,8.34,
2026-06-02T17:13:09.940748,exp_b_temperature_temp=0.5,phi4-mini:latest,37,"Explica en menos de 100 palabras la diferencia entre Inteligencia Artificial, Ma",0.5,0.75,40,"La Inteligencia Artificial (IA) es el conjunto general de tecnologías para crear máquinas que simulen inteligencia humana. El Aprendizaje Automático (Machine Learning o ML) se refiere a un subconjunto del IA donde los sistemas aprenden y mejoran con la experiencia sin ser explícitamente programados,",2523.27,103.78,2339.97,25,115,49.15,606,8.64,
2026-06-02T17:13:12.154204,exp_b_temperature_temp=0.5,phi4-mini:latest,38,"Explica en menos de 100 palabras la diferencia entre Inteligencia Artificial, Ma",0.5,0.75,40,La Inteligencia Artificial (IA) es el conjunto general de tecnologías para crear máquinas que imitan habilidades humanas; el Aprendizaje Automático (Machine Learning o ML) se refiere a un subcampo del IA donde los sistemas aprenden y mejoran su rendimiento con la experiencia sin ser explícitamente p,2206.79,102.87,2031.82,25,100,49.22,500,8.36,
2026-06-02T17:13:14.915307,exp_b_temperature_temp=0.5,phi4-mini:latest,39,"Explica en menos de 100 palabras la diferencia entre Inteligencia Artificial, Ma",0.5,0.75,40,"La Inteligencia Artificial (IA) es el término general para sistemas capaces de realizar tareas que requieren inteligencia humana. El Aprendizaje Automático (Machine Learning o ML), una subcategoría de IA, se refiere a algoritmos diseñados para aprender y mejorar con la experiencia sin ser explícitam",2753.09,102.25,2565.9,25,126,49.11,671,8.18,
2026-06-02T17:13:17.389203,exp_b_temperature_temp=0.5,phi4-mini:latest,40,"Explica en menos de 100 palabras la diferencia entre Inteligencia Artificial, Ma",0.5,0.75,40,La Inteligencia Artificial (IA) es el campo general que busca crear máquinas capaces de realizar tareas que normalmente requieren inteligencia humana. El Aprendizaje Automático (Machine Learning o ML) es una subrama de la IA donde las máquinas aprenden a partir del datos sin ser programadas explícit,2466.03,107.45,2281.44,25,112,49.09,618,8.23,
2026-06-02T17:13:19.925174,exp_b_temperature_temp=0.5,phi4-mini:latest,41,"Explica en menos de 100 palabras la diferencia entre Inteligencia Artificial, Ma",0.5,0.75,40,"La Inteligencia Artificial (IA) es el conjunto general de tecnologías que permiten a las máquinas simular comportamientos inteligentes humanos. El Machine Learning (ML), un subconjunto del IA, se refiere al proceso mediante el cual los sistemas aprenden y mejoran su rendimiento basándose en datos si",2529.1,101.2,2339.0,25,114,48.74,576,8.58,
2026-06-02T17:13:22.284611,exp_b_temperature_temp=0.5,phi4-mini:latest,42,"Explica en menos de 100 palabras la diferencia entre Inteligencia Artificial, Ma",0.5,0.75,40,"La Inteligencia Artificial (IA) se refiere a sistemas que realizan tareas típicamente requeridas para humanos, como el reconocimiento de voz o imágenes.

El Aprendizaje Automático (Machine Learning - ML), un subconjunto de IA, implica algoritmos que aprenden y mejoran su rendimiento con la experienc",2352.59,102.09,2170.25,25,106,48.84,531,8.79,
2026-06-02T17:13:25.123586,exp_b_temperature_temp=0.5,phi4-mini:latest,43,"Explica en menos de 100 palabras la diferencia entre Inteligencia Artificial, Ma",0.5,0.75,40,"La **Inteligencia Artificial (IA)** se refiere a las máquinas que realizan tareas normalmente requeridas para inteligencia humana como aprender, razonar y tomar decisiones. El **Machine Learning (ML)** es una subrama del aprendizaje automático dentro de la IA donde los sistemas aprenden a partir de ",2827.31,100.74,2624.27,25,124,47.25,652,8.27,
2026-06-02T17:13:27.462354,exp_b_temperature_temp=0.5,phi4-mini:latest,44,"Explica en menos de 100 palabras la diferencia entre Inteligencia Artificial, Ma",0.5,0.75,40,"La Inteligencia Artificial (IA) se refiere al conjunto general de tecnologías que permiten a las máquinas simular comportamientos inteligentes como los humanos. El Aprendizaje Automático (Machine Learning - ML), es una subdisciplina de la IA, donde el sistema aprende y mejora con la experiencia sin ",2330.86,100.88,2148.75,25,105,48.87,561,8.29,
2026-06-02T17:13:29.834968,exp_b_temperature_temp=0.5,phi4-mini:latest,45,"Explica en menos de 100 palabras la diferencia entre Inteligencia Artificial, Ma",0.5,0.75,40,"La Inteligencia Artificial (IA) se refiere a sistemas capaces de realizar tareas que normalmente requieren inteligencia humana, como el aprendizaje y la toma de decisiones.

El Machine Learning es un subconjunto del campo de la IA donde los algoritmos aprenden automáticamente de datos sin ser explíc",2365.28,99.95,2187.81,25,106,48.45,570,8.55,
2026-06-02T17:13:32.538208,exp_b_temperature_temp=0.5,phi4-mini:latest,46,"Explica en menos de 100 palabras la diferencia entre Inteligencia Artificial, Ma",0.5,0.75,40,"La Inteligencia Artificial (IA) es el término general para sistemas capaces de realizar tareas que normalmente requieren inteligencia humana. El Machine Learning (ML) es una subrama de la IA donde los algoritmos aprenden y mejoran a partir del datos sin ser explícitamente programados, utilizando téc",2694.37,101.59,2504.57,25,121,48.31,617,8.28,
2026-06-02T17:13:35.575529,exp_b_temperature_temp=0.5,phi4-mini:latest,47,"Explica en menos de 100 palabras la diferencia entre Inteligencia Artificial, Ma",0.5,0.75,40,"La **Inteligencia Artificial (IA)** se refiere al estudio del comportamiento inteligente por computadora o sistemas automatizados, con el objetivo principal de replicar las funciones cognitivas humanas.

El **Machine Learning** es un subconjunto de la IA que permite a los algoritmos aprender y mejor",3030.44,102.55,2834.94,25,139,49.03,737,8.33,
2026-06-02T17:13:38.362405,exp_b_temperature_temp=0.5,phi4-mini:latest,48,"Explica en menos de 100 palabras la diferencia entre Inteligencia Artificial, Ma",0.5,0.75,40,"La **Inteligencia Artificial (IA)** se refiere al conjunto general de sistemas capaces de realizar tareas que requieren inteligencia humana como el razonamiento y el aprendizaje.

El **Machine Learning** es una rama específica dentro del campo de la IA donde los algoritmos aprenden a partir de datos",2778.99,104.46,2587.99,25,127,49.07,691,8.32,
2026-06-02T17:13:41.083008,exp_b_temperature_temp=0.5,phi4-mini:latest,49,"Explica en menos de 100 palabras la diferencia entre Inteligencia Artificial, Ma",0.5,0.75,40,"La **Inteligencia Artificial (IA)** se refiere a sistemas capaces de realizar tareas que requieren inteligencia humana como el razonamiento, aprendizaje y reconocimiento de patrones.

El **Machine Learning** es una rama del campo científico de la computación con enfoque en algoritmos que permiten a ",2713.06,103.56,2524.42,25,124,49.12,670,8.57,
2026-06-02T17:13:43.788158,exp_b_temperature_temp=0.5,phi4-mini:latest,50,"Explica en menos de 100 palabras la diferencia entre Inteligencia Artificial, Ma",0.5,0.75,40,"La **Inteligencia Artificial (IA)** es el conjunto general de tecnologías que permiten a las máquinas simular comportamientos inteligentes como los humanos.

El **Machine Learning** es una rama del campo científico de la IA donde se alimentan algoritmos con grandes cantidades de datos para identific",2698.02,101.93,2511.68,25,123,48.97,646,8.35,
2026-06-02T17:13:46.048246,exp_b_temperature_temp=0.5,phi4-mini:latest,51,"Explica en menos de 100 palabras la diferencia entre Inteligencia Artificial, Ma",0.5,0.75,40,"La Inteligencia Artificial (IA) se refiere al estudio del desarrollo y diseño de máquinas capaces de realizar tareas que normalmente requieren inteligencia humana.

Machine Learning es un subconjunto de la IA donde los sistemas aprenden a partir de datos para tomar decisiones o realizar acciones sin",2253.17,102.08,2078.17,25,102,49.08,568,8.29,
2026-06-02T17:13:49.506544,exp_b_temperature_temp=0.5,phi4-mini:latest,52,"Explica en menos de 100 palabras la diferencia entre Inteligencia Artificial, Ma",0.5,0.75,40,"La Inteligencia Artificial (IA) se refiere a sistemas capaces de realizar tareas que requieren inteligencia humana, como el razonamiento y el aprendizaje.

El Machine Learning es un subconjunto del campo más amplio de la IA, donde los algoritmos aprenden de datos para mejorar su rendimiento sin codi",3449.54,103.88,3240.78,25,158,48.75,839,8.3,
2026-06-02T17:13:51.916213,exp_b_temperature_temp=0.5,phi4-mini:latest,53,"Explica en menos de 100 palabras la diferencia entre Inteligencia Artificial, Ma",0.5,0.75,40,"La Inteligencia Artificial (IA) es el estudio del diseño y desarrollo de máquinas capaces de realizar tareas que normalmente requieren inteligencia humana.

El Aprendizaje Automático (Machine Learning - ML) es un subconjunto de la IA donde los sistemas aprenden a tomar decisiones sin ser explícitame",2402.24,107.27,2218.58,25,109,49.13,600,8.26,
2026-06-02T17:13:55.993296,exp_b_temperature_temp=0.5,phi4-mini:latest,54,"Explica en menos de 100 palabras la diferencia entre Inteligencia Artificial, Ma",0.5,0.75,40,"La Inteligencia Artificial (IA) es el conjunto general de tecnologías que permiten a las máquinas simular tareas inteligentes, como aprender y tomar decisiones.

Machine Learning (ML), una rama de la IA, se refiere al proceso mediante el cual los algoritmos aprenden a partir del datos sin ser explíc",4068.85,105.45,3845.77,25,188,48.88,992,7.97,
2026-06-02T17:13:59.429205,exp_b_temperature_temp=0.5,phi4-mini:latest,55,"Explica en menos de 100 palabras la diferencia entre Inteligencia Artificial, Ma",0.5,0.75,40,"La Inteligencia Artificial (IA) es el conjunto general de sistemas capaces de realizar tareas que normalmente requieren inteligencia humana; lo incluye tanto a los modelos de aprendizaje automático como las técnicas más tradicionales.

El Machine Learning (ML), una rama del campo de la IA, implica a",3428.59,104.33,3222.63,25,158,49.03,865,8.56,
2026-06-02T17:14:01.688004,exp_b_temperature_temp=0.5,phi4-mini:latest,56,"Explica en menos de 100 palabras la diferencia entre Inteligencia Artificial, Ma",0.5,0.75,40,"La **Inteligencia Artificial (IA)** se refiere a sistemas capaces de realizar tareas que requieren inteligencia humana como el razonamiento y el aprendizaje. El **Machine Learning** es un subcampo de la IA donde los algoritmos aprenden automáticamente de datos sin ser explícitamente programados, mej",2251.21,104.84,2072.87,25,102,49.21,517,8.36,
2026-06-02T17:14:04.600044,exp_b_temperature_temp=0.5,phi4-mini:latest,57,"Explica en menos de 100 palabras la diferencia entre Inteligencia Artificial, Ma",0.5,0.75,40,"La **Inteligencia Artificial (IA)** es el conjunto general de tecnologías diseñadas para simular capacidades cognitivas humanas como aprender y razonar.

El **Machine Learning** se trata específicamente del subcampo dentro de la IA que permite a los sistemas mejorar su rendimiento con la experiencia",2904.59,102.47,2713.41,25,133,49.02,724,7.98,
2026-06-02T17:14:08.434907,exp_b_temperature_temp=0.5,phi4-mini:latest,58,"Explica en menos de 100 palabras la diferencia entre Inteligencia Artificial, Ma",0.5,0.75,40,La Inteligencia Artificial (IA) se refiere al conjunto general de tecnologías que permiten a las máquinas simular comportamientos inteligentes similares a los humanos. El Aprendizaje Automático (Machine Learning o ML) es un subconjunto del campo de la IA donde el sistema aprende y mejora su rendimie,3827.34,102.71,3612.81,25,177,48.99,885,8.1,
2026-06-02T17:14:12.752634,exp_b_temperature_temp=0.5,phi4-mini:latest,59,"Explica en menos de 100 palabras la diferencia entre Inteligencia Artificial, Ma",0.5,0.75,40,"La Inteligencia Artificial (IA) es el conjunto general de tecnologías que simulan procesos cognitivos humanos para realizar tareas como aprender, razonar y percibir su entorno.

Machine Learning (ML), un subconjunto del campo más amplio de la IA, se centra en crear modelos estadísticos capaces de ha",4309.58,103.05,4090.2,25,200,48.9,1049,7.75,
2026-06-02T17:14:15.274383,exp_b_temperature_temp=0.5,phi4-mini:latest,60,"Explica en menos de 100 palabras la diferencia entre Inteligencia Artificial, Ma",0.5,0.75,40,"La **Inteligencia Artificial (IA)** es el conjunto general de tecnologías que permiten a las máquinas simular comportamientos inteligentes similares al humano, como reconocer voz o lenguaje natural.

El **Machine Learning** es una subrama de la IA donde los algoritmos aprenden de datos para tomar de",2509.99,97.75,2335.48,25,115,49.24,586,8.99,
2026-06-02T17:14:19.349467,exp_b_temperature_temp=0.5,phi4-mini:latest,61,"Explica en menos de 100 palabras la diferencia entre Inteligencia Artificial, Ma",0.5,0.75,40,"La **Inteligencia Artificial (IA)** se refiere al diseño de sistemas que pueden realizar tareas típicamente humanas, como aprender y tomar decisiones.

El **Machine Learning (ML)** es una subparte del campo más amplio de la IA, donde los algoritmos aprenden a partir de datos sin ser explícitamente p",4062.24,95.48,3853.05,25,188,48.79,986,8.27,
2026-06-02T17:14:21.774155,exp_b_temperature_temp=0.5,phi4-mini:latest,62,"Explica en menos de 100 palabras la diferencia entre Inteligencia Artificial, Ma",0.5,0.75,40,"La Inteligencia Artificial (IA) se refiere a sistemas capaces de realizar tareas que requieren inteligencia humana, como el razonamiento y la toma de decisiones. El Aprendizaje Automático es una rama del campo de la IA donde los algoritmos aprenden de datos para mejorar su desempeño con el tiempo si",2409.68,98.79,2235.87,25,110,49.2,569,7.84,
2026-06-02T17:14:24.885310,exp_b_temperature_temp=0.5,phi4-mini:latest,63,"Explica en menos de 100 palabras la diferencia entre Inteligencia Artificial, Ma",0.5,0.75,40,"La Inteligencia Artificial (IA) se refiere al conjunto general de sistemas capaces de realizar tareas que requieren inteligencia humana, como el aprendizaje, razonamiento y percepción.

Machine Learning es un subconjunto del campo de la IA donde los algoritmos aprenden a partir de datos sin ser expl",3101.56,95.5,2916.87,25,143,49.03,779,8.05,
2026-06-02T17:14:27.120132,exp_b_temperature_temp=0.5,phi4-mini:latest,64,"Explica en menos de 100 palabras la diferencia entre Inteligencia Artificial, Ma",0.5,0.75,40,"La Inteligencia Artificial (IA) se refiere a sistemas capaces de realizar tareas que normalmente requieren inteligencia humana, como el reconocimiento de voz o imágenes.

Machine Learning es una subrama de la IA donde los algoritmos aprenden y mejoran con la experiencia sin ser explícitamente progra",2221.58,102.91,2049.38,25,101,49.28,559,8.22,
2026-06-02T17:14:29.514308,exp_b_temperature_temp=0.5,phi4-mini:latest,65,"Explica en menos de 100 palabras la diferencia entre Inteligencia Artificial, Ma",0.5,0.75,40,"La **Inteligencia Artificial (IA)** se refiere al conjunto de sistemas capaces de realizar tareas que normalmente requieren inteligencia humana.

El **Machine Learning** es una rama del aprendizaje automático donde los algoritmos aprenden a partir de datos sin ser explícitamente programados para cad",2383.59,95.09,2215.3,25,109,49.2,599,8.61,
2026-06-02T17:14:33.720063,exp_b_temperature_temp=0.5,phi4-mini:latest,66,"Explica en menos de 100 palabras la diferencia entre Inteligencia Artificial, Ma",0.5,0.75,40,"La Inteligencia Artificial (IA) es el campo general que trata con sistemas capaces de realizar tareas inteligentes por sí mismos o a través del aprendizaje automático.

El Aprendizaje Automático (Machine Learning - ML), un subconjunto de la IA, se refiere al proceso mediante el cual los algoritmos a",4195.11,95.66,3984.92,25,195,48.93,985,8.23,
2026-06-02T17:14:38.035134,exp_b_temperature_temp=0.5,phi4-mini:latest,67,"Explica en menos de 100 palabras la diferencia entre Inteligencia Artificial, Ma",0.5,0.75,40,"La Inteligencia Artificial (IA) se refiere a sistemas que realizan tareas típicas de seres humanos como el aprendizaje y razonamiento. El Aprendizaje Automático es un subcampo de la IA donde los algoritmos aprenden haciendo con datos sin ser explícitamente programados para cada tarea específica, mej",4302.57,97.4,4087.74,25,200,48.93,1105,8.54,
2026-06-02T17:14:41.883788,exp_b_temperature_temp=0.5,phi4-mini:latest,68,"Explica en menos de 100 palabras la diferencia entre Inteligencia Artificial, Ma",0.5,0.75,40,"La **Inteligencia Artificial (IA)** se refiere al diseño inteligente para hacer que las máquinas imiten comportamientos humanos y procesos cognitivos como el aprendizaje, razonamiento, percepción o reconocimiento de patrones.

El **Machine Learning** es una rama del campo más amplio de la Inteligenc",3838.82,94.47,3636.3,25,178,48.95,940,8.23,
2026-06-02T17:14:44.239760,exp_b_temperature_temp=0.5,phi4-mini:latest,69,"Explica en menos de 100 palabras la diferencia entre Inteligencia Artificial, Ma",0.5,0.75,40,"La Inteligencia Artificial (IA) es el estudio del desarrollo de sistemas computacionales capaces de realizar tareas que normalmente requieren inteligencia humana.

Machine Learning (ML), un subconjunto de IA, se refiere al proceso mediante el cual los algoritmos aprenden a partir de datos para hacer",2342.13,96.38,2172.88,25,107,49.24,582,8.12,
2026-06-02T17:14:47.202319,exp_b_temperature_temp=0.5,phi4-mini:latest,70,"Explica en menos de 100 palabras la diferencia entre Inteligencia Artificial, Ma",0.5,0.75,40,"La Inteligencia Artificial (IA) se refiere a las tecnologías que permiten a los sistemas simular tareas intelectuales humanas: aprendizaje automático y procesamiento del lenguaje natural son subcampos de la IA.

El Machine Learning es un subconjunto de la IA donde los algoritmos aprenden de datos pa",2950.28,97.69,2765.6,25,136,49.18,727,8.44,
2026-06-02T17:14:49.741229,exp_b_temperature_temp=0.5,phi4-mini:latest,71,"Explica en menos de 100 palabras la diferencia entre Inteligencia Artificial, Ma",0.5,0.75,40,La **Inteligencia Artificial (IA)** se refiere a sistemas que pueden realizar tareas que requieren inteligencia humana como el razonamiento y el aprendizaje. El **Machine Learning** es una rama del IA donde los algoritmos aprenden de datos para mejorar su desempeño en tareas específicas sin ser expl,2530.55,95.13,2358.38,25,116,49.19,613,8.32,
2026-06-02T17:14:54.073408,exp_b_temperature_temp=0.5,phi4-mini:latest,72,"Explica en menos de 100 palabras la diferencia entre Inteligencia Artificial, Ma",0.5,0.75,40,"La Inteligencia Artificial (IA) es el término general para sistemas que realizan tareas inteligentes típicamente realizadas por humanos, como aprender y tomar decisiones.

El Aprendizaje Automático (ML), una rama del campo más amplio de ciencia de datos, se refiere al proceso mediante el cual los si",4313.61,96.59,4095.74,25,200,48.83,1073,7.88,
2026-06-02T17:14:57.768184,exp_b_temperature_temp=0.5,phi4-mini:latest,73,"Explica en menos de 100 palabras la diferencia entre Inteligencia Artificial, Ma",0.5,0.75,40,"La Inteligencia Artificial (IA) se refiere al conjunto de tecnologías que permiten a los sistemas simular tareas inteligentes típicamente realizadas por humanos, como el razonamiento y el aprendizaje.

Machine Learning es una rama del campo más amplio de IA; implica desarrollar algoritmos capaces de",3684.95,106.87,3472.85,25,170,48.95,924,8.26,
2026-06-02T17:15:00.251068,exp_b_temperature_temp=0.5,phi4-mini:latest,74,"Explica en menos de 100 palabras la diferencia entre Inteligencia Artificial, Ma",0.5,0.75,40,"La Inteligencia Artificial (IA) es el conjunto general de tecnologías que permiten a las máquinas simular comportamientos inteligentes. El Aprendizaje Automático (Machine Learning - ML) es un subconjunto del IA donde los sistemas aprenden y mejoran su rendimiento sin ser explícitamente programados, ",2474.59,96.34,2302.06,25,113,49.09,600,8.69,
2026-06-02T17:15:03.804314,exp_b_temperature_temp=0.5,phi4-mini:latest,75,"Explica en menos de 100 palabras la diferencia entre Inteligencia Artificial, Ma",0.5,0.75,40,"La Inteligencia Artificial (IA) es el campo que estudia las máquinas inteligentes y su interacción con humanos. El Aprendizaje Automático (Machine Learning o ML) se refiere a una rama del IA donde los sistemas aprenden de datos para tomar decisiones sin ser explícitamente programados, mejorando sus ",3542.39,95.18,3347.44,25,164,48.99,866,8.17,
2026-06-02T17:15:06.038473,exp_b_temperature_temp=0.5,phi4-mini:latest,76,"Explica en menos de 100 palabras la diferencia entre Inteligencia Artificial, Ma",0.5,0.75,40,"La Inteligencia Artificial (IA) es el conjunto general de sistemas capaces de realizar tareas que normalmente requieren inteligencia humana. El Aprendizaje Automático (Machine Learning o ML) es una rama del IA donde los algoritmos aprenden a partir de datos sin ser explícitamente programados, mejora",2222.33,103.48,2050.17,25,101,49.26,517,8.29,
2026-06-02T17:15:09.369754,exp_b_temperature_temp=0.5,phi4-mini:latest,77,"Explica en menos de 100 palabras la diferencia entre Inteligencia Artificial, Ma",0.5,0.75,40,"La Inteligencia Artificial (IA) es el conjunto general de tecnologías que simulan habilidades humanas para realizar tareas como aprender y razonar. El Aprendizaje Automático (Machine Learning - ML) es un subconjunto de IA donde los sistemas aprenden a partir del datos sin codificación explícita, mej",3322.9,94.64,3133.2,25,154,49.15,808,8.04,
2026-06-02T17:15:11.450031,exp_b_temperature_temp=0.5,phi4-mini:latest,78,"Explica en menos de 100 palabras la diferencia entre Inteligencia Artificial, Ma",0.5,0.75,40,"La Inteligencia Artificial (IA) se refiere a sistemas que realizan tareas típicamente requeridas para inteligencia humana, como el aprendizaje, razonamiento y percepción.

El Machine Learning es una subrama de la IA donde los algoritmos aprenden de datos sin ser explícitamente programados; detectan ",2068.4,96.57,1904.86,25,94,49.35,495,8.68,
2026-06-02T17:15:15.760979,exp_b_temperature_temp=0.5,phi4-mini:latest,79,"Explica en menos de 100 palabras la diferencia entre Inteligencia Artificial, Ma",0.5,0.75,40,La Inteligencia Artificial (IA) se refiere al conjunto de tecnologías que permiten a las máquinas simular comportamientos inteligentes como los humanos. El Aprendizaje Automático es una rama del campo de la IA donde el sistema aprende y mejora su rendimiento con la experiencia sin ser explícitamente,4300.62,95.44,4089.5,25,200,48.91,1038,7.98,
2026-06-02T17:15:18.642290,exp_b_temperature_temp=0.5,phi4-mini:latest,80,"Explica en menos de 100 palabras la diferencia entre Inteligencia Artificial, Ma",0.5,0.75,40,"La **Inteligencia Artificial (IA)** se refiere al diseño de sistemas capaces de realizar tareas que normalmente requieren inteligencia humana, como el reconocimiento de voz o la traducción automática.

El **Machine Learning** es un subcampo de la IA donde los algoritmos aprenden y mejoran a través d",2868.2,98.49,2684.95,25,132,49.16,700,8.15,
2026-06-02T17:15:21.416914,exp_b_temperature_temp=0.5,phi4-mini:latest,81,"Explica en menos de 100 palabras la diferencia entre Inteligencia Artificial, Ma",0.5,0.75,40,La Inteligencia Artificial (IA) es el conjunto amplio de tecnologías que permiten a las máquinas simular tareas intelectuales humanas. El Aprendizaje Automático (Machine Learning - ML) es una subparte de la IA donde los sistemas aprenden y mejoran su rendimiento con la experiencia sin ser explícitam,2762.08,96.04,2585.21,25,127,49.13,690,8.31,
2026-06-02T17:15:25.732423,exp_b_temperature_temp=0.5,phi4-mini:latest,82,"Explica en menos de 100 palabras la diferencia entre Inteligencia Artificial, Ma",0.5,0.75,40,"La **Inteligencia Artificial (IA)** es el estudio del comportamiento inteligente por parte de máquinas, especialmente sistemas computacionales.

El **Machine Learning** es un subconjunto de la IA que permite a los sistemas aprender y mejorar su rendimiento con la experiencia sin ser explícitamente p",4302.88,98.01,4088.77,25,200,48.91,1002,7.53,
2026-06-02T17:15:28.189938,exp_b_temperature_temp=0.5,phi4-mini:latest,83,"Explica en menos de 100 palabras la diferencia entre Inteligencia Artificial, Ma",0.5,0.75,40,La Inteligencia Artificial (IA) es el conjunto general de tecnologías que permiten a los sistemas simular comportamientos inteligentes como humanos. El Aprendizaje Automático (Machine Learning o ML) es un subconjunto del IA donde se utilizan algoritmos para aprender y mejorar en tareas sin ser explí,2445.68,96.01,2274.92,25,112,49.23,585,8.91,
2026-06-02T17:15:31.659145,exp_b_temperature_temp=0.5,phi4-mini:latest,84,"Explica en menos de 100 palabras la diferencia entre Inteligencia Artificial, Ma",0.5,0.75,40,"La Inteligencia Artificial (IA) se refiere a sistemas capaces de realizar tareas que normalmente requieren inteligencia humana, como el reconocimiento de voz o lenguaje natural.

El Aprendizaje Automático es una rama del campo de la computación donde los algoritmos aprenden con experiencia sin ser e",3455.79,95.75,3261.84,25,160,49.05,865,7.7,
2026-06-02T17:15:35.971243,exp_b_temperature_temp=0.5,phi4-mini:latest,85,"Explica en menos de 100 palabras la diferencia entre Inteligencia Artificial, Ma",0.5,0.75,40,"La Inteligencia Artificial (IA) se refiere al campo general que busca crear máquinas capaces de realizar tareas que requieren inteligencia humana.

Machine Learning es una rama dentro de la IA donde los sistemas aprenden a partir del datos sin ser explícitamente programados para hacerlo; identifican",4301.68,94.79,4090.25,25,200,48.9,1109,8.15,
2026-06-02T17:15:39.485703,exp_b_temperature_temp=0.5,phi4-mini:latest,86,"Explica en menos de 100 palabras la diferencia entre Inteligencia Artificial, Ma",0.5,0.75,40,"La **Inteligencia Artificial (IA)** se refiere a sistemas que pueden realizar tareas que normalmente requieren inteligencia humana, como el razonamiento y la percepción.

El **Machine Learning** es una rama del IA donde los algoritmos aprenden de datos para mejorar con el tiempo sin ser explícitamen",3502.59,96.82,3307.09,25,162,48.99,872,7.8,
2026-06-02T17:15:43.799504,exp_b_temperature_temp=0.5,phi4-mini:latest,87,"Explica en menos de 100 palabras la diferencia entre Inteligencia Artificial, Ma",0.5,0.75,40,"La Inteligencia Artificial (IA) se refiere al campo amplio que trata con el desarrollo de sistemas capaces de realizar tareas típicamente humanas como aprender y razonar. El Aprendizaje Automático (Machine Learning o ML), es una rama del IA donde los algoritmos aprenden a partir de datos sin ser exp",4300.42,95.28,4089.77,25,200,48.9,1064,8.04,
2026-06-02T17:15:46.707587,exp_b_temperature_temp=0.5,phi4-mini:latest,88,"Explica en menos de 100 palabras la diferencia entre Inteligencia Artificial, Ma",0.5,0.75,40,"La **Inteligencia Artificial (IA)** se refiere al desarrollo de sistemas capaces de realizar tareas que normalmente requieren inteligencia humana. El **Machine Learning (ML)** es un subcampo del IA donde los algoritmos aprenden a partir de datos para mejorar su rendimiento con el tiempo, sin ser exp",2895.91,102.26,2707.92,25,133,49.12,655,8.19,
2026-06-02T17:15:49.414551,exp_b_temperature_temp=0.5,phi4-mini:latest,89,"Explica en menos de 100 palabras la diferencia entre Inteligencia Artificial, Ma",0.5,0.75,40,"La **Inteligencia Artificial (IA)** se refiere a las tecnologías que permiten crear máquinas capaces de realizar tareas típicamente humanas, como el razonamiento y el aprendizaje.

El **Machine Learning** es una subcampo de la IA donde los algoritmos aprenden automáticamente con base en datos sin se",2700.32,95.25,2523.09,25,124,49.15,651,8.31,
2026-06-02T17:15:53.723157,exp_b_temperature_temp=0.5,phi4-mini:latest,90,"Explica en menos de 100 palabras la diferencia entre Inteligencia Artificial, Ma",0.5,0.75,40,"La Inteligencia Artificial (IA) es el conjunto general de sistemas capaces de realizar tareas que normalmente requieren inteligencia humana, como el aprendizaje y la resolución de problemas.

El Aprendizaje Automático (Machine Learning o ML), una rama específica de la IA, implica a los algoritmos ap",4298.37,95.01,4087.33,25,200,48.93,1086,8.08,
2026-06-02T17:15:56.859331,exp_b_temperature_temp=0.5,phi4-mini:latest,91,"Explica en menos de 100 palabras la diferencia entre Inteligencia Artificial, Ma",0.5,0.75,40,"La IA se refiere a sistemas que pueden realizar tareas que normalmente requieren inteligencia humana, como el procesamiento del lenguaje natural o reconocimiento de imágenes.

El ML es un subconjunto de la IA donde los algoritmos aprenden y mejoran con experiencias sin ser explícitamente programados",3127.41,96.12,2939.78,25,144,48.98,800,8.01,
2026-06-02T17:15:59.518063,exp_b_temperature_temp=0.5,phi4-mini:latest,92,"Explica en menos de 100 palabras la diferencia entre Inteligencia Artificial, Ma",0.5,0.75,40,"La **Inteligencia Artificial (IA)** es el conjunto general de sistemas capaces de realizar tareas que normalmente requieren inteligencia humana.

El **Machine Learning** es un subconjunto del campo de la IA donde los algoritmos aprenden a partir de datos para hacer predicciones o tomar decisiones si",2645.93,97.66,2465.96,25,121,49.07,630,7.96,
2026-06-02T17:16:01.912001,exp_b_temperature_temp=0.5,phi4-mini:latest,93,"Explica en menos de 100 palabras la diferencia entre Inteligencia Artificial, Ma",0.5,0.75,40,"La IA se refiere a sistemas que imitan funciones humanas como el pensamiento y el aprendizaje. El Machine Learning es una rama de la IA donde los algoritmos aprenden de datos para tomar decisiones o realizar tareas sin ser explícitamente programados con instrucciones específicas. La IA Generativa, p",2382.0,95.59,2211.69,25,109,49.28,553,7.6,
2026-06-02T17:16:04.451654,exp_b_temperature_temp=0.5,phi4-mini:latest,94,"Explica en menos de 100 palabras la diferencia entre Inteligencia Artificial, Ma",0.5,0.75,40,"La Inteligencia Artificial (IA) se refiere a sistemas que realizan tareas que normalmente requieren inteligencia humana, como el aprendizaje, el razonamiento y la percepción.

Machine Learning es un subconjunto de IA donde los algoritmos aprenden a partir del datos sin ser explícitamente programados",2529.71,94.67,2358.22,25,116,49.19,660,8.19,
2026-06-02T17:16:06.131100,exp_b_temperature_temp=0.5,phi4-mini:latest,95,"Explica en menos de 100 palabras la diferencia entre Inteligencia Artificial, Ma",0.5,0.75,40,La IA se refiere al conocimiento general y a las habilidades para realizar tareas que tradicionalmente requieren inteligencia humana. El ML es una rama del aprendizaje automático donde los algoritmos aprenden haciendo predicciones con base en datos. La IA generativa son sistemas específicos de IA di,1667.93,96.14,1514.45,25,75,49.52,413,7.26,
2026-06-02T17:16:09.157185,exp_b_temperature_temp=0.5,phi4-mini:latest,96,"Explica en menos de 100 palabras la diferencia entre Inteligencia Artificial, Ma",0.5,0.75,40,"La Inteligencia Artificial (IA) es el estudio del desarrollo de sistemas que pueden realizar tareas típicamente humanas, como pensar y aprender.

Machine Learning (ML), una rama de la IA, se centra en crear modelos estadísticos para hacer predicciones o tomar decisiones basadas en datos sin ser expl",3016.09,95.62,2831.88,25,139,49.08,725,8.54,
2026-06-02T17:16:11.894381,exp_b_temperature_temp=0.5,phi4-mini:latest,97,"Explica en menos de 100 palabras la diferencia entre Inteligencia Artificial, Ma",0.5,0.75,40,"La **Inteligencia Artificial (IA)** se refiere a las máquinas capaces de realizar tareas que requieren inteligencia humana como el razonamiento y la resolución de problemas.

El **Machine Learning** es una subrama de la IA donde los algoritmos aprenden de datos para tomar decisiones, mejorando su pr",2723.64,97.57,2544.28,25,125,49.13,631,8.01,
2026-06-02T17:16:16.210698,exp_b_temperature_temp=0.5,phi4-mini:latest,98,"Explica en menos de 100 palabras la diferencia entre Inteligencia Artificial, Ma",0.5,0.75,40,"La Inteligencia Artificial (IA) se refiere a sistemas capaces de realizar tareas que requieren inteligencia humana, como el razonamiento y el aprendizaje.

Machine Learning es un subconjunto de la IA donde los algoritmos aprenden del datos para hacer predicciones o tomar decisiones sin ser explícita",4303.14,97.54,4089.35,25,200,48.91,1028,8.59,
2026-06-02T17:16:18.372250,exp_b_temperature_temp=0.5,phi4-mini:latest,99,"Explica en menos de 100 palabras la diferencia entre Inteligencia Artificial, Ma",0.5,0.75,40,"La Inteligencia Artificial (IA) se refiere a sistemas que realizan tareas inteligentes típicamente realizadas por humanos, como el razonamiento y aprendizaje.

El Machine Learning es un subconjunto del IA donde los algoritmos aprenden de datos para tomar decisiones o realizar tareas sin ser explícit",2153.17,94.7,1989.02,25,98,49.27,522,8.74,
2026-06-02T17:16:20.826654,exp_b_temperature_temp=0.5,phi4-mini:latest,100,"Explica en menos de 100 palabras la diferencia entre Inteligencia Artificial, Ma",0.5,0.75,40,"La Inteligencia Artificial (IA) es el campo general que busca crear máquinas capaces de comportarse como humanos.

Machine Learning (ML), un subconjunto de IA, implica entrenar sistemas computacionales con grandes cantidades de datos para identificar patrones y tomar decisiones sin ser explícitament",2445.65,94.97,2275.33,25,112,49.22,590,8.4,
2026-06-02T17:16:25.137188,exp_b_temperature_temp=0.9,phi4-mini:latest,1,"Explica en menos de 100 palabras la diferencia entre Inteligencia Artificial, Ma",0.9,0.75,40,"La Inteligencia Artificial (IA) es el concepto general que involucra a los sistemas capaces de realizar tareas inteligentes por sí mismos o con mínima intervención humana.

Machine Learning (ML), un subconjunto de la IA, se refiere al proceso mediante el cual los algoritmos aprenden a partir del dat",4300.76,95.39,4087.76,25,200,48.93,1058,8.03,
2026-06-02T17:16:27.872396,exp_b_temperature_temp=0.9,phi4-mini:latest,2,"Explica en menos de 100 palabras la diferencia entre Inteligencia Artificial, Ma",0.9,0.75,40,"La Inteligencia Artificial (IA) se refiere al conjunto general de tecnologías desarrolladas para crear máquinas que simulen comportamientos inteligentes similares a los humanos.

El Aprendizaje Automático es un subcampo dentro del área más amplia de IA. Se trata específicamente de algoritmos y model",2727.26,101.05,2544.35,25,125,49.13,686,8.33,
2026-06-02T17:16:31.325839,exp_b_temperature_temp=0.9,phi4-mini:latest,3,"Explica en menos de 100 palabras la diferencia entre Inteligencia Artificial, Ma",0.9,0.75,40,"La Inteligencia Artificial (IA) es el conocimiento computacional sobre procesos que se asemejan al razonamiento humano.

Machine Learning (ML), una subcamposa de IA, involucra algoritmos que aprenden a partir del datos y mejoran con la experiencia sin ser explícitamente programados para hacerlo. Mac",3440.55,96.3,3247.05,25,159,48.97,801,8.06,
2026-06-02T17:16:35.633455,exp_b_temperature_temp=0.9,phi4-mini:latest,4,"Explica en menos de 100 palabras la diferencia entre Inteligencia Artificial, Ma",0.9,0.75,40,La IA se refiere a inteligencia artificial generalizada y el conocimiento para realizar tareas humanas como las máquinas. El aprendizaje automático es un subconjunto del IoT que usa datos para aprender con experiencia sin ser programado específicamente para una tarea en particular. La IA generativa ,4297.16,95.09,4087.87,25,200,48.93,1154,7.75,
2026-06-02T17:16:39.509003,exp_b_temperature_temp=0.9,phi4-mini:latest,5,"Explica en menos de 100 palabras la diferencia entre Inteligencia Artificial, Ma",0.9,0.75,40,"La Inteligencia Artificial (IA) es el campo general enfocado en crear máquinas capaces de actuar con inteligencia similar a la humana. El Machine Learning (ML), un subconjunto del IA, implica que las computadoras aprendan y mejoren su rendimiento realizando tareas sin instrucciones explícitas; utili",3861.72,96.93,3656.52,25,179,48.95,912,7.7,
2026-06-02T17:16:43.147844,exp_b_temperature_temp=0.9,phi4-mini:latest,6,"Explica en menos de 100 palabras la diferencia entre Inteligencia Artificial, Ma",0.9,0.75,40,"La IA (Inteligencia Artificial) abarca un conjunto amplio de tecnologías computacionales que imitan habilidades mentales humanas para realizar tareas como el aprendizaje y razonamiento. El ML (Machine Learning), una rama del AI, se refiere a algoritmos estadísticos que aprenden con la experiencia si",3626.84,95.52,3429.72,25,168,48.98,866,8.31,
2026-06-02T17:16:46.254956,exp_b_temperature_temp=0.9,phi4-mini:latest,7,"Explica en menos de 100 palabras la diferencia entre Inteligencia Artificial, Ma",0.9,0.75,40,"La **Inteligencia Artificial (IA)** es el estudio del desarrollo de máquinas capaces de realizar tareas que normalmente requieren inteligencia humana.

El **Machine Learning** es una rama de la IA donde los sistemas aprenden automáticamente y mejoran con experiencia sin ser explicitamente programado",3094.57,96.05,2907.76,25,143,49.18,738,7.85,
2026-06-02T17:16:49.699414,exp_b_temperature_temp=0.9,phi4-mini:latest,8,"Explica en menos de 100 palabras la diferencia entre Inteligencia Artificial, Ma",0.9,0.75,40,"La **Inteligencia Artificial (IA)** se refiere al desarrollo de sistemas capaces de realizar tareas que normalmente requieren inteligencia humana, como reconocer voz o lenguaje natural.

El **Machine Learning (ML)** es un subconjunto del campo más amplio de las computadoras y la IA; consiste en algo",3432.25,96.54,3237.92,25,159,49.11,851,8.56,
2026-06-02T17:16:53.253565,exp_b_temperature_temp=0.9,phi4-mini:latest,9,"Explica en menos de 100 palabras la diferencia entre Inteligencia Artificial, Ma",0.9,0.75,40,"La **Inteligencia Artificial (IA)** es el estudio del desarrollo y las aplicaciones para crear máquinas capaces de realizar tareas que normalmente requieren inteligencia humana.

El **Machine Learning** es un subconjunto de la IA donde los algoritmos aprenden a partir de datos sin instrucciones expl",3542.88,95.63,3347.02,25,164,49.0,911,7.98,
2026-06-02T17:16:56.344120,exp_b_temperature_temp=0.9,phi4-mini:latest,10,"Explica en menos de 100 palabras la diferencia entre Inteligencia Artificial, Ma",0.9,0.75,40,"La **Inteligencia Artificial (IA)** se refiere a sistemas o algoritmos capaces de realizar tareas que normalmente requieren inteligencia humana, como reconocer voz u objetos.

El **Machine Learning (ML)** es una subcampo del IA donde los algoritmos aprenden y mejoran mediante la experiencia sin ser ",3080.28,96.02,2893.98,25,142,49.07,741,7.94,
2026-06-02T17:16:59.051528,exp_b_temperature_temp=0.9,phi4-mini:latest,11,"Explica en menos de 100 palabras la diferencia entre Inteligencia Artificial, Ma",0.9,0.75,40,"La **Inteligencia Artificial (IA)** es el estudio del comportamiento humano artificial y intelligente; se ocupa de crear máquinas capaces de realizar tareas que normalmente requieren inteligencia humana.

El **Machine Learning (ML)** es una subdisciplina dentro de la IA, donde los sistemas aprenden ",2698.14,96.09,2520.54,25,124,49.2,675,8.13,
2026-06-02T17:17:01.466903,exp_b_temperature_temp=0.9,phi4-mini:latest,12,"Explica en menos de 100 palabras la diferencia entre Inteligencia Artificial, Ma",0.9,0.75,40,"La IA se refiere a sistemas inteligentes que imitan capacidades cognitivas humanas para realizar tareas como el aprendizaje y razonamiento. El ML es un subconjunto del AI donde los algoritmos aprenden de datos sin instrucciones explícitas, mejorando su precisión con más información. La IA generativa",2405.19,98.84,2232.6,25,110,49.27,557,7.66,
2026-06-02T17:17:04.367640,exp_b_temperature_temp=0.9,phi4-mini:latest,13,"Explica en menos de 100 palabras la diferencia entre Inteligencia Artificial, Ma",0.9,0.75,40,La Inteligencia Artificial (IA) se refiere al conocimiento artificial con el objetivo de simular capacidades cognitivas humanas como razonamiento y aprendizaje. El Aprendizaje Automático es un subcampo de IA que implica desarrollar algoritmos capaces de aprender de datos sin instrucciones explícitas,2888.22,96.56,2706.81,25,133,49.14,713,7.94,
2026-06-02T17:17:08.152532,exp_b_temperature_temp=0.9,phi4-mini:latest,14,"Explica en menos de 100 palabras la diferencia entre Inteligencia Artificial, Ma",0.9,0.75,40,"La **Inteligencia Artificial (IA)** es el estudio del desarrollo y despliegue de sistemas que pueden realizar tareas típicamente humanas.

El **Machine Learning** es una subdisciplina de la IA donde los algoritmos aprenden a partir de datos sin ser explícitamente programados, mejorando su rendimient",3774.48,95.21,3573.95,25,175,48.97,887,8.07,
2026-06-02T17:17:11.036557,exp_b_temperature_temp=0.9,phi4-mini:latest,15,"Explica en menos de 100 palabras la diferencia entre Inteligencia Artificial, Ma",0.9,0.75,40,"La Inteligencia Artificial (IA) se refiere al conjunto general de sistemas capaces de realizar tareas que normalmente requieren inteligencia humana, como el reconocimiento de voz o lenguaje natural.

Machine Learning es un subconjunto del campo de la IA donde los algoritmos aprenden a través de dato",2871.45,96.21,2690.13,25,132,49.07,724,8.83,
2026-06-02T17:17:15.089905,exp_b_temperature_temp=0.9,phi4-mini:latest,16,"Explica en menos de 100 palabras la diferencia entre Inteligencia Artificial, Ma",0.9,0.75,40,"La IA se refiere a sistemas que realizan tareas típicas del intelecto humano, como el razonamiento y la toma de decisiones. El ML es un subcampo de la IA donde los algoritmos aprenden automáticamente de datos para mejorar su rendimiento con menos intervención humana.

Por otro lado, la IA generativa",4044.2,94.69,3839.26,25,188,48.97,986,6.9,
2026-06-02T17:17:19.357697,exp_b_temperature_temp=0.9,phi4-mini:latest,17,"Explica en menos de 100 palabras la diferencia entre Inteligencia Artificial, Ma",0.9,0.75,40,"La Inteligencia Artificial (IA) se refiere a sistemas capaces de realizar tareas que requieren inteligencia humana, como el aprendizaje y la toma de decisiones. El Aprendizaje Automático es una rama del campo más amplio de los Sistemas de Información con Base en Red, centrada en algoritmos para mejo",4258.37,98.14,4044.27,25,198,48.96,1063,7.67,
2026-06-02T17:17:21.986523,exp_b_temperature_temp=0.9,phi4-mini:latest,18,"Explica en menos de 100 palabras la diferencia entre Inteligencia Artificial, Ma",0.9,0.75,40,La IA se refiere al conocimiento y comportamiento inteligentes por parte de una máquina que imita el cerebro humano. El ML es un subconjunto del aprendizaje automático donde los algoritmos aprenden de datos para tomar decisiones automatizadas sin ser explícitamente programados con reglas específicas,2618.23,99.17,2439.83,25,120,49.18,626,7.58,
2026-06-02T17:17:25.077896,exp_b_temperature_temp=0.9,phi4-mini:latest,19,"Explica en menos de 100 palabras la diferencia entre Inteligencia Artificial, Ma",0.9,0.75,40,"La **Inteligencia Artificial (IA)** se refiere a sistemas capaces de realizar tareas que requieren inteligencia humana como aprender, razonar y percibir. El **Machine Learning (ML)** es un subconjunto del campo más amplio de la IA; implica enseñar a las máquinas a reconocer patrones en datos para to",3079.6,97.53,2892.39,25,142,49.09,735,7.96,
2026-06-02T17:17:27.281878,exp_b_temperature_temp=0.9,phi4-mini:latest,20,"Explica en menos de 100 palabras la diferencia entre Inteligencia Artificial, Ma",0.9,0.75,40,"La Inteligencia Artificial (IA) es el campo general enfocado en desarrollar sistemas capaces de realizar tareas que normalmente requieren inteligencia humana.

Machine Learning (ML), una rama del IA, se centra en crear algoritmos que pueden aprender y mejorar con experiencia sin ser explícitamente p",2192.9,94.46,2029.06,25,100,49.28,552,8.2,
2026-06-02T17:17:30.225844,exp_b_temperature_temp=0.9,phi4-mini:latest,21,"Explica en menos de 100 palabras la diferencia entre Inteligencia Artificial, Ma",0.9,0.75,40,"La Inteligencia Artificial (IA) se refiere a sistemas computacionales capaces de realizar tareas que normalmente requieren inteligencia humana, como reconocer voz o lenguaje natural.

Machine Learning es una subpágina de la IA donde los computadores aprenden de datos sin ser explícitamente programad",2932.49,95.94,2751.45,25,135,49.07,739,8.58,
2026-06-02T17:17:34.106347,exp_b_temperature_temp=0.9,phi4-mini:latest,22,"Explica en menos de 100 palabras la diferencia entre Inteligencia Artificial, Ma",0.9,0.75,40,"La Inteligencia Artificial (IA) se refiere a sistemas capaces de realizar tareas que normalmente requieren inteligencia humana. El Machine Learning es un subconjunto de la IA donde los algoritmos aprenden y mejoran su rendimiento sin instrucciones explícitas, utilizando datos para identificar patron",3867.3,95.06,3657.17,25,177,48.4,1012,8.02,
2026-06-02T17:17:36.848112,exp_b_temperature_temp=0.9,phi4-mini:latest,23,"Explica en menos de 100 palabras la diferencia entre Inteligencia Artificial, Ma",0.9,0.75,40,"La IA se refiere al estudio del inteligencia artificial por parte de las máquinas para realizar tareas típicamente humanas, incluyendo el pensamiento y razonamiento. El ML es un subcampo de la IA que implica aprender a partir de datos: sistemas son entrenados con ejemplos y mejoran su desempeño con ",2729.36,99.16,2549.66,25,125,49.03,654,8.18,
2026-06-02T17:17:41.013054,exp_b_temperature_temp=0.9,phi4-mini:latest,24,"Explica en menos de 100 palabras la diferencia entre Inteligencia Artificial, Ma",0.9,0.75,40,"La Inteligencia Artificial (IA) se refiere al conjunto de sistemas y tecnologías diseñadas para realizar tareas que requieren inteligencia humana, como el razonamiento o aprender del entorno. El Machine Learning es una subcamposa de la IA donde los algoritmos aprenden a partir de datos, mejorando su",4152.09,94.74,3934.45,25,191,48.55,1062,7.86,
2026-06-02T17:17:43.751713,exp_b_temperature_temp=0.9,phi4-mini:latest,25,"Explica en menos de 100 palabras la diferencia entre Inteligencia Artificial, Ma",0.9,0.75,40,"La **Inteligencia Artificial (IA)** se refiere a las máquinas que pueden realizar tareas que requieren inteligencia humana como el aprendizaje, el reconocimiento del habla y el pensamiento crítico.

El **Machine Learning** es una subpárra de la IA donde los algoritmos aprenden automáticamente de dat",2718.78,97.92,2506.03,25,121,48.28,631,8.57,
2026-06-02T17:17:48.163015,exp_b_temperature_temp=0.9,phi4-mini:latest,26,"Explica en menos de 100 palabras la diferencia entre Inteligencia Artificial, Ma",0.9,0.75,40,"La Inteligencia Artificial (IA) es el concepto general que involucra crear máquinas capaces de realizar tareas que requieren inteligencia humana.

El Machine Learning (ML), una rama de la IA, se centra en desarrollar algoritmos computacionales que aprenden y mejoran con datos sin ser explícitamente ",4383.36,108.76,4080.0,25,195,47.79,1082,7.92,
2026-06-02T17:17:51.352823,exp_b_temperature_temp=0.9,phi4-mini:latest,27,"Explica en menos de 100 palabras la diferencia entre Inteligencia Artificial, Ma",0.9,0.75,40,"La **Inteligencia Artificial (IA)** se refiere al desarrollo de sistemas capaces de realizar tareas que normalmente requieren inteligencia humana, como reconocer voz o lenguaje natural.

El **Machine Learning** es una subcampo de la IA donde los algoritmos aprenden y mejoran con la experiencia sin s",3166.89,118.29,2927.93,25,138,47.13,742,8.52,
2026-06-02T17:17:53.963968,exp_b_temperature_temp=0.9,phi4-mini:latest,28,"Explica en menos de 100 palabras la diferencia entre Inteligencia Artificial, Ma",0.9,0.75,40,La IA se refiere a las tecnologías que permiten a los computadores simular funciones inteligentes como aprender y entender del mundo natural. El ML es un subconjunto de la IA donde los algoritmos aprenden de datos para mejorar su rendimiento con el tiempo sin ser explícitamente programados para esa ,2586.27,110.45,2382.18,25,114,47.86,602,7.63,
2026-06-02T17:17:56.753442,exp_b_temperature_temp=0.9,phi4-mini:latest,29,"Explica en menos de 100 palabras la diferencia entre Inteligencia Artificial, Ma",0.9,0.75,40,"La **Inteligencia Artificial (IA)** se refiere a sistemas capaces de realizar tareas que requieren inteligencia humana como el razonamiento y el aprendizaje.

El **Machine Learning** es un subcampo de la IA donde los algoritmos aprenden automáticamente del datos sin ser explícitamente programados, m",2781.15,107.56,2583.43,25,126,48.77,631,8.18,
2026-06-02T17:18:01.122261,exp_b_temperature_temp=0.9,phi4-mini:latest,30,"Explica en menos de 100 palabras la diferencia entre Inteligencia Artificial, Ma",0.9,0.75,40,"La Inteligencia Artificial (IA) se refiere a sistemas que realizan tareas típicamente requeridas para inteligencia humana como aprender, razonar y reconocer patrones. El Aprendizaje Automático es una rama del campo más amplio de la computación científica: el aprendizaje automático, o ML por sus sigl",4360.3,102.04,4128.31,25,200,48.45,1110,7.85,
2026-06-02T17:18:04.571560,exp_b_temperature_temp=0.9,phi4-mini:latest,31,"Explica en menos de 100 palabras la diferencia entre Inteligencia Artificial, Ma",0.9,0.75,40,"La IA se refiere al conjunto general de tecnologías capaces de realizar tareas que requieren inteligencia humana, como el reconocimiento de voz o lenguaje natural.

Machine Learning es un subconjunto de IA donde los algoritmos aprenden y mejoran su rendimiento con más datos sin ser explícitamente pr",3440.66,105.05,3234.55,25,158,48.85,895,7.81,
2026-06-02T17:18:08.817162,exp_b_temperature_temp=0.9,phi4-mini:latest,32,"Explica en menos de 100 palabras la diferencia entre Inteligencia Artificial, Ma",0.9,0.75,40,"La Inteligencia Artificial (IA) se refiere a las tecnologías capaces de realizar tareas que normalmente requieren inteligencia humana: percepción del entorno, toma de decisiones y aprendizaje.

El Aprendizaje Automático es una subdisciplina dentro de la IA, enfocada en desarrollar modelos que puedan",4237.99,101.8,4005.34,25,195,48.68,1075,8.22,
2026-06-02T17:18:13.184392,exp_b_temperature_temp=0.9,phi4-mini:latest,33,"Explica en menos de 100 palabras la diferencia entre Inteligencia Artificial, Ma",0.9,0.75,40,"La Inteligencia Artificial (IA) es el conocimiento y las tareas computacionales relacionadas con el procesamiento del lenguaje natural, aprendizaje automático, visión por computadora u otros algoritmos.

Machine Learning (ML), una rama específica dentro de los sistemas informáticos que se trata de d",4358.09,112.02,4103.31,25,200,48.74,1127,8.55,
2026-06-02T17:18:15.724501,exp_b_temperature_temp=0.9,phi4-mini:latest,34,"Explica en menos de 100 palabras la diferencia entre Inteligencia Artificial, Ma",0.9,0.75,40,"La **Inteligencia Artificial (IA)** se refiere a sistemas o máquinas que realizan tareas que normalmente requieren inteligencia humana, como el reconocimiento de voz y lenguaje natural.

El **Machine Learning** es una rama del aprendizaje automático donde los algoritmos aprenden haciendo generalizac",2532.21,107.8,2342.13,25,115,49.1,631,8.6,
2026-06-02T17:18:18.978301,exp_b_temperature_temp=0.9,phi4-mini:latest,35,"Explica en menos de 100 palabras la diferencia entre Inteligencia Artificial, Ma",0.9,0.75,40,"La **Inteligencia Artificial (IA)** se refiere al desarrollo de sistemas capaces de realizar tareas que requieren inteligencia humana, como el razonamiento y las emociones.

El **Machine Learning** es una rama del aprendizaje automático donde los algoritmos aprenden de datos para mejorar su rendimie",3245.7,103.05,3043.98,25,149,48.95,843,8.56,
2026-06-02T17:18:22.634973,exp_b_temperature_temp=0.9,phi4-mini:latest,36,"Explica en menos de 100 palabras la diferencia entre Inteligencia Artificial, Ma",0.9,0.75,40,La Inteligencia Artificial (IA) se refiere a sistemas que simulan comportamientos inteligentes humanos; el Machine Learning es un subconjunto del IA donde los algoritmos aprenden y mejoran con datos sin ser programados explícitamente para una tarea específica; la IA generativa son modelos dentro del,3648.48,107.59,3429.97,25,167,48.69,911,8.27,
2026-06-02T17:18:24.981751,exp_b_temperature_temp=0.9,phi4-mini:latest,37,"Explica en menos de 100 palabras la diferencia entre Inteligencia Artificial, Ma",0.9,0.75,40,"La Inteligencia Artificial (IA) se refiere al conjunto general de sistemas capaces de realizar tareas que requieren inteligencia humana. El Aprendizaje Automático es un subcampo del IA donde los algoritmos aprenden y mejoran con datos sin instrucciones explícitas, utilizando técnicas como regresión ",2337.03,105.07,2155.96,25,106,49.17,549,8.39,
2026-06-02T17:18:27.912529,exp_b_temperature_temp=0.9,phi4-mini:latest,38,"Explica en menos de 100 palabras la diferencia entre Inteligencia Artificial, Ma",0.9,0.75,40,La **Inteligencia Artificial (IA)** es el campo amplio que estudia sistemas capaces de realizar tareas típicamente humanas como aprender y razonar. El **Machine Learning** se trata del subset dentro de la IA donde los algoritmos aprenden a partir de datos sin ser explícitamente programados para una ,2922.7,103.66,2729.23,25,134,49.1,693,8.22,
2026-06-02T17:18:30.567707,exp_b_temperature_temp=0.9,phi4-mini:latest,39,"Explica en menos de 100 palabras la diferencia entre Inteligencia Artificial, Ma",0.9,0.75,40,"La Inteligencia Artificial (IA) es el campo general que implica crear máquinas capaces de realizar tareas típicamente humanas, como pensar y aprender.

El Aprendizaje Automático (Machine Learning - ML), un subconjunto de IA, se refiere a la capacidad del sistema para mejorar con la experiencia sin s",2648.27,102.69,2461.97,25,121,49.15,625,8.32,
2026-06-02T17:18:33.644797,exp_b_temperature_temp=0.9,phi4-mini:latest,40,"Explica en menos de 100 palabras la diferencia entre Inteligencia Artificial, Ma",0.9,0.75,40,"La Inteligencia Artificial (IA) es el estudio general sobre cómo crear máquinas que actúen como humanos inteligentes. El Aprendizaje Automático (Machine Learning - ML), un subcampo de IA, implica a las máquinas aprendiendo con los datos sin ser programadas explícitamente para una tarea específica. L",3069.6,102.68,2874.05,25,141,49.06,787,8.1,
2026-06-02T17:18:36.303154,exp_b_temperature_temp=0.9,phi4-mini:latest,41,"Explica en menos de 100 palabras la diferencia entre Inteligencia Artificial, Ma",0.9,0.75,40,"La **Inteligencia Artificial (IA)** se refiere a sistemas que realizan tareas típicas del cerebro humano como reconocer patrones y tomar decisiones.

El **Machine Learning** es una rama de la IA donde los algoritmos aprenden de datos para mejorar su rendimiento con el tiempo sin ser programados expl",2651.02,104.13,2463.11,25,121,49.12,599,7.98,
2026-06-02T17:18:39.196695,exp_b_temperature_temp=0.9,phi4-mini:latest,42,"Explica en menos de 100 palabras la diferencia entre Inteligencia Artificial, Ma",0.9,0.75,40,"La **Inteligencia Artificial (IA)** se refiere a sistemas capaces de realizar tareas que normalmente requieren inteligencia humana, como el razonamiento y el aprendizaje.

El **Machine Learning** es una rama del campo de la IA donde los algoritmos aprenden a partir de datos sin instrucciones explíci",2883.98,102.7,2687.93,25,131,48.74,717,8.23,
2026-06-02T17:18:42.178062,exp_b_temperature_temp=0.9,phi4-mini:latest,43,"Explica en menos de 100 palabras la diferencia entre Inteligencia Artificial, Ma",0.9,0.75,40,"La Inteligencia Artificial (IA) se refiere a las máquinas que pueden realizar tareas y funciones con inteligencia similar al comportamiento humano.

El Aprendizaje Automático es un subcampo del campo más amplio de la IA. Se trata específicamente de algoritmos que permiten a los sistemas aprender del",2973.73,105.0,2776.28,25,136,48.99,742,7.76,
2026-06-02T17:18:44.687920,exp_b_temperature_temp=0.9,phi4-mini:latest,44,"Explica en menos de 100 palabras la diferencia entre Inteligencia Artificial, Ma",0.9,0.75,40,"La **Inteligencia Artificial (IA)** se refiere a las sistemas capaces de realizar tareas que normalmente requieren inteligencia humana como el razonamiento y aprender.

El **Machine Learning** es un subconjunto del IA donde los algoritmos aprenden de datos para hacer predicciones o tomar decisiones ",2501.6,102.79,2318.44,25,114,49.17,564,8.04,
2026-06-02T17:18:47.641572,exp_b_temperature_temp=0.9,phi4-mini:latest,45,"Explica en menos de 100 palabras la diferencia entre Inteligencia Artificial, Ma",0.9,0.75,40,"La Inteligencia Artificial (IA) es el conjunto general de sistemas que pueden realizar tareas típicamente humanas, como aprender y razonar a través de datos.

Machine Learning (ML), un subconjunto del IA, se refiere al aprendizaje automático donde los algoritmos aprenden haciendo predicciones con ba",2946.89,102.36,2754.52,25,135,49.01,709,8.35,
2026-06-02T17:18:51.061746,exp_b_temperature_temp=0.9,phi4-mini:latest,46,"Explica en menos de 100 palabras la diferencia entre Inteligencia Artificial, Ma",0.9,0.75,40,"La IA se refiere a todas las máquinas capaces de realizar tareas que requieren inteligencia humana: aprendizaje, percepción, resolución de problemas y razonamiento. El Machine Learning es una rama del campo científico de la IA donde los algoritmos aprenden de datos para hacer predicciones o tomar de",3410.42,102.15,3200.26,25,154,48.12,803,7.9,
2026-06-02T17:18:54.216100,exp_b_temperature_temp=0.9,phi4-mini:latest,47,"Explica en menos de 100 palabras la diferencia entre Inteligencia Artificial, Ma",0.9,0.75,40,La **Inteligencia Artificial (IA)** es el término amplio que abarca todas las técnicas computacionales usadas para realizar tareas típicamente humanas. El **Machine Learning** se refiere a una subcategoría de la IA donde los sistemas aprenden y mejoran automáticamente al analizar grandes cantidades ,3143.7,103.75,2934.93,25,141,48.04,707,8.3,
2026-06-02T17:18:57.174920,exp_b_temperature_temp=0.9,phi4-mini:latest,48,"Explica en menos de 100 palabras la diferencia entre Inteligencia Artificial, Ma",0.9,0.75,40,"La Inteligencia Artificial (IA) se refiere a sistemas que realizan tareas típicamente humanas como el razonamiento y aprender con experiencia; es un término amplio para varias subcampos, incluyendo ML.

Machine Learning (ML), una rama de la IA, implica algoritmos que aprenden del datos sin ser explí",2949.14,108.19,2737.65,25,132,48.22,683,8.53,
2026-06-02T17:19:00.107266,exp_b_temperature_temp=0.9,phi4-mini:latest,49,"Explica en menos de 100 palabras la diferencia entre Inteligencia Artificial, Ma",0.9,0.75,40,"La **Inteligencia Artificial (IA)** se refiere a sistemas que realizan tareas con el nivel del pensamiento humano: procesamiento de lenguaje natural, visión computacional y aprendizaje automático.

El **Machine Learning** es un subconjunto del campo más amplio de la IA donde los algoritmos aprenden ",2921.11,104.0,2707.42,25,129,47.65,693,8.57,
2026-06-02T17:19:02.983465,exp_b_temperature_temp=0.9,phi4-mini:latest,50,"Explica en menos de 100 palabras la diferencia entre Inteligencia Artificial, Ma",0.9,0.75,40,"La **Inteligencia Artificial (IA)** es el campo del conocimiento que trata con sistemas inteligentes diseñados para simular tareas cognitivas humanas.

El **Machine Learning** se refiere a un subconjunto de la IA donde los algoritmos aprenden y mejoran su rendimiento al procesar grandes cantidades d",2863.94,99.03,2669.03,25,129,48.33,680,8.27,
2026-06-02T17:19:07.369778,exp_b_temperature_temp=0.9,phi4-mini:latest,51,"Explica en menos de 100 palabras la diferencia entre Inteligencia Artificial, Ma",0.9,0.75,40,"La Inteligencia Artificial (IA) es el concepto general que implica crear máquinas capaces de realizar tareas típicas de humanos inteligentes como pensar y aprender. El Machine Learning es un subconjunto del campo de IA, donde los algoritmos aprenden a partir de datos para tomar decisiones o acciones",4375.87,108.39,4136.18,25,200,48.35,1064,8.12,
2026-06-02T17:19:11.699253,exp_b_temperature_temp=0.9,phi4-mini:latest,52,"Explica en menos de 100 palabras la diferencia entre Inteligencia Artificial, Ma",0.9,0.75,40,"La **Inteligencia Artificial (IA)** se refiere al campo amplio del aprendizaje automático y procesamiento de lenguaje natural enfocado en crear máquinas capaces de realizar tareas que normalmente requieren inteligencia humana.

El **Machine Learning** es una técnica dentro de la IA donde las computa",4321.09,103.62,4091.55,25,200,48.88,1101,8.5,
2026-06-02T17:19:15.108935,exp_b_temperature_temp=0.9,phi4-mini:latest,53,"Explica en menos de 100 palabras la diferencia entre Inteligencia Artificial, Ma",0.9,0.75,40,"La **Inteligencia Artificial (IA)** se refiere al conjunto de tecnologías que permiten a las máquinas simular comportamientos inteligentes similares a los humanos, como el razonamiento y la toma de decisiones.

El **Machine Learning (ML)** es un subconjunto del campo más amplio de IA donde los siste",3401.68,102.77,3195.99,25,156,48.81,794,8.06,
2026-06-02T17:19:19.454549,exp_b_temperature_temp=0.9,phi4-mini:latest,54,"Explica en menos de 100 palabras la diferencia entre Inteligencia Artificial, Ma",0.9,0.75,40,"La Inteligencia Artificial (IA) es el campo general que busca crear máquinas capaces de realizar tareas con inteligencia humana como pensar y aprender.

Machine Learning (ML), una rama de la IA, se centra específicamente en desarrollar algoritmos que permiten a las computadoras aprender de datos sin",4337.97,102.41,4108.19,25,200,48.68,1097,8.61,
2026-06-02T17:19:21.772351,exp_b_temperature_temp=0.9,phi4-mini:latest,55,"Explica en menos de 100 palabras la diferencia entre Inteligencia Artificial, Ma",0.9,0.75,40,"La Inteligencia Artificial (IA) se refiere al conjunto general de sistemas que imitan capacidades mentales humanas para realizar tareas y tomar decisiones. El Machine Learning es un subcampo del IA donde los algoritmos aprenden a partir de datos sin reglas explícitas programadas, mejorando su precis",2303.76,119.55,2096.18,25,100,47.71,525,8.12,
2026-06-02T17:19:24.760632,exp_b_temperature_temp=0.9,phi4-mini:latest,56,"Explica en menos de 100 palabras la diferencia entre Inteligencia Artificial, Ma",0.9,0.75,40,"La Inteligencia Artificial (IA) se refiere al diseño y desarrollo de sistemas que pueden realizar tareas típicamente humanas como pensar, aprender, reconocer patrones o tomar decisiones.

El Aprendizaje Automático (Machine Learning), una rama de la IA, implica a los algoritmos en el análisis de dato",2977.01,104.18,2774.45,25,135,48.66,735,8.6,
2026-06-02T17:19:27.616318,exp_b_temperature_temp=0.9,phi4-mini:latest,57,"Explica en menos de 100 palabras la diferencia entre Inteligencia Artificial, Ma",0.9,0.75,40,"La Inteligencia Artificial (IA) se refiere a sistemas capaces de realizar tareas que normalmente requieren inteligencia humana, como el razonamiento y el aprendizaje.

Machine Learning es una subpágo de la IA donde los algoritmos aprenden y mejoran su rendimiento con base en datos sin instrucciones ",2847.82,122.45,2633.78,25,129,48.98,700,8.22,
2026-06-02T17:19:30.642141,exp_b_temperature_temp=0.9,phi4-mini:latest,58,"Explica en menos de 100 palabras la diferencia entre Inteligencia Artificial, Ma",0.9,0.75,40,"La Inteligencia Artificial (IA) se refiere a las máquinas capaces de realizar tareas que normalmente requieren inteligencia humana; el aprendizaje automático es una subcategoría del campo más amplio de computación, donde los algoritmos analizan datos para tomar decisiones con mínima intervención hum",3016.13,103.97,2819.82,25,138,48.94,792,8.19,
2026-06-02T17:19:33.216790,exp_b_temperature_temp=0.9,phi4-mini:latest,59,"Explica en menos de 100 palabras la diferencia entre Inteligencia Artificial, Ma",0.9,0.75,40,La Inteligencia Artificial (IA) es el conjunto general del conocimiento computacional sobre comportamientos inteligentes y tareas asociadas a los humanos o máquinas. El Aprendizaje Automático (Machine Learning - ML) se refiere al campo de la IA que permite que las máquinas aprenden con la experienci,2566.46,105.5,2380.94,25,117,49.14,608,8.34,
2026-06-02T17:19:36.253758,exp_b_temperature_temp=0.9,phi4-mini:latest,60,"Explica en menos de 100 palabras la diferencia entre Inteligencia Artificial, Ma",0.9,0.75,40,"La **Inteligencia Artificial (IA)** se refiere a sistemas capaces de realizar tareas que requieren inteligencia humana como el razonamiento, el aprendizaje y las percepciones del entorno.

El **Machine Learning (ML)** es una rama dentro de la IA donde los algoritmos aprenden automáticamente optimiza",3028.78,102.35,2832.82,25,138,48.71,719,8.5,
2026-06-02T17:19:39.165132,exp_b_temperature_temp=0.9,phi4-mini:latest,61,"Explica en menos de 100 palabras la diferencia entre Inteligencia Artificial, Ma",0.9,0.75,40,"La Inteligencia Artificial (IA) es el conjunto amplio de sistemas que simulan inteligencia humana para resolver tareas complejas. El Aprendizaje Automático (Machine Learning o ML) es una rama del campo de la IA en donde los algoritmos aprenden y mejoran con la experiencia sin codificación explícita,",2903.23,102.92,2711.7,25,132,48.68,686,8.18,
2026-06-02T17:19:41.786077,exp_b_temperature_temp=0.9,phi4-mini:latest,62,"Explica en menos de 100 palabras la diferencia entre Inteligencia Artificial, Ma",0.9,0.75,40,"La **Inteligencia Artificial (IA)** se refiere al estudio del diseño y desarrollo de sistemas que imitan capacidades mentales como el razonamiento humano.

El **Machine Learning** es un subconjunto de la IA donde los algoritmos aprenden a partir de datos sin instrucciones explícitas, mejorando su re",2611.12,102.97,2422.63,25,118,48.71,629,8.34,
2026-06-02T17:19:44.822052,exp_b_temperature_temp=0.9,phi4-mini:latest,63,"Explica en menos de 100 palabras la diferencia entre Inteligencia Artificial, Ma",0.9,0.75,40,"La **Inteligencia Artificial (IA)** se refiere al conjunto general de tecnologías y métodos diseñados para crear máquinas capaces de realizar tareas que requieren inteligencia humana, como el razonamiento y las decisiones.

El **Machine Learning (ML)** es un subconjunto del campo de la IA donde los ",3025.45,102.07,2817.35,25,134,47.56,702,7.9,
2026-06-02T17:19:47.802368,exp_b_temperature_temp=0.9,phi4-mini:latest,64,"Explica en menos de 100 palabras la diferencia entre Inteligencia Artificial, Ma",0.9,0.75,40,"La **Inteligencia Artificial (IA)** es el conjunto general de sistemas y tecnologías diseñadas para imitar comportamientos inteligentes humanos.

El **Machine Learning** forma parte de la IA, enfocándose específicamente en algoritmos que permiten a los sistemas aprender del datos sin ser programados",2971.82,106.4,2769.94,25,132,47.65,667,8.38,
2026-06-02T17:19:52.240819,exp_b_temperature_temp=0.9,phi4-mini:latest,65,"Explica en menos de 100 palabras la diferencia entre Inteligencia Artificial, Ma",0.9,0.75,40,"La Inteligencia Artificial (IA) es el término amplio que abarca todas las tecnologías computacionales diseñadas para realizar tareas inteligentes típicamente asociadas con los humanos. El Aprendizaje Automático (Machine Learning o ML), una subparte de la IA, se refiere a algoritmos y métodos que per",4416.75,96.53,4184.57,25,200,47.79,999,7.8,
2026-06-02T17:19:56.670500,exp_b_temperature_temp=0.9,phi4-mini:latest,66,"Explica en menos de 100 palabras la diferencia entre Inteligencia Artificial, Ma",0.9,0.75,40,"La IA se refiere a todas las tecnologías diseñadas para simular el comportamiento humano y realizar tareas que requieren inteligencia humana como aprender, reconocer patrones o tomar decisiones. El Machine Learning es una rama del campo científico de la computación con énfasis en algoritmos estadíst",4412.26,106.41,4171.72,25,200,47.94,1136,8.03,
2026-06-02T17:20:00.110831,exp_b_temperature_temp=0.9,phi4-mini:latest,67,"Explica en menos de 100 palabras la diferencia entre Inteligencia Artificial, Ma",0.9,0.75,40,"La **Inteligencia Artificial (IA)** se refiere a sistemas capaces de realizar tareas que normalmente requieren inteligencia humana, como reconocer patrones y tomar decisiones.

El **Machine Learning** es un subcampo de la IA donde los algoritmos aprenden automáticamente con el tiempo aprendiendo de ",3430.32,103.01,3219.93,25,155,48.14,852,8.09,
2026-06-02T17:20:03.282012,exp_b_temperature_temp=0.9,phi4-mini:latest,68,"Explica en menos de 100 palabras la diferencia entre Inteligencia Artificial, Ma",0.9,0.75,40,"La **Inteligencia Artificial (IA)** se refiere a sistemas capaces de realizar tareas que normalmente requieren inteligencia humana. El **Machine Learning (ML)** es un subconjunto de IA donde los algoritmos aprenden de datos para mejorar con el tiempo sin ser explícitamente programados, mientras la I",3163.62,103.09,2961.25,25,143,48.29,758,8.45,
2026-06-02T17:20:07.086049,exp_b_temperature_temp=0.9,phi4-mini:latest,69,"Explica en menos de 100 palabras la diferencia entre Inteligencia Artificial, Ma",0.9,0.75,40,"La **Inteligencia Artificial (IA)** se refiere a sistemas que imitan procesos cognitivos humanos para realizar tareas como el razonamiento y aprender con experiencias.

El **Machine Learning** es una subparte del campo de la IA donde los algoritmos aprenden de datos sin ser explícitamente programado",3795.71,103.07,3580.26,25,173,48.32,930,7.5,
2026-06-02T17:20:10.262927,exp_b_temperature_temp=0.9,phi4-mini:latest,70,"Explica en menos de 100 palabras la diferencia entre Inteligencia Artificial, Ma",0.9,0.75,40,"La Inteligencia Artificial (IA) es el concepto general del desarrollo y diseño de máquinas que pueden realizar tareas con inteligencia humana como percepción, aprendizaje, razonamiento o resolución de problemas.

Machine Learning (ML), una rama de la IA, se centra en crear algoritmos capaces de apre",3167.75,101.75,2965.3,25,142,47.89,768,8.82,
2026-06-02T17:20:14.701490,exp_b_temperature_temp=0.9,phi4-mini:latest,71,"Explica en menos de 100 palabras la diferencia entre Inteligencia Artificial, Ma",0.9,0.75,40,"La **Inteligencia Artificial (IA)** es el campo del conocimiento que se ocupa del desarrollo y estudio de sistemas capaces de imitar comportamientos humanos, realizar tareas inteligentes por sí mismos.

El **Machine Learning** es una subdisciplina de la IA que utiliza algoritmos para aprender a part",4429.15,102.68,4195.29,25,200,47.67,1023,7.79,
2026-06-02T17:20:17.154050,exp_b_temperature_temp=0.9,phi4-mini:latest,72,"Explica en menos de 100 palabras la diferencia entre Inteligencia Artificial, Ma",0.9,0.75,40,"La Inteligencia Artificial (IA) es el término general para sistemas que pueden realizar tareas típicamente humanas, como pensar, aprender y comprender idiomas.

Machine Learning es una subárea de la IA donde los algoritmos aprenden con datos sin ser explícitamente programados, identificando patrones",2444.1,95.52,2261.29,25,108,47.76,576,8.35,
2026-06-02T17:20:19.497826,exp_b_temperature_temp=0.9,phi4-mini:latest,73,"Explica en menos de 100 palabras la diferencia entre Inteligencia Artificial, Ma",0.9,0.75,40,"La IA se refiere a sistemas que realizan tareas inteligentes típicamente requeridas por humanos, como el reconocimiento de voz o imágenes. El ML es una subcamposo del IA donde los algoritmos aprenden y mejoran su desempeño con datos sin ser explícitamente programados para la tarea específica en cues",2334.22,102.92,2153.01,25,104,48.3,529,7.48,
2026-06-02T17:20:22.653037,exp_b_temperature_temp=0.9,phi4-mini:latest,74,"Explica en menos de 100 palabras la diferencia entre Inteligencia Artificial, Ma",0.9,0.75,40,"La **Inteligencia Artificial (IA)** se refiere a sistemas que imitan capacidades cognitivas humanas para realizar tareas como el aprendizaje, razonamiento y resolución de problemas.

El **Machine Learning** es un subconjunto del campo más amplio de la IA donde los algoritmos aprenden con datos sin s",3147.84,102.63,2945.08,25,141,47.88,753,8.33,
2026-06-02T17:20:26.321449,exp_b_temperature_temp=0.9,phi4-mini:latest,75,"Explica en menos de 100 palabras la diferencia entre Inteligencia Artificial, Ma",0.9,0.75,40,"La **Inteligencia Artificial (IA)** se refiere a sistemas o programas capaces de realizar tareas que normalmente requieren inteligencia humana, como el razonamiento y el aprendizaje.

El **Machine Learning (ML)** es una rama del IA enfocada en desarrollar algoritmos con los cuales las máquinas puede",3662.78,103.05,3448.46,25,167,48.43,911,8.37,
2026-06-02T17:20:28.427758,exp_b_temperature_temp=0.9,phi4-mini:latest,76,"Explica en menos de 100 palabras la diferencia entre Inteligencia Artificial, Ma",0.9,0.75,40,"La Inteligencia Artificial (IA) se refiere a sistemas capaces de realizar tareas que normalmente requieren inteligencia humana. El Machine Learning es un subcampo del AI donde los algoritmos aprenden y mejoran con datos sin ser explícitamente programados para una tarea específica. La IA Generativa, ",2100.07,101.09,1922.47,25,93,48.38,485,8.31,
2026-06-02T17:20:31.034430,exp_b_temperature_temp=0.9,phi4-mini:latest,77,"Explica en menos de 100 palabras la diferencia entre Inteligencia Artificial, Ma",0.9,0.75,40,"La **Inteligencia Artificial (IA)** se refiere al conjunto general de tecnologías y métodos para simular el pensamiento humano y los procesos cognitivos.

El **Machine Learning (ML)** es un subconjunto del campo de la IA que se enfoca en diseñar algoritmos capaces de aprender a partir de datos, iden",2599.21,101.62,2412.33,25,117,48.5,586,7.99,
2026-06-02T17:20:34.441592,exp_b_temperature_temp=0.9,phi4-mini:latest,78,"Explica en menos de 100 palabras la diferencia entre Inteligencia Artificial, Ma",0.9,0.75,40,"La Inteligencia Artificial (IA) es el conjunto general de sistemas que pueden realizar tareas con inteligencia humana. El Aprendizaje Automático (Machine Learning, ML) se trata del proceso mediante el cual las máquinas aprenden a partir de datos sin ser programadas explícitamente para hacerlo; lo id",3397.26,102.62,3192.9,25,156,48.86,828,7.9,
2026-06-02T17:20:37.952086,exp_b_temperature_temp=0.9,phi4-mini:latest,79,"Explica en menos de 100 palabras la diferencia entre Inteligencia Artificial, Ma",0.9,0.75,40,La IA se refiere al diseño inteligente del sistema automatizado con inteligencia artificial para realizar tareas que normalmente requieren inteligencia humana. El Machine Learning es una rama específica dentro de la IA donde los algoritmos aprenden y mejoran a partir de datos sin instrucciones explí,3503.3,104.69,3290.96,25,160,48.62,905,8.16,
2026-06-02T17:20:42.348187,exp_b_temperature_temp=0.9,phi4-mini:latest,80,"Explica en menos de 100 palabras la diferencia entre Inteligencia Artificial, Ma",0.9,0.75,40,"La **Inteligencia Artificial (IA)** se refiere al estudio del comportamiento inteligente por máquinas con el objetivo de crear sistemas capaces de realizar tareas que normalmente requieren inteligencia humana.

El **Machine Learning** es una rama específica dentro de la IA que permite a las computad",4389.29,101.21,4155.12,25,199,47.89,1084,7.82,
2026-06-02T17:20:45.620020,exp_b_temperature_temp=0.9,phi4-mini:latest,81,"Explica en menos de 100 palabras la diferencia entre Inteligencia Artificial, Ma",0.9,0.75,40,"La Inteligencia Artificial (IA) se refiere a sistemas capaces de realizar tareas que normalmente requieren inteligencia humana, como el aprendizaje y el razonamiento.

Machine Learning es una rama del campo científico de la IA donde los algoritmos aprenden y mejoran su rendimiento con cada dato nuev",3265.05,98.86,3064.48,25,148,48.3,797,8.46,
2026-06-02T17:20:49.453163,exp_b_temperature_temp=0.9,phi4-mini:latest,82,"Explica en menos de 100 palabras la diferencia entre Inteligencia Artificial, Ma",0.9,0.75,40,"La Inteligencia Artificial (IA) se refiere a sistemas capaces de realizar tareas que normalmente requieren inteligencia humana, como el razonamiento y el aprendizaje. El Aprendizaje Automático (Machine Learning), es un subcampo del IA donde los algoritmos aprenden con datos para hacer predicciones o",3819.81,97.41,3585.75,25,170,47.41,874,8.12,
2026-06-02T17:20:53.071296,exp_b_temperature_temp=0.9,phi4-mini:latest,83,"Explica en menos de 100 palabras la diferencia entre Inteligencia Artificial, Ma",0.9,0.75,40,"La **Inteligencia Artificial (IA)** se refiere al diseño de sistemas capaces de realizar tareas que requieren inteligencia humana como el aprendizaje, la resolución de problemas y la adaptación a nuevas situaciones.

El **Machine Learning** es una subárea de la IA donde los algoritmos aprenden autom",3601.25,109.22,3371.99,25,162,48.04,880,8.08,
2026-06-02T17:20:56.212923,exp_b_temperature_temp=0.9,phi4-mini:latest,84,"Explica en menos de 100 palabras la diferencia entre Inteligencia Artificial, Ma",0.9,0.75,40,"La **Inteligencia Artificial (IA)** es el término general para sistemas que realizan tareas usualmente requieren inteligencia humana, como reconocer voz o lenguaje natural.

El **Machine Learning (ML)** es una rama de la IA donde los algoritmos aprenden y mejoran a través del análisis de datos sin s",3128.24,106.03,2911.56,25,140,48.08,712,8.3,
2026-06-02T17:20:59.499208,exp_b_temperature_temp=0.9,phi4-mini:latest,85,"Explica en menos de 100 palabras la diferencia entre Inteligencia Artificial, Ma",0.9,0.75,40,"La **Inteligencia Artificial (IA)** se refiere a las tecnologías desarrolladas para que los sistemas simulen inteligencia humana y ejecuten tareas como el razonamiento lógico, reconocimiento de voz, aprendizaje automático u otras formas avanzadas de procesamiento del lenguaje natural.

El **Machine ",3277.09,106.72,3052.8,25,146,47.82,810,8.79,
2026-06-02T17:21:02.249691,exp_b_temperature_temp=0.9,phi4-mini:latest,86,"Explica en menos de 100 palabras la diferencia entre Inteligencia Artificial, Ma",0.9,0.75,40,"La Inteligencia Artificial (IA) se refiere al desarrollo del software que realiza tareas típicas de los humanos con inteligencia, como reconocer el habla o ver imágenes. El Aprendizaje Automático es una rama específica de la IA donde los algoritmos aprenden y mejoran a través del tiempo sin ser expl",2742.84,97.26,2544.45,25,121,47.55,595,7.98,
2026-06-02T17:21:06.689218,exp_b_temperature_temp=0.9,phi4-mini:latest,87,"Explica en menos de 100 palabras la diferencia entre Inteligencia Artificial, Ma",0.9,0.75,40,"La Inteligencia Artificial (IA) se refiere al diseño de sistemas que pueden realizar tareas típicas de humanos como pensar y aprender. El Machine Learning es una rama de la IA donde los algoritmos aprenden con experiencia sin ser explícitamente programados para hacerlo. La IA generativa, por su part",4430.58,106.4,4183.65,25,200,47.81,1008,7.99,
2026-06-02T17:21:10.409135,exp_b_temperature_temp=0.9,phi4-mini:latest,88,"Explica en menos de 100 palabras la diferencia entre Inteligencia Artificial, Ma",0.9,0.75,40,"La Inteligencia Artificial (IA) se refiere al conjunto general de sistemas capaces de realizar tareas que normalmente requieren inteligencia humana, como el aprendizaje y el razonamiento.

Machine Learning es una subrama de la IA enfocada en construir modelos para predecir resultados sin ser explíci",3710.59,98.57,3496.29,25,168,48.05,884,8.35,
2026-06-02T17:21:13.091070,exp_b_temperature_temp=0.9,phi4-mini:latest,89,"Explica en menos de 100 palabras la diferencia entre Inteligencia Artificial, Ma",0.9,0.75,40,La **Inteligencia Artificial (IA)** se refiere al desarrollo del conocimiento y el comportamiento artificial para realizar tareas que requieren inteligencia humana. El **Machine Learning (ML)** es un subconjunto de IA donde los algoritmos aprenden a partir de datos sin ser explícitamente programados,2668.49,99.15,2477.68,25,119,48.03,603,8.08,
2026-06-02T17:21:16.390023,exp_b_temperature_temp=0.9,phi4-mini:latest,90,"Explica en menos de 100 palabras la diferencia entre Inteligencia Artificial, Ma",0.9,0.75,40,La IA se refiere a todas las técnicas que permiten a las máquinas simular el comportamiento inteligente del ser humano y otras entidades biológicas. El Machine Learning es una rama del aprendizaje automático donde los sistemas aprenden con experiencia sin ser explícitamente programados para hacerlo;,3283.41,104.99,3063.46,25,146,47.66,773,8.24,
2026-06-02T17:21:19.566494,exp_b_temperature_temp=0.9,phi4-mini:latest,91,"Explica en menos de 100 palabras la diferencia entre Inteligencia Artificial, Ma",0.9,0.75,40,"La **Inteligencia Artificial (IA)** se refiere al desarrollo de sistemas capaces de realizar tareas que normalmente requieren inteligencia humana, como reconocer el habla o entender textos.

El **Machine Learning** es un subconjunto del campo de la IA donde los algoritmos aprenden a partir y mejoran",3164.63,108.86,2952.88,25,143,48.43,785,8.54,
2026-06-02T17:21:23.139972,exp_b_temperature_temp=0.9,phi4-mini:latest,92,"Explica en menos de 100 palabras la diferencia entre Inteligencia Artificial, Ma",0.9,0.75,40,"La Inteligencia Artificial (IA) se refiere a las tecnologías computacionales que permiten a los sistemas simular comportamientos inteligentes humanos, como el razonamiento y aprender del entorno.

El Machine Learning es un subconjunto de la IA que utiliza algoritmos para analizar datos con el fin de",3564.2,103.28,3338.5,25,160,47.93,887,8.27,
2026-06-02T17:21:25.480812,exp_b_temperature_temp=0.9,phi4-mini:latest,93,"Explica en menos de 100 palabras la diferencia entre Inteligencia Artificial, Ma",0.9,0.75,40,"La Inteligencia Artificial (IA) es el estudio del diseño y desarrollo de máquinas capaces de realizar tareas que normalmente requieren inteligencia humana.

El Machine Learning (ML) es un subcampo de la IA donde los sistemas aprenden a partir de datos para tomar decisiones o ejecutar tareas sin ser ",2329.78,101.04,2153.26,25,106,49.23,573,8.26,
2026-06-02T17:21:28.877699,exp_b_temperature_temp=0.9,phi4-mini:latest,94,"Explica en menos de 100 palabras la diferencia entre Inteligencia Artificial, Ma",0.9,0.75,40,"La **Inteligencia Artificial (IA)** se refiere a sistemas que pueden realizar tareas usualmente requeridas para los humanos, como el aprendizaje, razonamiento y percepción.

El **Machine Learning** es una subdisciplina de la IA donde algoritmos aprenden y mejoran su rendimiento con la experiencia si",3388.08,103.45,3182.95,25,155,48.7,760,8.53,
2026-06-02T17:21:33.245080,exp_b_temperature_temp=0.9,phi4-mini:latest,95,"Explica en menos de 100 palabras la diferencia entre Inteligencia Artificial, Ma",0.9,0.75,40,"La Inteligencia Artificial (IA) es el conjunto general de sistemas capaces de realizar tareas que normalmente requieren inteligencia humana. El Machine Learning (ML), una rama del IA, implica a los algoritmos aprendiendo y mejorando con datos sin programación explícita. La IA generativa se enfoca en",4358.68,99.51,4131.3,25,200,48.41,1043,8.04,
2026-06-02T17:21:35.537176,exp_b_temperature_temp=0.9,phi4-mini:latest,96,"Explica en menos de 100 palabras la diferencia entre Inteligencia Artificial, Ma",0.9,0.75,40,"La **Inteligencia Artificial (IA)** es el campo que busca desarrollar sistemas capaces de realizar tareas que normalmente requieren inteligencia humana.

El **Machine Learning** es una subcampo de la IA donde los algoritmos aprenden a partir del datos en lugar de seguir instrucciones específicas esc",2285.37,102.99,2097.01,25,100,47.69,528,8.11,
2026-06-02T17:21:38.112169,exp_b_temperature_temp=0.9,phi4-mini:latest,97,"Explica en menos de 100 palabras la diferencia entre Inteligencia Artificial, Ma",0.9,0.75,40,"La Inteligencia Artificial (IA) es el concepto general que implica crear máquinas capaces de realizar tareas que normalmente requieren inteligencia humana. El Aprendizaje Automático (Machine Learning o ML) es una técnica dentro del campo de la IA donde los algoritmos aprenden a partir de datos, mejo",2566.65,101.81,2378.73,25,116,48.77,599,8.29,
2026-06-02T17:21:40.462239,exp_b_temperature_temp=0.9,phi4-mini:latest,98,"Explica en menos de 100 palabras la diferencia entre Inteligencia Artificial, Ma",0.9,0.75,40,"La Inteligencia Artificial (IA) se refiere al conjunto general de sistemas capaces de realizar tareas que normalmente requieren inteligencia humana. El Aprendizaje Automático (Machine Learning, ML) es una rama del campo científico más amplio de la IA, enfocada en crear modelos predictivos para tomar",2341.72,104.82,2160.77,25,106,49.06,520,8.76,
2026-06-02T17:21:42.598439,exp_b_temperature_temp=0.9,phi4-mini:latest,99,"Explica en menos de 100 palabras la diferencia entre Inteligencia Artificial, Ma",0.9,0.75,40,"La Inteligencia Artificial (IA) se refiere a sistemas inteligentes que pueden realizar tareas para simular inteligencia humana, como reconocer voz o lenguaje natural.

Machine Learning es una subrama de la IA donde los algoritmos aprenden y mejoran su rendimiento sin programación explícita, aprendie",2128.7,106.82,1946.51,25,95,48.81,511,8.76,
2026-06-02T17:21:45.459435,exp_b_temperature_temp=0.9,phi4-mini:latest,100,"Explica en menos de 100 palabras la diferencia entre Inteligencia Artificial, Ma",0.9,0.75,40,"La **Inteligencia Artificial (IA)** se refiere a sistemas que pueden realizar tareas típicas del cerebro humano, como reconocer patrones y tomar decisiones.

El **Machine Learning** es una rama de la IA donde los algoritmos aprenden de datos para mejorar su rendimiento con el tiempo sin ser explícit",2852.29,100.52,2660.44,25,129,48.49,661,8.01,
2026-06-02T17:21:49.871030,exp_b_top_p_top_p=0.5,phi4-mini:latest,1,"Explica en menos de 100 palabras la diferencia entre Inteligencia Artificial, Ma",0.5,0.5,40,"La **Inteligencia Artificial (IA)** se refiere a sistemas capaces de realizar tareas que normalmente requieren inteligencia humana, como el razonamiento y la percepción.

El **Machine Learning** es una rama del campo científico de la computación que implica enseñar a los computadores para tomar deci",4393.92,97.44,4160.25,25,200,48.07,1070,8.17,
2026-06-02T17:21:52.078579,exp_b_top_p_top_p=0.5,phi4-mini:latest,2,"Explica en menos de 100 palabras la diferencia entre Inteligencia Artificial, Ma",0.5,0.5,40,"La Inteligencia Artificial (IA) es el conjunto general de sistemas capaces de realizar tareas que normalmente requieren inteligencia humana. El Machine Learning (ML), un subconjunto del IA, implica entrenar modelos con datos para hacer predicciones o tomar decisiones sin ser explícitamente programad",2196.98,108.02,2006.91,25,97,48.33,540,8.79,
2026-06-02T17:21:54.475995,exp_b_top_p_top_p=0.5,phi4-mini:latest,3,"Explica en menos de 100 palabras la diferencia entre Inteligencia Artificial, Ma",0.5,0.5,40,"La Inteligencia Artificial (IA) es el término general para sistemas que realizan tareas típicamente humanas, como aprender y comprender información. El Aprendizaje Automático (Machine Learning o ML) es un subconjunto del IA donde los algoritmos aprenden de datos sin ser explícitamente programados; a",2387.95,105.87,2203.82,25,108,49.01,546,8.69,
2026-06-02T17:21:57.883973,exp_b_top_p_top_p=0.5,phi4-mini:latest,4,"Explica en menos de 100 palabras la diferencia entre Inteligencia Artificial, Ma",0.5,0.5,40,"La **Inteligencia Artificial (IA)** se refiere a sistemas capaces de realizar tareas que requieren inteligencia humana como el razonamiento y el aprendizaje.

El **Machine Learning** es una subárea de la IA donde los algoritmos aprenden con datos para mejorar su rendimiento en tareas específicas, si",3399.03,104.73,3193.48,25,156,48.85,826,8.05,
2026-06-02T17:22:00.864455,exp_b_top_p_top_p=0.5,phi4-mini:latest,5,"Explica en menos de 100 palabras la diferencia entre Inteligencia Artificial, Ma",0.5,0.5,40,"La **Inteligencia Artificial (IA)** se refiere a sistemas capaces de realizar tareas que normalmente requieren inteligencia humana, como el razonamiento y la toma de decisiones.

El **Machine Learning** es una subcampo de la IA donde los algoritmos aprenden automáticamente de datos sin ser explícita",2973.24,103.09,2770.95,25,135,48.72,715,7.87,
2026-06-02T17:22:03.559352,exp_b_top_p_top_p=0.5,phi4-mini:latest,6,"Explica en menos de 100 palabras la diferencia entre Inteligencia Artificial, Ma",0.5,0.5,40,"La **Inteligencia Artificial (IA)** se refiere a las máquinas capaces de realizar tareas que normalmente requieren inteligencia humana, como el reconocimiento de voz o imágenes.

El **Machine Learning** es una rama del aprendizaje automático donde los algoritmos aprenden con datos para hacer predicc",2687.64,103.86,2496.8,25,122,48.86,669,8.59,
2026-06-02T17:22:06.490717,exp_b_top_p_top_p=0.5,phi4-mini:latest,7,"Explica en menos de 100 palabras la diferencia entre Inteligencia Artificial, Ma",0.5,0.5,40,"La Inteligencia Artificial (IA) es el campo general que trata con sistemas inteligentes capaces de realizar tareas que normalmente requieren inteligencia humana.

El Aprendizaje Automático (Machine Learning - ML), una rama del IA, se centra en crear modelos predictivos a partir de datos sin necesida",2924.39,102.63,2728.02,25,132,48.39,711,8.47,
2026-06-02T17:22:09.452824,exp_b_top_p_top_p=0.5,phi4-mini:latest,8,"Explica en menos de 100 palabras la diferencia entre Inteligencia Artificial, Ma",0.5,0.5,40,"La Inteligencia Artificial (IA) es el conjunto general de tecnologías que permiten a las máquinas simular funciones humanas como aprender y razonar con inteligencia artificial.

El Aprendizaje Automático (Machine Learning - ML), una rama del campo más amplio de la IA, se refiere al proceso mediante ",2955.3,98.13,2766.82,25,136,49.15,741,8.24,
2026-06-02T17:22:11.919270,exp_b_top_p_top_p=0.5,phi4-mini:latest,9,"Explica en menos de 100 palabras la diferencia entre Inteligencia Artificial, Ma",0.5,0.5,40,"La Inteligencia Artificial (IA) se refiere al conjunto general de tecnologías que permiten a las máquinas simular comportamientos inteligentes como los humanos. El Aprendizaje Automático (Machine Learning - ML), es una rama del campo de la IA donde el sistema aprende y mejora su rendimiento con la e",2459.25,102.34,2278.74,25,112,49.15,596,8.29,
2026-06-02T17:22:14.324109,exp_b_top_p_top_p=0.5,phi4-mini:latest,10,"Explica en menos de 100 palabras la diferencia entre Inteligencia Artificial, Ma",0.5,0.5,40,"La Inteligencia Artificial (IA) es el campo general que trata con sistemas capaces de realizar tareas típicamente humanas como aprender y razonar. El Aprendizaje Automático (Machine Learning o ML) es una subrama del IA donde los algoritmos aprenden a partir de datos, mejorando su rendimiento sin cod",2395.9,104.64,2210.12,25,108,48.87,533,8.28,
2026-06-02T17:22:16.812901,exp_b_top_p_top_p=0.5,phi4-mini:latest,11,"Explica en menos de 100 palabras la diferencia entre Inteligencia Artificial, Ma",0.5,0.5,40,"La Inteligencia Artificial (IA) es el término general para sistemas que realizan tareas típicamente humanas, como aprender y tomar decisiones.

El Aprendizaje Automático (Machine Learning - ML) se refiere a un subconjunto del campo de la IA donde los algoritmos aprenden de datos sin ser explícitamen",2481.39,103.97,2297.38,25,112,48.75,573,8.58,
2026-06-02T17:22:19.564563,exp_b_top_p_top_p=0.5,phi4-mini:latest,12,"Explica en menos de 100 palabras la diferencia entre Inteligencia Artificial, Ma",0.5,0.5,40,"La Inteligencia Artificial (IA) se refiere al desarrollo de sistemas capaces de realizar tareas que requieren inteligencia humana como el razonamiento y la percepción del entorno. El Aprendizaje Automático (Machine Learning o ML), es un subcampo de la IA donde los algoritmos aprenden a partir de dat",2742.98,102.02,2552.39,25,123,48.19,640,8.26,
2026-06-02T17:22:23.550097,exp_b_top_p_top_p=0.5,phi4-mini:latest,13,"Explica en menos de 100 palabras la diferencia entre Inteligencia Artificial, Ma",0.5,0.5,40,"La **Inteligencia Artificial (IA)** se refiere a las máquinas capaces de realizar tareas que normalmente requieren inteligencia humana, como el razonamiento y aprender del entorno.

El **Machine Learning** es una subcampo de la IA donde los sistemas aprenden automáticamente de datos sin ser explícit",3972.67,132.58,3715.12,25,178,47.91,990,8.11,
2026-06-02T17:22:27.205287,exp_b_top_p_top_p=0.5,phi4-mini:latest,14,"Explica en menos de 100 palabras la diferencia entre Inteligencia Artificial, Ma",0.5,0.5,40,"La Inteligencia Artificial (IA) se refiere al conjunto general de tecnologías que permiten a las máquinas simular comportamientos inteligentes similares a los humanos. El Aprendizaje Automático (Machine Learning o ML), es un subconjunto del campo de la IA donde el sistema aprende y mejora su rendimi",3644.97,121.85,3402.99,25,165,48.49,907,7.99,
2026-06-02T17:22:31.529313,exp_b_top_p_top_p=0.5,phi4-mini:latest,15,"Explica en menos de 100 palabras la diferencia entre Inteligencia Artificial, Ma",0.5,0.5,40,"La Inteligencia Artificial (IA) se refiere al diseño de sistemas capaces de realizar tareas que normalmente requieren inteligencia humana, como el reconocimiento de voz o lenguaje natural.

El Aprendizaje Automático es una rama del campo más amplio de IA, donde los algoritmos aprenden a partir de da",4315.89,105.67,4084.23,25,198,48.48,1069,8.11,
2026-06-02T17:22:35.921799,exp_b_top_p_top_p=0.5,phi4-mini:latest,16,"Explica en menos de 100 palabras la diferencia entre Inteligencia Artificial, Ma",0.5,0.5,40,"La Inteligencia Artificial (IA) se refiere al desarrollo de sistemas capaces de realizar tareas que normalmente requieren inteligencia humana, como el reconocimiento de voz o lenguaje natural.

El Aprendizaje Automático es una rama del campo más amplio de la IA donde los algoritmos aprenden a partir",4384.11,103.35,4139.55,25,200,48.31,1015,8.05,
2026-06-02T17:22:39.668926,exp_b_top_p_top_p=0.5,phi4-mini:latest,17,"Explica en menos de 100 palabras la diferencia entre Inteligencia Artificial, Ma",0.5,0.5,40,"La Inteligencia Artificial (IA) es el campo general que trata con sistemas inteligentes capaces de realizar tareas que normalmente requieren inteligencia humana.

El Aprendizaje Automático (Machine Learning o ML), una rama del IA, implica desarrollar algoritmos que aprenden y mejoran su rendimiento ",3738.67,104.37,3525.05,25,172,48.79,944,8.21,
2026-06-02T17:22:42.352310,exp_b_top_p_top_p=0.5,phi4-mini:latest,18,"Explica en menos de 100 palabras la diferencia entre Inteligencia Artificial, Ma",0.5,0.5,40,"La **Inteligencia Artificial (IA)** se refiere a sistemas que pueden realizar tareas típicas del intelecto humano como el razonamiento y aprender con experiencia.

El **Machine Learning** es una subárea de la IA donde los algoritmos aprenden a partir de datos, identificando patrones para tomar decis",2676.47,102.57,2487.29,25,122,49.05,638,8.68,
2026-06-02T17:22:44.950026,exp_b_top_p_top_p=0.5,phi4-mini:latest,19,"Explica en menos de 100 palabras la diferencia entre Inteligencia Artificial, Ma",0.5,0.5,40,"La Inteligencia Artificial (IA) es el término general para tecnologías que permiten a las máquinas simular comportamientos inteligentes como los humanos. El Aprendizaje Automático (Machine Learning o ML), una rama del campo de la IA, se refiere al proceso mediante el cual un sistema aprende con dato",2588.06,103.59,2400.07,25,115,47.92,605,8.31,
2026-06-02T17:22:47.792552,exp_b_top_p_top_p=0.5,phi4-mini:latest,20,"Explica en menos de 100 palabras la diferencia entre Inteligencia Artificial, Ma",0.5,0.5,40,"La **Inteligencia Artificial (IA)** se refiere a sistemas que pueden realizar tareas que normalmente requieren inteligencia humana, como el reconocimiento de voz o lenguaje natural.

El **Machine Learning** es una rama del aprendizaje automático donde los algoritmos aprenden y mejoran con la experie",2829.81,99.17,2637.42,25,124,47.02,696,8.54,
2026-06-02T17:22:50.192495,exp_b_top_p_top_p=0.5,phi4-mini:latest,21,"Explica en menos de 100 palabras la diferencia entre Inteligencia Artificial, Ma",0.5,0.5,40,"La Inteligencia Artificial (IA) es el campo general que estudia las máquinas para simular inteligencia humana. El Aprendizaje Automático (Machine Learning), una rama del IA, implica a los sistemas aprender y mejorar su rendimiento con datos sin ser explícitamente programados. La IA Generativa se ref",2391.7,99.38,2208.87,25,107,48.44,544,8.4,
2026-06-02T17:22:52.935742,exp_b_top_p_top_p=0.5,phi4-mini:latest,22,"Explica en menos de 100 palabras la diferencia entre Inteligencia Artificial, Ma",0.5,0.5,40,"La **Inteligencia Artificial (IA)** se refiere a sistemas capaces de realizar tareas que requieren inteligencia humana como el aprendizaje, razonamiento y percepción del entorno.

El **Machine Learning** es una subcampo de la IA donde los algoritmos aprenden de datos para mejorar su rendimiento en t",2735.8,102.63,2544.0,25,124,48.74,650,8.27,
2026-06-02T17:22:56.164708,exp_b_top_p_top_p=0.5,phi4-mini:latest,23,"Explica en menos de 100 palabras la diferencia entre Inteligencia Artificial, Ma",0.5,0.5,40,"La Inteligencia Artificial (IA) se refiere al desarrollo de sistemas capaces de realizar tareas que normalmente requieren inteligencia humana, como el razonamiento y la toma de decisiones.

El Aprendizaje Automático (Machine Learning o ML), es un subcampo de la IA donde los algoritmos aprenden a par",3219.84,99.36,3021.62,25,147,48.65,774,8.52,
2026-06-02T17:22:59.017074,exp_b_top_p_top_p=0.5,phi4-mini:latest,24,"Explica en menos de 100 palabras la diferencia entre Inteligencia Artificial, Ma",0.5,0.5,40,"La **Inteligencia Artificial (IA)** se refiere a sistemas capaces de realizar tareas que normalmente requieren inteligencia humana, como el reconocimiento de voz o lenguaje natural.

El **Machine Learning** es una subdisciplina de la IA donde los algoritmos aprenden y mejoran su rendimiento con la e",2844.56,106.45,2649.37,25,130,49.07,701,8.69,
2026-06-02T17:23:01.721564,exp_b_top_p_top_p=0.5,phi4-mini:latest,25,"Explica en menos de 100 palabras la diferencia entre Inteligencia Artificial, Ma",0.5,0.5,40,"La Inteligencia Artificial (IA) se refiere al diseño y desarrollo de sistemas capaces de realizar tareas que normalmente requieren inteligencia humana. El Aprendizaje Automático (Machine Learning o ML), es un subconjunto del IA donde los algoritmos aprenden a partir de datos sin ser explícitamente p",2696.12,103.64,2507.2,25,123,49.06,642,8.31,
2026-06-02T17:23:04.042834,exp_b_top_p_top_p=0.5,phi4-mini:latest,26,"Explica en menos de 100 palabras la diferencia entre Inteligencia Artificial, Ma",0.5,0.5,40,La Inteligencia Artificial (IA) se refiere al conjunto de tecnologías que permiten a las máquinas simular comportamientos inteligentes como los humanos. El Aprendizaje Automático es una rama del Machine Learning donde el sistema aprende y mejora su rendimiento con base en datos sin ser explícitament,2313.92,105.74,2133.38,25,105,49.22,544,8.5,
2026-06-02T17:23:07.532118,exp_b_top_p_top_p=0.5,phi4-mini:latest,27,"Explica en menos de 100 palabras la diferencia entre Inteligencia Artificial, Ma",0.5,0.5,40,"La **Inteligencia Artificial (IA)** se refiere a sistemas capaces de realizar tareas que requieren inteligencia humana como el razonamiento y aprender del entorno.

El **Machine Learning** es una rama de la IA donde los algoritmos aprenden de datos para mejorar su rendimiento en tareas específicas, ",3480.75,102.37,3275.0,25,160,48.85,836,7.97,
2026-06-02T17:23:10.217974,exp_b_top_p_top_p=0.5,phi4-mini:latest,28,"Explica en menos de 100 palabras la diferencia entre Inteligencia Artificial, Ma",0.5,0.5,40,"La Inteligencia Artificial (IA) se refiere al conjunto general de tecnologías que permiten a las máquinas simular comportamientos inteligentes como los humanos. El Aprendizaje Automático (Machine Learning - ML), es una rama del campo científico de la IA, donde desarrollamos algoritmos para permitir ",2678.17,107.11,2487.29,25,122,49.05,632,8.32,
2026-06-02T17:23:12.585890,exp_b_top_p_top_p=0.5,phi4-mini:latest,29,"Explica en menos de 100 palabras la diferencia entre Inteligencia Artificial, Ma",0.5,0.5,40,"La Inteligencia Artificial (IA) se refiere al desarrollo de sistemas que pueden realizar tareas típicamente humanas como aprender, razonar y percibir su entorno. El Machine Learning es un subconjunto de la IA donde los algoritmos aprenden a partir del datos sin instrucciones explícitas; mejora con m",2359.87,103.16,2177.62,25,107,49.14,567,8.41,
2026-06-02T17:23:15.368813,exp_b_top_p_top_p=0.5,phi4-mini:latest,30,"Explica en menos de 100 palabras la diferencia entre Inteligencia Artificial, Ma",0.5,0.5,40,"La **Inteligencia Artificial (IA)** se refiere a sistemas que realizan tareas típicas del intelecto humano como el razonamiento y el aprendizaje.

El **Machine Learning** es una rama de la IA donde los algoritmos aprenden automáticamente a partir de datos sin ser explícitamente programados para cada",2775.14,102.69,2586.05,25,127,49.11,629,8.68,
2026-06-02T17:23:17.986565,exp_b_top_p_top_p=0.5,phi4-mini:latest,31,"Explica en menos de 100 palabras la diferencia entre Inteligencia Artificial, Ma",0.5,0.5,40,"La **Inteligencia Artificial (IA)** se refiere a sistemas que realizan tareas típicas del cerebro humano como el razonamiento y aprender con experiencia.

El **Machine Learning** es una rama de la IA donde los algoritmos aprenden automáticamente de datos sin ser explícitamente programados, mejorando",2610.48,102.44,2425.7,25,119,49.06,621,8.17,
2026-06-02T17:23:20.459640,exp_b_top_p_top_p=0.5,phi4-mini:latest,32,"Explica en menos de 100 palabras la diferencia entre Inteligencia Artificial, Ma",0.5,0.5,40,"La Inteligencia Artificial (IA) es el término general para sistemas que realizan tareas típicamente humanas como pensar, aprender y tener conciencia. El Aprendizaje Automático (Machine Learning o ML), un subconjunto del IA, se refiere a algoritmos que aprenden de datos con la capacidad de mejorar su",2464.62,103.32,2282.72,25,112,49.06,581,8.31,
2026-06-02T17:23:23.380458,exp_b_top_p_top_p=0.5,phi4-mini:latest,33,"Explica en menos de 100 palabras la diferencia entre Inteligencia Artificial, Ma",0.5,0.5,40,"La **Inteligencia Artificial (IA)** se refiere a las tecnologías que permiten a los sistemas simular comportamientos inteligentes como humanos, con tareas como el reconocimiento de voz o lenguaje natural.

El **Machine Learning** es una rama del aprendizaje automático dentro de la IA donde los algor",2913.36,104.77,2717.18,25,133,48.95,701,8.6,
2026-06-02T17:23:26.270213,exp_b_top_p_top_p=0.5,phi4-mini:latest,34,"Explica en menos de 100 palabras la diferencia entre Inteligencia Artificial, Ma",0.5,0.5,40,La Inteligencia Artificial (IA) se refiere al conjunto de tecnologías que permiten a las máquinas simular comportamientos inteligentes como los humanos. El Aprendizaje Automático es una rama del Machine Learning donde el sistema aprende y mejora su rendimiento con datos sin ser explícitamente progra,2881.93,102.99,2691.61,25,132,49.04,713,8.21,
2026-06-02T17:23:29.114009,exp_b_top_p_top_p=0.5,phi4-mini:latest,35,"Explica en menos de 100 palabras la diferencia entre Inteligencia Artificial, Ma",0.5,0.5,40,"La Inteligencia Artificial (IA) es el campo amplio que estudia cómo crear máquinas capaces de realizar tareas inteligentes típicamente realizadas por humanos.

El Aprendizaje Automático (Machine Learning - ML), una rama del IA, se centra en desarrollar algoritmos que permiten a las máquinas aprender",2835.12,104.67,2641.02,25,129,48.84,682,8.36,
2026-06-02T17:23:31.648247,exp_b_top_p_top_p=0.5,phi4-mini:latest,36,"Explica en menos de 100 palabras la diferencia entre Inteligencia Artificial, Ma",0.5,0.5,40,"La **Inteligencia Artificial (IA)** se refiere a sistemas que realizan tareas típicas del cerebro humano como el razonamiento y aprender con base en datos.

El **Machine Learning** es una rama de la IA donde los algoritmos aprenden automáticamente de los datos sin ser explícitamente programados, mej",2527.03,103.29,2343.14,25,115,49.08,606,8.22,
2026-06-02T17:23:34.070407,exp_b_top_p_top_p=0.5,phi4-mini:latest,37,"Explica en menos de 100 palabras la diferencia entre Inteligencia Artificial, Ma",0.5,0.5,40,"La Inteligencia Artificial (IA) es el conjunto general de tecnologías para crear máquinas que imitan capacidades mentales humanas. El Aprendizaje Automático (Machine Learning o ML), un subconjunto del IA, permite a las máquinas aprender y mejorar con la experiencia sin codificación explícita; usan d",2414.88,102.75,2234.92,25,110,49.22,578,8.41,
2026-06-02T17:23:37.681400,exp_b_top_p_top_p=0.5,phi4-mini:latest,38,"Explica en menos de 100 palabras la diferencia entre Inteligencia Artificial, Ma",0.5,0.5,40,"La **Inteligencia Artificial (IA)** se refiere a las máquinas capaces de realizar tareas que normalmente requieren inteligencia humana, como el reconocimiento de voz o lenguaje natural.

El **Machine Learning** es una rama del aprendizaje automático donde los algoritmos aprenden y mejoran su rendimi",3603.16,103.22,3394.36,25,166,48.9,894,8.28,
2026-06-02T17:23:40.148576,exp_b_top_p_top_p=0.5,phi4-mini:latest,39,"Explica en menos de 100 palabras la diferencia entre Inteligencia Artificial, Ma",0.5,0.5,40,"La Inteligencia Artificial (IA) se refiere al diseño de sistemas capaces de realizar tareas que normalmente requieren inteligencia humana, como el razonamiento y aprender del entorno.

El Aprendizaje Automático (Machine Learning), una rama de la IA, implica desarrollar algoritmos que aprenden a part",2460.27,104.01,2277.55,25,112,49.18,615,8.21,
2026-06-02T17:23:43.188468,exp_b_top_p_top_p=0.5,phi4-mini:latest,40,"Explica en menos de 100 palabras la diferencia entre Inteligencia Artificial, Ma",0.5,0.5,40,"La **Inteligencia Artificial (IA)** se refiere a sistemas capaces de realizar tareas que requieren inteligencia humana como el razonamiento y el aprendizaje.

El **Machine Learning** es una rama del campo de la IA donde los algoritmos aprenden de datos para tomar decisiones o predicciones sin ser ex",3031.72,103.15,2835.78,25,139,49.02,732,8.15,
2026-06-02T17:23:46.696294,exp_b_top_p_top_p=0.5,phi4-mini:latest,41,"Explica en menos de 100 palabras la diferencia entre Inteligencia Artificial, Ma",0.5,0.5,40,La Inteligencia Artificial (IA) se refiere al conjunto de tecnologías que permiten a las máquinas simular comportamientos inteligentes como los humanos. El Aprendizaje Automático (Machine Learning o ML) es un subconjunto del campo de la IA donde el sistema aprende y mejora su rendimiento con base en,3496.51,103.54,3288.65,25,160,48.65,851,8.21,
2026-06-02T17:23:49.237223,exp_b_top_p_top_p=0.5,phi4-mini:latest,42,"Explica en menos de 100 palabras la diferencia entre Inteligencia Artificial, Ma",0.5,0.5,40,"La **Inteligencia Artificial (IA)** se refiere a sistemas que realizan tareas típicas del cerebro humano como el aprendizaje, razonamiento y percepción.

El **Machine Learning** es una subcampo de la IA donde los algoritmos aprenden automáticamente de datos sin ser explícitamente programados para ca",2532.69,108.29,2341.51,25,114,48.69,591,8.65,
2026-06-02T17:23:51.769366,exp_b_top_p_top_p=0.5,phi4-mini:latest,43,"Explica en menos de 100 palabras la diferencia entre Inteligencia Artificial, Ma",0.5,0.5,40,"La **Inteligencia Artificial (IA)** se refiere a sistemas que realizan tareas típicas del cerebro humano como el razonamiento y aprender. El **Machine Learning** es una rama de la IA donde los algoritmos aprenden automáticamente de datos sin ser explícitamente programados para hacerlo, mejorando su ",2524.56,103.91,2336.0,25,113,48.37,574,8.41,
2026-06-02T17:23:54.739706,exp_b_top_p_top_p=0.5,phi4-mini:latest,44,"Explica en menos de 100 palabras la diferencia entre Inteligencia Artificial, Ma",0.5,0.5,40,"La **Inteligencia Artificial (IA)** se refiere a sistemas que pueden realizar tareas típicas del intelecto humano, como el razonamiento y aprender con experiencias.

El **Machine Learning** es una subrama de la IA donde los algoritmos aprenden de datos para tomar decisiones o predicciones sin ser ex",2958.8,100.52,2765.7,25,134,48.45,661,7.93,
2026-06-02T17:23:57.335123,exp_b_top_p_top_p=0.5,phi4-mini:latest,45,"Explica en menos de 100 palabras la diferencia entre Inteligencia Artificial, Ma",0.5,0.5,40,"La Inteligencia Artificial (IA) es el término general para sistemas que realizan tareas típicamente humanas, como aprender y tomar decisiones. El Aprendizaje Automático (Machine Learning o ML) es un subconjunto del IA donde los algoritmos aprenden de datos sin ser explícitamente programados; mejoran",2586.6,96.26,2395.21,25,114,47.59,578,8.41,
2026-06-02T17:24:00.079679,exp_b_top_p_top_p=0.5,phi4-mini:latest,46,"Explica en menos de 100 palabras la diferencia entre Inteligencia Artificial, Ma",0.5,0.5,40,"La **Inteligencia Artificial (IA)** se refiere a sistemas capaces de realizar tareas que normalmente requieren inteligencia humana, como el reconocimiento de voz o lenguaje natural.

El **Machine Learning** es una rama del aprendizaje automático donde los algoritmos aprenden de datos para mejorar su",2736.5,98.33,2549.87,25,124,48.63,689,8.78,
2026-06-02T17:24:02.565449,exp_b_top_p_top_p=0.5,phi4-mini:latest,47,"Explica en menos de 100 palabras la diferencia entre Inteligencia Artificial, Ma",0.5,0.5,40,"La **Inteligencia Artificial (IA)** se refiere a sistemas que pueden realizar tareas que requieren inteligencia humana, como el reconocimiento de voz o lenguaje natural.

El **Machine Learning** es una subdisciplina del campo de la ciencia de datos y las ciencias de la computación donde los algoritm",2478.84,101.49,2293.6,25,112,48.83,594,8.16,
2026-06-02T17:24:05.516765,exp_b_top_p_top_p=0.5,phi4-mini:latest,48,"Explica en menos de 100 palabras la diferencia entre Inteligencia Artificial, Ma",0.5,0.5,40,"La **Inteligencia Artificial (IA)** se refiere a sistemas que pueden realizar tareas típicas del intelecto humano como el razonamiento y el aprendizaje.

El **Machine Learning** es una subrama de la IA donde los algoritmos aprenden con datos para hacer predicciones o tomar decisiones sin ser explíci",2944.09,101.15,2751.68,25,135,49.06,694,8.55,
2026-06-02T17:24:09.559920,exp_b_top_p_top_p=0.5,phi4-mini:latest,49,"Explica en menos de 100 palabras la diferencia entre Inteligencia Artificial, Ma",0.5,0.5,40,"La Inteligencia Artificial (IA) se refiere al conjunto general de tecnologías que permiten a las máquinas simular comportamientos inteligentes como los humanos.

El Aprendizaje Automático es una rama del campo más amplio de IA y involucra el desarrollo de algoritmos capaces de aprender de datos, rec",4032.26,103.3,3802.83,25,183,48.12,998,7.53,
2026-06-02T17:24:12.101534,exp_b_top_p_top_p=0.5,phi4-mini:latest,50,"Explica en menos de 100 palabras la diferencia entre Inteligencia Artificial, Ma",0.5,0.5,40,"La Inteligencia Artificial (IA) se refiere al conjunto general de tecnologías que permiten a las máquinas simular comportamientos inteligentes similares a los humanos.

El Aprendizaje Automático es una rama del campo de la IA donde el sistema aprende y mejora su rendimiento con base en datos, sin se",2533.14,111.82,2338.59,25,113,48.32,599,7.85,
2026-06-02T17:24:15.723241,exp_b_top_p_top_p=0.5,phi4-mini:latest,51,"Explica en menos de 100 palabras la diferencia entre Inteligencia Artificial, Ma",0.5,0.5,40,"La **Inteligencia Artificial (IA)** se refiere a sistemas capaces de realizar tareas que normalmente requieren inteligencia humana, como el reconocimiento de voz o lenguaje natural.

El **Machine Learning** es una subrama de la IA donde los algoritmos aprenden y mejoran su rendimiento con la experie",3614.41,101.3,3400.8,25,165,48.52,819,8.47,
2026-06-02T17:24:18.179263,exp_b_top_p_top_p=0.5,phi4-mini:latest,52,"Explica en menos de 100 palabras la diferencia entre Inteligencia Artificial, Ma",0.5,0.5,40,"La Inteligencia Artificial (IA) se refiere al conjunto general de tecnologías que permiten a las máquinas simular comportamientos inteligentes como los humanos. El Aprendizaje Automático (Machine Learning o ML), es un subconjunto del IA donde el sistema aprende y mejora su rendimiento con la experie",2448.57,103.55,2265.03,25,111,49.01,585,8.25,
2026-06-02T17:24:20.592744,exp_b_top_p_top_p=0.5,phi4-mini:latest,53,"Explica en menos de 100 palabras la diferencia entre Inteligencia Artificial, Ma",0.5,0.5,40,"La **Inteligencia Artificial (IA)** se refiere a sistemas que realizan tareas típicas del cerebro humano como aprender, razonar y reconocer patrones. El **Machine Learning** es una rama específica de la IA donde los algoritmos aprenden automáticamente de datos sin ser explícitamente programados para",2405.76,105.93,2222.03,25,109,49.05,548,8.1,
2026-06-02T17:24:23.137663,exp_b_top_p_top_p=0.5,phi4-mini:latest,54,"Explica en menos de 100 palabras la diferencia entre Inteligencia Artificial, Ma",0.5,0.5,40,"La **Inteligencia Artificial (IA)** se refiere a sistemas capaces de realizar tareas que normalmente requieren inteligencia humana, como el razonamiento y aprender.

El **Machine Learning** es una subárea de la IA donde los algoritmos aprenden de datos para mejorar su rendimiento en un tiempo sin se",2537.92,102.75,2344.65,25,114,48.62,597,8.15,
2026-06-02T17:24:25.888797,exp_b_top_p_top_p=0.5,phi4-mini:latest,55,"Explica en menos de 100 palabras la diferencia entre Inteligencia Artificial, Ma",0.5,0.5,40,"La Inteligencia Artificial (IA) se refiere al desarrollo de sistemas capaces de realizar tareas que requieren inteligencia humana como el razonamiento y aprender con experiencia.

El Machine Learning es una rama del aprendizaje automático dentro de la IA donde los algoritmos aprenden a partir de dat",2744.26,102.59,2555.12,25,125,48.92,686,8.04,
2026-06-02T17:24:29.825314,exp_b_top_p_top_p=0.5,phi4-mini:latest,56,"Explica en menos de 100 palabras la diferencia entre Inteligencia Artificial, Ma",0.5,0.5,40,"La Inteligencia Artificial (IA) es el conjunto general de tecnologías que permiten a las máquinas simular comportamientos inteligentes como los humanos. El Aprendizaje Automático (Machine Learning o ML), una rama del campo de la IA, se refiere al proceso mediante el cual las computadoras aprenden de",3928.86,104.45,3711.46,25,181,48.77,937,7.99,
2026-06-02T17:24:32.382383,exp_b_top_p_top_p=0.5,phi4-mini:latest,57,"Explica en menos de 100 palabras la diferencia entre Inteligencia Artificial, Ma",0.5,0.5,40,"La Inteligencia Artificial (IA) es el campo general que trata con sistemas inteligentes y comportamientos aprendientes.

El Aprendizaje Automático (Machine Learning o ML), una rama del IA, se refiere a algoritmos capaces de aprender de datos para mejorar su rendimiento en tareas específicas sin codi",2549.39,104.15,2365.25,25,116,49.04,627,8.57,
2026-06-02T17:24:35.321036,exp_b_top_p_top_p=0.5,phi4-mini:latest,58,"Explica en menos de 100 palabras la diferencia entre Inteligencia Artificial, Ma",0.5,0.5,40,"La Inteligencia Artificial (IA) se refiere al diseño de sistemas capaces de realizar tareas que normalmente requieren inteligencia humana, como el razonamiento y la percepción.

El Aprendizaje Automático es un subcampo de la IA donde los algoritmos aprenden a partir del datos sin ser explícitamente ",2927.18,103.11,2734.2,25,134,49.01,731,8.09,
2026-06-02T17:24:39.536795,exp_b_top_p_top_p=0.5,phi4-mini:latest,59,"Explica en menos de 100 palabras la diferencia entre Inteligencia Artificial, Ma",0.5,0.5,40,"La Inteligencia Artificial (IA) es el conjunto general de sistemas que pueden realizar tareas que normalmente requieren inteligencia humana, como reconocer voz o lenguaje natural.

El Aprendizaje Automático (Machine Learning - ML), un subconjunto del IA, se refiere a algoritmos capaces de aprender y",4208.3,99.29,3986.02,25,194,48.67,1069,8.74,
2026-06-02T17:24:42.421396,exp_b_top_p_top_p=0.5,phi4-mini:latest,60,"Explica en menos de 100 palabras la diferencia entre Inteligencia Artificial, Ma",0.5,0.5,40,"La Inteligencia Artificial (IA) se refiere al desarrollo de sistemas capaces de realizar tareas que normalmente requieren inteligencia humana, como el razonamiento y el aprendizaje.

El Aprendizaje Automático (Machine Learning o ML), es un subconjunto del campo más amplio de la IA, donde los algorit",2877.51,102.07,2685.07,25,131,48.79,702,8.41,
2026-06-02T17:24:45.457131,exp_b_top_p_top_p=0.5,phi4-mini:latest,61,"Explica en menos de 100 palabras la diferencia entre Inteligencia Artificial, Ma",0.5,0.5,40,La Inteligencia Artificial (IA) se refiere al conjunto general de tecnologías que permiten a las máquinas simular comportamientos inteligentes como los humanos. El Aprendizaje Automático (Machine Learning o ML) es un subconjunto del IA donde el sistema aprende y mejora su rendimiento con la experien,3029.39,101.14,2834.69,25,138,48.68,718,7.94,
2026-06-02T17:24:49.803839,exp_b_top_p_top_p=0.5,phi4-mini:latest,62,"Explica en menos de 100 palabras la diferencia entre Inteligencia Artificial, Ma",0.5,0.5,40,"La Inteligencia Artificial (IA) es el campo general que busca crear máquinas capaces de realizar tareas que requieren inteligencia humana. El Aprendizaje Automático (Machine Learning), una rama del IA, implica a las computadoras aprendiendo y mejorando su rendimiento con la experiencia sin ser explí",4339.4,102.1,4113.66,25,200,48.62,1088,7.45,
2026-06-02T17:24:52.941863,exp_b_top_p_top_p=0.5,phi4-mini:latest,63,"Explica en menos de 100 palabras la diferencia entre Inteligencia Artificial, Ma",0.5,0.5,40,"La **Inteligencia Artificial (IA)** se refiere a las tecnologías que permiten crear máquinas capaces de realizar tareas que normalmente requieren inteligencia humana, como el razonamiento y aprender.

El **Machine Learning** es una rama del campo de la IA donde los algoritmos aprenden con base en da",3128.73,100.11,2931.17,25,143,48.79,770,8.49,
2026-06-02T17:24:55.271461,exp_b_top_p_top_p=0.5,phi4-mini:latest,64,"Explica en menos de 100 palabras la diferencia entre Inteligencia Artificial, Ma",0.5,0.5,40,"La **Inteligencia Artificial (IA)** se refiere a sistemas que pueden realizar tareas típicas del cerebro humano como el aprendizaje, razonamiento y percepción.

El **Machine Learning** es una rama de la IA donde los algoritmos aprenden automáticamente de datos sin ser explícitamente programados para",2320.6,106.39,2138.17,25,105,49.11,519,8.48,
2026-06-02T17:24:58.105935,exp_b_top_p_top_p=0.5,phi4-mini:latest,65,"Explica en menos de 100 palabras la diferencia entre Inteligencia Artificial, Ma",0.5,0.5,40,"La **Inteligencia Artificial (IA)** se refiere a sistemas que realizan tareas típicas del cerebro humano como el aprendizaje, razonamiento y percepción. El **Machine Learning** es una subcampo de la IA donde los algoritmos aprenden automáticamente sin instrucciones explícitas, mejorando con más dato",2826.51,104.76,2633.74,25,129,48.98,641,8.38,
2026-06-02T17:25:00.641913,exp_b_top_p_top_p=0.5,phi4-mini:latest,66,"Explica en menos de 100 palabras la diferencia entre Inteligencia Artificial, Ma",0.5,0.5,40,La Inteligencia Artificial (IA) se refiere al conjunto de tecnologías que permiten a las máquinas simular comportamientos inteligentes como los humanos. El Aprendizaje Automático es una rama del campo de la IA donde los sistemas aprenden y mejoran su rendimiento con el tiempo sin intervención humana,2527.06,98.09,2346.19,25,114,48.59,634,7.98,
2026-06-02T17:25:03.883160,exp_b_top_p_top_p=0.5,phi4-mini:latest,67,"Explica en menos de 100 palabras la diferencia entre Inteligencia Artificial, Ma",0.5,0.5,40,La **Inteligencia Artificial (IA)** se refiere a las tecnologías que permiten a los sistemas simular comportamientos inteligentes como humanos. El **Machine Learning (ML)** es una subcategoría del campo de la IA; involucra el entrenamiento de modelos en datos para realizar tareas sin ser explícitame,3232.4,99.64,3030.1,25,147,48.51,730,8.22,
2026-06-02T17:25:06.889335,exp_b_top_p_top_p=0.5,phi4-mini:latest,68,"Explica en menos de 100 palabras la diferencia entre Inteligencia Artificial, Ma",0.5,0.5,40,"La **Inteligencia Artificial (IA)** se refiere a las tecnologías que simulan el comportamiento humano para realizar tareas y funciones inteligentes típicamente asociadas con los humanos.

El **Machine Learning** es una rama del campo de la IA donde los algoritmos aprenden automáticamente de datos si",2999.43,102.33,2803.73,25,137,48.86,709,8.36,
2026-06-02T17:25:09.310863,exp_b_top_p_top_p=0.5,phi4-mini:latest,69,"Explica en menos de 100 palabras la diferencia entre Inteligencia Artificial, Ma",0.5,0.5,40,"La Inteligencia Artificial (IA) es el campo general que busca crear máquinas capaces de realizar tareas que normalmente requieren inteligencia humana.

El Aprendizaje Automático (Machine Learning - ML), una rama del IA, se centra en desarrollar algoritmos que aprenden y mejoran a partir de datos sin",2414.24,103.82,2230.94,25,109,48.86,571,8.31,
2026-06-02T17:25:12.334210,exp_b_top_p_top_p=0.5,phi4-mini:latest,70,"Explica en menos de 100 palabras la diferencia entre Inteligencia Artificial, Ma",0.5,0.5,40,"La **Inteligencia Artificial (IA)** se refiere a sistemas que pueden realizar tareas típicas del intelecto humano como el razonamiento y el aprendizaje.

El **Machine Learning** es una subdisciplina de la IA donde los algoritmos aprenden de datos para tomar decisiones o predicciones sin ser explícit",3016.04,100.31,2816.32,25,136,48.29,700,8.62,
2026-06-02T17:25:16.258397,exp_b_top_p_top_p=0.5,phi4-mini:latest,71,"Explica en menos de 100 palabras la diferencia entre Inteligencia Artificial, Ma",0.5,0.5,40,"La **Inteligencia Artificial (IA)** se refiere a sistemas que pueden realizar tareas típicas del intelecto humano como el razonamiento y el aprendizaje.

El **Machine Learning** es una subrama de la IA donde los algoritmos aprenden de datos para tomar decisiones o realizar predicciones sin ser explí",3916.1,102.23,3696.24,25,180,48.7,911,8.33,
2026-06-02T17:25:19.313428,exp_b_top_p_top_p=0.5,phi4-mini:latest,72,"Explica en menos de 100 palabras la diferencia entre Inteligencia Artificial, Ma",0.5,0.5,40,"La Inteligencia Artificial (IA) se refiere al desarrollo de sistemas capaces de realizar tareas que normalmente requieren inteligencia humana. El Aprendizaje Automático (Machine Learning), una rama del campo de la IA, involucra a los algoritmos aprendiendo y mejorando su rendimiento con el tiempo si",3047.04,101.44,2851.58,25,139,48.74,741,8.58,
2026-06-02T17:25:22.354068,exp_b_top_p_top_p=0.5,phi4-mini:latest,73,"Explica en menos de 100 palabras la diferencia entre Inteligencia Artificial, Ma",0.5,0.5,40,"La **Inteligencia Artificial (IA)** se refiere a sistemas capaces de realizar tareas que normalmente requieren inteligencia humana, como el razonamiento y el aprendizaje.

El **Machine Learning** es una rama del campo científico de la IA, donde los algoritmos aprenden con datos para mejorar su rendi",3033.34,104.07,2834.27,25,138,48.69,688,8.51,
2026-06-02T17:25:25.289967,exp_b_top_p_top_p=0.5,phi4-mini:latest,74,"Explica en menos de 100 palabras la diferencia entre Inteligencia Artificial, Ma",0.5,0.5,40,"La **Inteligencia Artificial (IA)** se refiere a sistemas capaces de realizar tareas que normalmente requieren inteligencia humana, como el reconocimiento de voz o lenguaje natural.

El **Machine Learning** es una rama del aprendizaje automático donde los algoritmos aprenden y mejoran su rendimiento",2928.83,103.07,2732.95,25,133,48.67,737,8.7,
2026-06-02T17:25:28.313562,exp_b_top_p_top_p=0.5,phi4-mini:latest,75,"Explica en menos de 100 palabras la diferencia entre Inteligencia Artificial, Ma",0.5,0.5,40,"La **Inteligencia Artificial (IA)** se refiere a sistemas capaces de realizar tareas que normalmente requieren inteligencia humana, como el razonamiento y aprender del entorno.

El **Machine Learning** es una subárea de la IA donde los algoritmos aprenden con datos para hacer predicciones o tomar de",3014.44,99.46,2814.37,25,136,48.32,715,8.29,
2026-06-02T17:25:32.128167,exp_b_top_p_top_p=0.5,phi4-mini:latest,76,"Explica en menos de 100 palabras la diferencia entre Inteligencia Artificial, Ma",0.5,0.5,40,"La **Inteligencia Artificial (IA)** se refiere a sistemas capaces de realizar tareas que normalmente requieren inteligencia humana, como el reconocimiento de voz o lenguaje natural.

El **Machine Learning** es una rama del aprendizaje automático donde los algoritmos aprenden y mejoran su rendimiento",3807.86,100.94,3594.08,25,175,48.69,946,8.17,
2026-06-02T17:25:34.595245,exp_b_top_p_top_p=0.5,phi4-mini:latest,77,"Explica en menos de 100 palabras la diferencia entre Inteligencia Artificial, Ma",0.5,0.5,40,"La Inteligencia Artificial (IA) es el campo general que trata con sistemas inteligentes capaces de realizar tareas que normalmente requieren inteligencia humana.

El Aprendizaje Automático (Machine Learning o ML) es una subrama de la IA donde los algoritmos aprenden a partir del datos, mejorando su ",2460.33,102.86,2279.09,25,112,49.14,597,8.25,
2026-06-02T17:25:38.039290,exp_b_top_p_top_p=0.5,phi4-mini:latest,78,"Explica en menos de 100 palabras la diferencia entre Inteligencia Artificial, Ma",0.5,0.5,40,"La Inteligencia Artificial (IA) es el campo general que busca crear máquinas capaces de realizar tareas inteligentes. El Aprendizaje Automático (Machine Learning o ML) se trata del subcampo de la IA donde los sistemas aprenden a partir de datos para mejorar su rendimiento con el tiempo, sin ser expl",3436.77,103.63,3231.01,25,158,48.9,851,8.25,
2026-06-02T17:25:41.013650,exp_b_top_p_top_p=0.5,phi4-mini:latest,79,"Explica en menos de 100 palabras la diferencia entre Inteligencia Artificial, Ma",0.5,0.5,40,"La Inteligencia Artificial (IA) se refiere al desarrollo de sistemas capaces de realizar tareas que normalmente requieren inteligencia humana, como el razonamiento y el aprendizaje.

El Aprendizaje Automático (Machine Learning), una rama del campo de la IA, implica a los sistemas aprender de datos p",2966.69,104.23,2771.49,25,136,49.07,760,8.06,
2026-06-02T17:25:44.155508,exp_b_top_p_top_p=0.5,phi4-mini:latest,80,"Explica en menos de 100 palabras la diferencia entre Inteligencia Artificial, Ma",0.5,0.5,40,"La **Inteligencia Artificial (IA)** se refiere a sistemas capaces de realizar tareas que requieren inteligencia humana, como el razonamiento y la toma de decisiones.

El **Machine Learning** es una rama del aprendizaje automático donde los algoritmos aprenden con datos para hacer predicciones o toma",3133.67,101.97,2937.18,25,144,49.03,759,8.36,
2026-06-02T17:25:46.852719,exp_b_top_p_top_p=0.5,phi4-mini:latest,81,"Explica en menos de 100 palabras la diferencia entre Inteligencia Artificial, Ma",0.5,0.5,40,"La **Inteligencia Artificial (IA)** se refiere a sistemas capaces de realizar tareas que normalmente requieren inteligencia humana, como el razonamiento y la toma de decisiones.

El **Machine Learning** es una subrama de la IA donde los algoritmos aprenden automáticamente del datos sin ser explícita",2690.82,104.61,2502.29,25,123,49.15,642,7.83,
2026-06-02T17:25:49.831844,exp_b_top_p_top_p=0.5,phi4-mini:latest,82,"Explica en menos de 100 palabras la diferencia entre Inteligencia Artificial, Ma",0.5,0.5,40,"La **Inteligencia Artificial (IA)** se refiere a sistemas capaces de realizar tareas que normalmente requieren inteligencia humana, como el razonamiento y el aprendizaje.

El **Machine Learning** es una subdisciplina de la IA donde los algoritmos aprenden automáticamente del datos sin ser explícitam",2971.61,103.45,2777.18,25,136,48.97,730,8.16,
2026-06-02T17:25:52.924795,exp_b_top_p_top_p=0.5,phi4-mini:latest,83,"Explica en menos de 100 palabras la diferencia entre Inteligencia Artificial, Ma",0.5,0.5,40,"La **Inteligencia Artificial (IA)** se refiere a sistemas capaces de realizar tareas que normalmente requieren inteligencia humana, como el reconocimiento de voz o lenguaje natural.

El **Machine Learning** es una subdisciplina del campo más amplio de la IA; implica desarrollar algoritmos para permi",3085.9,102.01,2889.93,25,142,49.14,769,8.42,
2026-06-02T17:25:55.939815,exp_b_top_p_top_p=0.5,phi4-mini:latest,84,"Explica en menos de 100 palabras la diferencia entre Inteligencia Artificial, Ma",0.5,0.5,40,"La **Inteligencia Artificial (IA)** se refiere a sistemas capaces de realizar tareas que normalmente requieren inteligencia humana, como el reconocimiento de voz o lenguaje natural.

El **Machine Learning** es una subdisciplina de la IA donde los algoritmos aprenden y mejoran su rendimiento con base",3007.66,104.33,2810.87,25,138,49.1,737,8.49,
2026-06-02T17:25:59.403433,exp_b_top_p_top_p=0.5,phi4-mini:latest,85,"Explica en menos de 100 palabras la diferencia entre Inteligencia Artificial, Ma",0.5,0.5,40,"La **Inteligencia Artificial (IA)** se refiere a las tecnologías computacionales diseñadas para simular el comportamiento humano y realizar tareas que requieren inteligencia humana.

El **Machine Learning** es una subcampo de la IA donde los sistemas aprenden automáticamente del datos sin instruccio",3456.62,103.22,3250.81,25,159,48.91,869,7.92,
2026-06-02T17:26:03.066035,exp_b_top_p_top_p=0.5,phi4-mini:latest,86,"Explica en menos de 100 palabras la diferencia entre Inteligencia Artificial, Ma",0.5,0.5,40,"La Inteligencia Artificial (IA) se refiere al diseño y desarrollo de sistemas capaces de realizar tareas que normalmente requieren inteligencia humana, como el razonamiento, el aprendizaje o las emociones.

El Machine Learning es una subdisciplina de la IA donde los algoritmos aprenden a partir del ",3651.1,99.33,3440.7,25,167,48.54,909,7.79,
2026-06-02T17:26:07.479575,exp_b_top_p_top_p=0.5,phi4-mini:latest,87,"Explica en menos de 100 palabras la diferencia entre Inteligencia Artificial, Ma",0.5,0.5,40,"La Inteligencia Artificial (IA) se refiere al conjunto de tecnologías computacionales diseñadas para simular tareas que requieren inteligencia humana, como el razonamiento y el aprendizaje.

El Aprendizaje Automático (Machine Learning o ML), es un subconjunto del campo más amplio de la IA. Implica d",4405.66,125.69,4150.47,25,200,48.19,1039,7.81,
2026-06-02T17:26:10.120672,exp_b_top_p_top_p=0.5,phi4-mini:latest,88,"Explica en menos de 100 palabras la diferencia entre Inteligencia Artificial, Ma",0.5,0.5,40,La Inteligencia Artificial (IA) se refiere al conjunto de tecnologías que permiten a las máquinas simular comportamientos inteligentes como los humanos. El Aprendizaje Automático (Machine Learning o ML) es un subconjunto del IA donde las máquinas aprenden y mejoran su rendimiento con la experiencia ,2632.54,104.16,2446.56,25,120,49.05,625,8.64,
2026-06-02T17:26:13.096241,exp_b_top_p_top_p=0.5,phi4-mini:latest,89,"Explica en menos de 100 palabras la diferencia entre Inteligencia Artificial, Ma",0.5,0.5,40,"La **Inteligencia Artificial (IA)** se refiere a sistemas capaces de realizar tareas que normalmente requieren inteligencia humana, como el razonamiento y el aprendizaje.

El **Machine Learning** es una rama del campo de la IA donde los algoritmos aprenden automáticamente identificando patrones en d",2967.62,105.55,2770.59,25,136,49.09,731,8.52,
2026-06-02T17:26:16.752930,exp_b_top_p_top_p=0.5,phi4-mini:latest,90,"Explica en menos de 100 palabras la diferencia entre Inteligencia Artificial, Ma",0.5,0.5,40,"La **Inteligencia Artificial (IA)** se refiere a sistemas capaces de realizar tareas que normalmente requieren inteligencia humana, como el razonamiento y la toma de decisiones.

El **Machine Learning** es una subrama de la IA donde los algoritmos aprenden con experiencia sin ser explícitamente prog",3649.31,102.69,3436.2,25,167,48.6,884,7.98,
2026-06-02T17:26:19.774839,exp_b_top_p_top_p=0.5,phi4-mini:latest,91,"Explica en menos de 100 palabras la diferencia entre Inteligencia Artificial, Ma",0.5,0.5,40,La **Inteligencia Artificial (IA)** se refiere a sistemas que realizan tareas típicas del cerebro humano como el razonamiento y el aprendizaje. El **Machine Learning** es una rama de la IA donde los algoritmos aprenden con datos para mejorar su rendimiento en tareas específicas sin ser explícitament,3014.4,102.34,2811.27,25,136,48.38,722,8.57,
2026-06-02T17:26:23.382718,exp_b_top_p_top_p=0.5,phi4-mini:latest,92,"Explica en menos de 100 palabras la diferencia entre Inteligencia Artificial, Ma",0.5,0.5,40,"La Inteligencia Artificial (IA) se refiere al desarrollo de sistemas capaces de realizar tareas que normalmente requieren inteligencia humana, como el razonamiento y el aprendizaje.

El Aprendizaje Automático es una rama del campo de la IA donde los algoritmos aprenden a partir de datos para tomar d",3599.36,103.14,3390.36,25,166,48.96,899,8.09,
2026-06-02T17:26:25.824042,exp_b_top_p_top_p=0.5,phi4-mini:latest,93,"Explica en menos de 100 palabras la diferencia entre Inteligencia Artificial, Ma",0.5,0.5,40,"La Inteligencia Artificial (IA) es el término general para sistemas que realizan tareas típicamente humanas como pensar, aprender y comprender. El Aprendizaje Automático (Machine Learning o ML) se refiere a un subconjunto del IA donde los algoritmos aprenden de datos sin ser explícitamente programad",2434.16,102.81,2254.32,25,111,49.24,575,8.68,
2026-06-02T17:26:29.282031,exp_b_top_p_top_p=0.5,phi4-mini:latest,94,"Explica en menos de 100 palabras la diferencia entre Inteligencia Artificial, Ma",0.5,0.5,40,"La Inteligencia Artificial (IA) es el conjunto general de tecnologías que permiten a las máquinas simular comportamientos inteligentes como los humanos. El Aprendizaje Automático (Machine Learning o ML), una rama de la IA, se refiere al proceso mediante el cual sistemas computacionales aprenden con ",3450.67,104.62,3245.66,25,159,48.99,868,7.99,
2026-06-02T17:26:32.084534,exp_b_top_p_top_p=0.5,phi4-mini:latest,95,"Explica en menos de 100 palabras la diferencia entre Inteligencia Artificial, Ma",0.5,0.5,40,"La **Inteligencia Artificial (IA)** se refiere a sistemas que realizan tareas típicas del intelecto humano como el razonamiento y el aprendizaje.

El **Machine Learning** es una subrama de la IA donde los algoritmos aprenden de datos para tomar decisiones o realizar predicciones sin ser explícitamen",2794.9,102.65,2605.01,25,128,49.14,660,8.65,
2026-06-02T17:26:35.226263,exp_b_top_p_top_p=0.5,phi4-mini:latest,96,"Explica en menos de 100 palabras la diferencia entre Inteligencia Artificial, Ma",0.5,0.5,40,"La Inteligencia Artificial (IA) es el conjunto general de tecnologías que permiten a las máquinas simular comportamientos inteligentes como los humanos.

El Aprendizaje Automático (Machine Learning o ML), una rama del campo más amplio de IA, se refiere al proceso mediante el cual un sistema puede me",3134.85,101.79,2937.81,25,144,49.02,774,8.51,
2026-06-02T17:26:38.215770,exp_b_top_p_top_p=0.5,phi4-mini:latest,97,"Explica en menos de 100 palabras la diferencia entre Inteligencia Artificial, Ma",0.5,0.5,40,"La Inteligencia Artificial (IA) se refiere al conjunto general de tecnologías que permiten a las máquinas simular comportamientos inteligentes similares a los humanos. El Aprendizaje Automático (Machine Learning o ML), es una rama del campo de la IA donde el sistema aprende y mejora su rendimiento c",2982.76,103.19,2789.6,25,137,49.11,710,8.46,
2026-06-02T17:26:41.921424,exp_b_top_p_top_p=0.5,phi4-mini:latest,98,"Explica en menos de 100 palabras la diferencia entre Inteligencia Artificial, Ma",0.5,0.5,40,"La **Inteligencia Artificial (IA)** se refiere a sistemas que pueden realizar tareas típicas del intelecto humano como el razonamiento y aprender con experiencia.

El **Machine Learning** es una subrama de la IA donde los algoritmos aprenden de datos para mejorar su rendimiento en un tiempo sin nece",3698.38,102.39,3486.94,25,171,49.04,865,8.45,
2026-06-02T17:26:45.870558,exp_b_top_p_top_p=0.5,phi4-mini:latest,99,"Explica en menos de 100 palabras la diferencia entre Inteligencia Artificial, Ma",0.5,0.5,40,"La **Inteligencia Artificial (IA)** se refiere a sistemas que realizan tareas típicas del cerebro humano como el aprendizaje, razonamiento y percepción.

El **Machine Learning** es una rama de la IA donde los algoritmos aprenden de datos para tomar decisiones o realizar predicciones sin ser explícit",3940.61,102.36,3717.13,25,180,48.42,916,7.99,
2026-06-02T17:26:48.408837,exp_b_top_p_top_p=0.5,phi4-mini:latest,100,"Explica en menos de 100 palabras la diferencia entre Inteligencia Artificial, Ma",0.5,0.5,40,"La **Inteligencia Artificial (IA)** se refiere a sistemas capaces de realizar tareas que normalmente requieren inteligencia humana, como el reconocimiento de voz o lenguaje natural.

El **Machine Learning** es una subárea de la IA donde los algoritmos aprenden y mejoran su rendimiento sin ser explíc",2530.4,101.58,2346.47,25,115,49.01,585,8.38,
2026-06-02T17:26:52.335497,exp_b_top_p_top_p=0.75,phi4-mini:latest,1,"Explica en menos de 100 palabras la diferencia entre Inteligencia Artificial, Ma",0.5,0.75,40,"La **Inteligencia Artificial (IA)** se refiere a sistemas computacionales capaces de realizar tareas que normalmente requieren inteligencia humana, como el razonamiento y el aprendizaje.

El **Machine Learning (ML)** es una subcamposa de IA donde los algoritmos aprenden de datos para mejorar su rend",3918.62,102.34,3702.88,25,181,48.88,968,7.87,
2026-06-02T17:26:55.023430,exp_b_top_p_top_p=0.75,phi4-mini:latest,2,"Explica en menos de 100 palabras la diferencia entre Inteligencia Artificial, Ma",0.5,0.75,40,"La **Inteligencia Artificial (IA)** se refiere a las sistemas capaces de realizar tareas que requieren inteligencia humana como el razonamiento, aprender y comprender del entorno.

El **Machine Learning (ML)** es una subcampo de la IA donde los algoritmos aprenden de datos para tomar decisiones o ej",2680.57,104.73,2491.07,25,122,48.97,652,7.95,
2026-06-02T17:26:58.020915,exp_b_top_p_top_p=0.75,phi4-mini:latest,3,"Explica en menos de 100 palabras la diferencia entre Inteligencia Artificial, Ma",0.5,0.75,40,"La **Inteligencia Artificial (IA)** se refiere al conjunto general de tecnologías que permiten a las máquinas simular comportamientos inteligentes como los humanos.

El **Machine Learning** es una subrama del campo de la IA que implica entrenar modelos computacionales con grandes conjuntos de datos ",2988.8,102.89,2792.71,25,136,48.7,735,8.32,
2026-06-02T17:27:01.025094,exp_b_top_p_top_p=0.75,phi4-mini:latest,4,"Explica en menos de 100 palabras la diferencia entre Inteligencia Artificial, Ma",0.5,0.75,40,La Inteligencia Artificial (IA) se refiere al conjunto general de sistemas que simulan capacidades cognitivas humanas. El Machine Learning es una subrama de la IA donde los algoritmos aprenden a partir del datos sin ser explícitamente programados para cada tarea específica; lo hacen identificando pa,2996.59,106.5,2798.04,25,137,48.96,699,8.3,
2026-06-02T17:27:05.345581,exp_b_top_p_top_p=0.75,phi4-mini:latest,5,"Explica en menos de 100 palabras la diferencia entre Inteligencia Artificial, Ma",0.5,0.75,40,"La Inteligencia Artificial (IA) se refiere a sistemas capaces de realizar tareas que normalmente requieren inteligencia humana. El Aprendizaje Automático (Machine Learning o ML), es un subcampo del IA donde los algoritmos aprenden y mejoran su rendimiento con la experiencia sin ser explícitamente pr",4312.24,97.8,4091.83,25,200,48.88,1069,8.02,
2026-06-02T17:27:07.663148,exp_b_top_p_top_p=0.75,phi4-mini:latest,6,"Explica en menos de 100 palabras la diferencia entre Inteligencia Artificial, Ma",0.5,0.75,40,"La **Inteligencia Artificial (IA)** se refiere a las sistemas que realizan tareas típicamente humanas como aprender y tomar decisiones. El **Machine Learning (ML)** es un subconjunto del IA donde los algoritmos aprenden de datos para mejorar con el tiempo sin ser explícitamente programados, usando t",2309.38,103.79,2130.63,25,105,49.28,557,8.8,
2026-06-02T17:27:10.569265,exp_b_top_p_top_p=0.75,phi4-mini:latest,7,"Explica en menos de 100 palabras la diferencia entre Inteligencia Artificial, Ma",0.5,0.75,40,"La Inteligencia Artificial (IA) se refiere a las máquinas capaces de realizar tareas que requieren inteligencia humana, como el aprendizaje y la toma de decisiones.

El Aprendizaje Automático es una rama del campo más amplio de la IA donde los sistemas aprenden automáticamente con base en datos sin ",2898.57,102.86,2706.25,25,133,49.15,747,8.17,
2026-06-02T17:27:14.169807,exp_b_top_p_top_p=0.75,phi4-mini:latest,8,"Explica en menos de 100 palabras la diferencia entre Inteligencia Artificial, Ma",0.5,0.75,40,"La **Inteligencia Artificial (IA)** se refiere a sistemas que realizan tareas típicas del intelecto humano como el razonamiento y el aprendizaje.

El **Machine Learning** es una rama de la IA donde los algoritmos aprenden con datos para realizar tareas sin ser explícitamente programados, mejorando s",3593.2,103.33,3381.52,25,164,48.5,860,8.06,
2026-06-02T17:27:17.130503,exp_b_top_p_top_p=0.75,phi4-mini:latest,9,"Explica en menos de 100 palabras la diferencia entre Inteligencia Artificial, Ma",0.5,0.75,40,"La Inteligencia Artificial (IA) se refiere al campo general que busca crear máquinas capaces de realizar tareas típicas de seres humanos, como pensar y aprender.

El Aprendizaje Automático es una subrama del IA donde los algoritmos aprenden a partir de datos para tomar decisiones o ejecutar acciones",2950.44,100.55,2756.52,25,134,48.61,720,7.75,
2026-06-02T17:27:19.664376,exp_b_top_p_top_p=0.75,phi4-mini:latest,10,"Explica en menos de 100 palabras la diferencia entre Inteligencia Artificial, Ma",0.5,0.75,40,"La Inteligencia Artificial (IA) se refiere al conjunto de tecnologías que permiten a las máquinas simular comportamientos inteligentes como los humanos.

El Machine Learning es un subconjunto de la IA donde las máquinas aprenden y mejoran su rendimiento con la experiencia sin ser explícitamente prog",2526.85,100.23,2347.34,25,115,48.99,625,7.99,
2026-06-02T17:27:22.151793,exp_b_top_p_top_p=0.75,phi4-mini:latest,11,"Explica en menos de 100 palabras la diferencia entre Inteligencia Artificial, Ma",0.5,0.75,40,"La Inteligencia Artificial (IA) es el término general para sistemas capaces de realizar tareas que requieren inteligencia humana. El Machine Learning (ML), una rama del aprendizaje automático dentro de la IA, se refiere a algoritmos que aprenden y mejoran con la experiencia sin ser explícitamente pr",2479.11,150.48,2241.93,25,109,48.62,562,8.64,
2026-06-02T17:27:26.530555,exp_b_top_p_top_p=0.75,phi4-mini:latest,12,"Explica en menos de 100 palabras la diferencia entre Inteligencia Artificial, Ma",0.5,0.75,40,"La **Inteligencia Artificial (IA)** se refiere al diseño y desarrollo de sistemas capaces de realizar tareas que normalmente requieren inteligencia humana, como el razonamiento, aprendizaje y percepción.

El **Machine Learning** es una subrama de la IA donde los algoritmos aprenden a partir del dato",4370.54,101.95,4139.16,25,200,48.32,1050,8.32,
2026-06-02T17:27:30.318094,exp_b_top_p_top_p=0.75,phi4-mini:latest,13,"Explica en menos de 100 palabras la diferencia entre Inteligencia Artificial, Ma",0.5,0.75,40,"La **Inteligencia Artificial (IA)** se refiere a sistemas capaces de realizar tareas que requieren inteligencia humana como el aprendizaje, razonamiento y percepción.

El **Machine Learning** es una rama del IA enfocada en crear modelos que puedan aprender y mejorar con la experiencia sin ser explíc",3776.85,103.38,3556.58,25,173,48.64,874,8.45,
2026-06-02T17:27:32.948943,exp_b_top_p_top_p=0.75,phi4-mini:latest,14,"Explica en menos de 100 palabras la diferencia entre Inteligencia Artificial, Ma",0.5,0.75,40,"La Inteligencia Artificial (IA) se refiere al desarrollo de sistemas capaces de realizar tareas que requieren inteligencia humana, como el razonamiento y las emociones.

El Machine Learning es un subconjunto de IA donde los algoritmos aprenden a partir del datos sin ser explícitamente programados pa",2622.74,101.86,2435.93,25,119,48.85,610,8.13,
2026-06-02T17:27:35.947941,exp_b_top_p_top_p=0.75,phi4-mini:latest,15,"Explica en menos de 100 palabras la diferencia entre Inteligencia Artificial, Ma",0.5,0.75,40,"La **Inteligencia Artificial (IA)** se refiere a sistemas capaces de realizar tareas que normalmente requieren inteligencia humana, como el reconocimiento de voz o lenguaje natural.

El **Machine Learning** es un subcampo de la IA donde los algoritmos aprenden de datos para hacer predicciones u toma",2991.68,101.79,2795.8,25,136,48.64,701,8.47,
2026-06-02T17:27:38.743914,exp_b_top_p_top_p=0.75,phi4-mini:latest,16,"Explica en menos de 100 palabras la diferencia entre Inteligencia Artificial, Ma",0.5,0.75,40,"La Inteligencia Artificial (IA) es el campo general que se ocupa del desarrollo de sistemas capaces de realizar tareas que normalmente requieren inteligencia humana.

Machine Learning (ML), una rama dentro de la IA, implica entrenar algoritmos con datos para hacer predicciones o tomar decisiones sin",2789.15,105.95,2591.22,25,125,48.24,672,8.41,
2026-06-02T17:27:42.362448,exp_b_top_p_top_p=0.75,phi4-mini:latest,17,"Explica en menos de 100 palabras la diferencia entre Inteligencia Artificial, Ma",0.5,0.75,40,"La Inteligencia Artificial (IA) se refiere al conjunto de sistemas capaces de realizar tareas que normalmente requieren inteligencia humana, como el razonamiento y las emociones.

El Aprendizaje Automático es una subcategoría del campo de la IA donde los algoritmos aprenden a partir de datos para to",3609.87,133.53,3362.9,25,162,48.17,874,7.91,
2026-06-02T17:27:46.165029,exp_b_top_p_top_p=0.75,phi4-mini:latest,18,"Explica en menos de 100 palabras la diferencia entre Inteligencia Artificial, Ma",0.5,0.75,40,"La Inteligencia Artificial (IA) es el estudio del desarrollo de sistemas que imitan las capacidades humanas para realizar tareas complejas, como pensar y aprender.

El Aprendizaje Automático (Machine Learning - ML) se trata específicamente dentro de la IA; son algoritmos diseñados para mejorar su re",3790.4,99.0,3576.41,25,173,48.37,908,8.09,
2026-06-02T17:27:49.389467,exp_b_top_p_top_p=0.75,phi4-mini:latest,19,"Explica en menos de 100 palabras la diferencia entre Inteligencia Artificial, Ma",0.5,0.75,40,"La **Inteligencia Artificial (IA)** se refiere al conjunto general de tecnologías que permiten a las máquinas simular comportamientos inteligentes.

El **Machine Learning (ML)** es un subconjunto del campo de la IA donde los algoritmos aprenden y mejoran su rendimiento con la experiencia sin ser exp",3216.79,100.44,3013.39,25,146,48.45,757,8.31,
2026-06-02T17:27:52.011243,exp_b_top_p_top_p=0.75,phi4-mini:latest,20,"Explica en menos de 100 palabras la diferencia entre Inteligencia Artificial, Ma",0.5,0.75,40,"La **Inteligencia Artificial (IA)** es el campo que estudia los sistemas capaces de realizar tareas que normalmente requieren inteligencia humana.

El **Machine Learning** es una subrama del IA donde se utilizan algoritmos para aprender y mejorar con datos sin ser explícitamente programados, identif",2614.55,102.18,2429.69,25,119,48.98,606,7.99,
2026-06-02T17:27:56.054753,exp_b_top_p_top_p=0.75,phi4-mini:latest,21,"Explica en menos de 100 palabras la diferencia entre Inteligencia Artificial, Ma",0.5,0.75,40,"La **Inteligencia Artificial (IA)** se refiere a sistemas o máquinas que imitan capacidades intelectuales humanos para resolver problemas y realizar tareas típicas de seres inteligentes como el razonamiento, aprender, reconocer imágenes, comprender lenguaje natural u otras formas de percepción.

El ",4036.05,98.86,3810.73,25,184,48.28,1017,8.45,
2026-06-02T17:27:58.144668,exp_b_top_p_top_p=0.75,phi4-mini:latest,22,"Explica en menos de 100 palabras la diferencia entre Inteligencia Artificial, Ma",0.5,0.75,40,"La Inteligencia Artificial (IA) se refiere a sistemas capaces de realizar tareas que normalmente requieren inteligencia humana, como el razonamiento y aprender del entorno.

Machine Learning es un subconjunto de la IA donde los algoritmos aprenden y mejoran su rendimiento con la experiencia sin ser ",2081.23,104.14,1904.69,25,93,48.83,513,8.24,
2026-06-02T17:28:02.479958,exp_b_top_p_top_p=0.75,phi4-mini:latest,23,"Explica en menos de 100 palabras la diferencia entre Inteligencia Artificial, Ma",0.5,0.75,40,"La Inteligencia Artificial (IA) es el estudio del comportamiento inteligente por computadora y sistemas automatizados.

El Aprendizaje Automático (Machine Learning) se trata de desarrollar algoritmos que pueden aprender a reconocer patrones o tomar decisiones sin ser explícitamente programados para ",4327.42,102.11,4101.64,25,200,48.76,1099,8.19,
2026-06-02T17:28:05.027011,exp_b_top_p_top_p=0.75,phi4-mini:latest,24,"Explica en menos de 100 palabras la diferencia entre Inteligencia Artificial, Ma",0.5,0.75,40,La Inteligencia Artificial (IA) se refiere al desarrollo de máquinas capaces de realizar tareas que normalmente requieren inteligencia humana. El Aprendizaje Automático (Machine Learning o ML) es un subconjunto de la IA donde los sistemas aprenden a partir del datos sin ser explícitamente programado,2540.07,102.25,2355.36,25,115,48.82,612,8.63,
2026-06-02T17:28:08.708076,exp_b_top_p_top_p=0.75,phi4-mini:latest,25,"Explica en menos de 100 palabras la diferencia entre Inteligencia Artificial, Ma",0.5,0.75,40,"La Inteligencia Artificial (IA) es el estudio del desarrollo de sistemas capaces de realizar tareas que requieren inteligencia humana, como el razonamiento y aprender.

Machine Learning (ML), una rama de IA, implica a los algoritmos aprendiendo de datos para tomar decisiones o ejecutar tareas sin se",3673.64,98.96,3465.31,25,168,48.48,873,8.26,
2026-06-02T17:28:13.079079,exp_b_top_p_top_p=0.75,phi4-mini:latest,26,"Explica en menos de 100 palabras la diferencia entre Inteligencia Artificial, Ma",0.5,0.75,40,"La **Inteligencia Artificial (IA)** se refiere a sistemas capaces de realizar tareas que requieren inteligencia humana, como el razonamiento y el aprendizaje.

El **Machine Learning** es una rama del campo científico de la IA, donde los algoritmos aprenden con base en datos para tomar decisiones o r",4362.51,106.34,4127.13,25,200,48.46,1074,8.23,
2026-06-02T17:28:15.616307,exp_b_top_p_top_p=0.75,phi4-mini:latest,27,"Explica en menos de 100 palabras la diferencia entre Inteligencia Artificial, Ma",0.5,0.75,40,"La Inteligencia Artificial (IA) se refiere a sistemas que pueden realizar tareas típicamente asociadas con el intelecto humano, como reconocer voz o lenguaje natural.

Machine Learning es una subdisciplina de la IA donde los algoritmos aprenden y mejoran su rendimiento mediante la experiencia sin se",2529.98,101.06,2341.16,25,113,48.27,612,8.25,
2026-06-02T17:28:18.901524,exp_b_top_p_top_p=0.75,phi4-mini:latest,28,"Explica en menos de 100 palabras la diferencia entre Inteligencia Artificial, Ma",0.5,0.75,40,"La Inteligencia Artificial (IA) es el campo general enfocado en crear máquinas capaces de actuar con inteligencia humana.

El Aprendizaje Automático (Machine Learning - ML), un subconjunto del IA, implica que las máquinas aprenden a partir de datos y mejoran su rendimiento sin ser explícitamente pro",3278.22,97.03,3075.84,25,148,48.12,741,8.14,
2026-06-02T17:28:23.262667,exp_b_top_p_top_p=0.75,phi4-mini:latest,29,"Explica en menos de 100 palabras la diferencia entre Inteligencia Artificial, Ma",0.5,0.75,40,"La **Inteligencia Artificial (IA)** se refiere a las máquinas que realizan tareas típicamente humanas como aprender, razonar y tomar decisiones con inteligencia artificial.

El **Machine Learning (ML)** es una rama del aprendizaje automático dentro de la IA donde los algoritmos aprenden haciendo gen",4353.92,100.88,4121.46,25,200,48.53,1020,8.19,
2026-06-02T17:28:26.133432,exp_b_top_p_top_p=0.75,phi4-mini:latest,30,"Explica en menos de 100 palabras la diferencia entre Inteligencia Artificial, Ma",0.5,0.75,40,"La Inteligencia Artificial (IA) es el campo general enfocado en crear máquinas capaces de realizar tareas que requieren inteligencia humana, como reconocer patrones o comprender lenguaje natural.

El Machine Learning (ML), una rama del IA, se trata específicamente de desarrollar algoritmos para auto",2863.24,103.07,2671.33,25,131,49.04,754,8.81,
2026-06-02T17:28:28.892319,exp_b_top_p_top_p=0.75,phi4-mini:latest,31,"Explica en menos de 100 palabras la diferencia entre Inteligencia Artificial, Ma",0.5,0.75,40,"La **Inteligencia Artificial (IA)** se refiere a sistemas capaces de realizar tareas que requieren inteligencia humana, como el razonamiento y el aprendizaje.

El **Machine Learning (ML)** es un subconjunto del campo más amplio de IA; implica enseñar a los algoritmos a aprender de datos sin instrucc",2749.71,105.64,2557.66,25,125,48.87,660,8.49,
2026-06-02T17:28:33.280772,exp_b_top_p_top_p=0.75,phi4-mini:latest,32,"Explica en menos de 100 palabras la diferencia entre Inteligencia Artificial, Ma",0.5,0.75,40,"La **Inteligencia Artificial (IA)** se refiere al desarrollo del software que puede realizar tareas típicamente humanas, como pensar, aprender y tener conciencia.

El **Machine Learning (ML)** es una rama de la IA donde los algoritmos aprenden a partir de datos sin ser explícitamente programados par",4381.14,103.81,4145.94,25,200,48.24,1090,7.81,
2026-06-02T17:28:37.649074,exp_b_top_p_top_p=0.75,phi4-mini:latest,33,"Explica en menos de 100 palabras la diferencia entre Inteligencia Artificial, Ma",0.5,0.75,40,La **Inteligencia Artificial (IA)** es el conjunto general de sistemas capaces de realizar tareas que normalmente requieren inteligencia humana. El **Machine Learning (ML)** es una subcategoría del campo más amplio de la IA; se trata de algoritmos diseñados para aprender y mejorar con la experiencia,4359.02,99.48,4132.02,25,200,48.4,1025,8.24,
2026-06-02T17:28:40.270525,exp_b_top_p_top_p=0.75,phi4-mini:latest,34,"Explica en menos de 100 palabras la diferencia entre Inteligencia Artificial, Ma",0.5,0.75,40,"La **Inteligencia Artificial (IA)** es el conjunto general de tecnologías desarrolladas para simular tareas intelectuales humanos como aprender, razonar y reconocer patrones.

El **Machine Learning** es un subconjunto del IA que permite a los sistemas aprender de datos sin ser explícitamente program",2614.66,102.03,2426.53,25,118,48.63,635,8.02,
2026-06-02T17:28:43.008476,exp_b_top_p_top_p=0.75,phi4-mini:latest,35,"Explica en menos de 100 palabras la diferencia entre Inteligencia Artificial, Ma",0.5,0.75,40,"La Inteligencia Artificial (IA) se refiere a sistemas capaces de realizar tareas que normalmente requieren inteligencia humana, como el reconocimiento de voz o lenguaje natural.

El Aprendizaje Automático (Machine Learning), un subcampo de la IA, implica enseñar computadoras a aprender de datos y me",2730.04,97.95,2544.03,25,124,48.74,699,8.47,
2026-06-02T17:28:47.038436,exp_b_top_p_top_p=0.75,phi4-mini:latest,36,"Explica en menos de 100 palabras la diferencia entre Inteligencia Artificial, Ma",0.5,0.75,40,"La Inteligencia Artificial (IA) es el campo general que busca crear máquinas capaces de realizar tareas que requieren inteligencia humana. El Aprendizaje Automático (Machine Learning o ML), un subconjunto de IA, implica a las máquinas aprendiendo con datos para mejorar su rendimiento sin codificació",4021.92,104.51,3798.37,25,184,48.44,972,8.25,
2026-06-02T17:28:51.424300,exp_b_top_p_top_p=0.75,phi4-mini:latest,37,"Explica en menos de 100 palabras la diferencia entre Inteligencia Artificial, Ma",0.5,0.75,40,"La **Inteligencia Artificial (IA)** se refiere a sistemas o máquinas capaces de realizar tareas que normalmente requieren inteligencia humana, como el aprendizaje, razonamiento y percepción.

El **Machine Learning (ML)** es una rama del campo de las computadoras donde los algoritmos aprenden haciend",4378.86,103.52,4145.86,25,200,48.24,1015,8.25,
2026-06-02T17:28:54.337540,exp_b_top_p_top_p=0.75,phi4-mini:latest,38,"Explica en menos de 100 palabras la diferencia entre Inteligencia Artificial, Ma",0.5,0.75,40,"La **Inteligencia Artificial (IA)** se refiere a sistemas que realizan tareas típicas del intelecto humano como el razonamiento y el aprendizaje.

El **Machine Learning** es una subárea de la IA donde los algoritmos aprenden con datos para mejorar su rendimiento en tareas específicas sin ser explíci",2906.01,102.06,2709.28,25,131,48.35,645,8.24,
2026-06-02T17:28:58.515835,exp_b_top_p_top_p=0.75,phi4-mini:latest,39,"Explica en menos de 100 palabras la diferencia entre Inteligencia Artificial, Ma",0.5,0.75,40,"La Inteligencia Artificial (IA) es el conjunto amplio de tecnologías que permiten a las máquinas simular comportamientos inteligentes como los humanos. El Aprendizaje Automático (Machine Learning o ML), una rama del campo de la IA, permite a las computadoras aprender y mejorar con la experiencia sin",4170.84,99.94,3948.77,25,191,48.37,1040,8.22,
2026-06-02T17:29:01.556484,exp_b_top_p_top_p=0.75,phi4-mini:latest,40,"Explica en menos de 100 palabras la diferencia entre Inteligencia Artificial, Ma",0.5,0.75,40,"La Inteligencia Artificial (IA) es el conjunto general de sistemas que realizan tareas inteligentes típicamente realizadas por humanos; lo hace con fines específicos como reconocimiento de voz o imágenes.

El Aprendizaje Automático (Machine Learning), una subpáramo de la IA, se refiere a algoritmos ",3032.19,98.95,2838.88,25,138,48.61,765,8.24,
2026-06-02T17:29:04.394112,exp_b_top_p_top_p=0.75,phi4-mini:latest,41,"Explica en menos de 100 palabras la diferencia entre Inteligencia Artificial, Ma",0.5,0.75,40,"La **Inteligencia Artificial (IA)** es el término general para tecnologías capaces de realizar tareas que normalmente requieren inteligencia humana.

El **Machine Learning** es un subconjunto del campo de la IA donde los sistemas aprenden a partir de datos sin ser explícitamente programados con regl",2828.69,101.66,2637.93,25,128,48.52,699,7.98,
2026-06-02T17:29:07.596235,exp_b_top_p_top_p=0.75,phi4-mini:latest,42,"Explica en menos de 100 palabras la diferencia entre Inteligencia Artificial, Ma",0.5,0.75,40,"La **Inteligencia Artificial (IA)** se refiere a sistemas capaces de realizar tareas que requieren inteligencia humana como el aprendizaje, reconocimiento de patrones y toma de decisiones.

El **Machine Learning** es una subdisciplina de la IA donde los algoritmos aprenden con datos para mejorar su ",3195.28,103.05,2994.64,25,146,48.75,779,8.24,
2026-06-02T17:29:10.220377,exp_b_top_p_top_p=0.75,phi4-mini:latest,43,"Explica en menos de 100 palabras la diferencia entre Inteligencia Artificial, Ma",0.5,0.75,40,"La Inteligencia Artificial (IA) se refiere a los sistemas y programas que realizan tareas usualmente requeridas al nivel humano de inteligencia, como el reconocimiento de voz o lenguaje natural.

Machine Learning es una rama de la IA donde algoritmos aprenden de datos para tomar decisiones con mínim",2616.45,102.82,2431.31,25,119,48.94,650,8.46,
2026-06-02T17:29:12.730819,exp_b_top_p_top_p=0.75,phi4-mini:latest,44,"Explica en menos de 100 palabras la diferencia entre Inteligencia Artificial, Ma",0.5,0.75,40,"La **Inteligencia Artificial (IA)** se refiere a las tecnologías informáticas diseñadas para simular el comportamiento humano y realizar tareas que normalmente requieren inteligencia humana.

El **Machine Learning (ML)** es una subrama de la IA donde los sistemas aprenden automáticamente del datos s",2502.39,103.36,2303.1,25,112,48.63,580,8.04,
2026-06-02T17:29:14.545033,exp_b_top_p_top_p=0.75,phi4-mini:latest,45,"Explica en menos de 100 palabras la diferencia entre Inteligencia Artificial, Ma",0.5,0.75,40,La IA se refiere al conocimiento general y los procesos para realizar tareas que normalmente requieren inteligencia humana. El ML es un subconjunto del aprendizaje automático donde sistemas aprenden a partir de datos sin instrucciones explícitas. La IA generativa involucra crear nuevos contenidos (t,1806.94,103.5,1640.17,25,81,49.39,439,7.52,
2026-06-02T17:29:17.217778,exp_b_top_p_top_p=0.75,phi4-mini:latest,46,"Explica en menos de 100 palabras la diferencia entre Inteligencia Artificial, Ma",0.5,0.75,40,La Inteligencia Artificial (IA) se refiere al desarrollo de sistemas capaces de realizar tareas que requieren inteligencia humana como el aprendizaje y la toma de decisiones. El Machine Learning es un subconjunto de la IA donde los algoritmos aprenden a partir del datos sin instrucciones explícitas;,2665.36,100.85,2480.26,25,121,48.79,626,8.46,
2026-06-02T17:29:20.765803,exp_b_top_p_top_p=0.75,phi4-mini:latest,47,"Explica en menos de 100 palabras la diferencia entre Inteligencia Artificial, Ma",0.5,0.75,40,"La IA se refiere al conjunto amplio de tecnologías diseñadas para simular funciones humanas inteligentes como el aprendizaje, el razonamiento y el reconocimiento del habla. El ML es un subconjunto de la IA que implica a los sistemas capacitados para aprender de datos sin ser explícitamente programad",3539.36,106.24,3324.01,25,161,48.44,850,6.95,
2026-06-02T17:29:23.508761,exp_b_top_p_top_p=0.75,phi4-mini:latest,48,"Explica en menos de 100 palabras la diferencia entre Inteligencia Artificial, Ma",0.5,0.75,40,"La **Inteligencia Artificial (IA)** se refiere a sistemas que pueden realizar tareas típicas del cerebro humano como reconocer voz o lenguaje, ver imágenes y aprender. El **Machine Learning** es una rama específica dentro de la IA donde los algoritmos aprenden de datos para tomar decisiones con míni",2733.24,101.37,2541.56,25,124,48.79,654,8.67,
2026-06-02T17:29:25.911168,exp_b_top_p_top_p=0.75,phi4-mini:latest,49,"Explica en menos de 100 palabras la diferencia entre Inteligencia Artificial, Ma",0.5,0.75,40,"La Inteligencia Artificial (IA) se refiere al campo general que busca crear máquinas capaces de realizar tareas típicas del razonamiento humano.

Machine Learning es una subrama de la IA enfocada en construir algoritmos que aprenden y mejoran a través del análisis de datos sin ser explícitamente pro",2394.85,101.73,2214.79,25,108,48.76,537,7.89,
2026-06-02T17:29:29.643231,exp_b_top_p_top_p=0.75,phi4-mini:latest,50,"Explica en menos de 100 palabras la diferencia entre Inteligencia Artificial, Ma",0.5,0.75,40,"La Inteligencia Artificial (IA) se refiere al conjunto de tecnologías que permiten a las máquinas simular procesos inteligentes similares a los humanos. El Aprendizaje Automático (Machine Learning o ML), es una subrama del campo de la IA donde el sistema aprende y mejora su rendimiento con la experi",3724.07,100.02,3514.48,25,171,48.66,879,7.97,
2026-06-02T17:29:31.968432,exp_b_top_p_top_p=0.75,phi4-mini:latest,51,"Explica en menos de 100 palabras la diferencia entre Inteligencia Artificial, Ma",0.5,0.75,40,"La Inteligencia Artificial (IA) es el término general para sistemas que simulan inteligencia humana. El Aprendizaje Automático (Machine Learning, ML) es un subconjunto del IA donde los algoritmos aprenden y mejoran a través de datos sin programación explícita. La IA Generativa se refiere al subcampo",2318.19,101.24,2141.33,25,105,49.03,529,8.41,
2026-06-02T17:29:35.297799,exp_b_top_p_top_p=0.75,phi4-mini:latest,52,"Explica en menos de 100 palabras la diferencia entre Inteligencia Artificial, Ma",0.5,0.75,40,"La Inteligencia Artificial (IA) se refiere al conjunto general de tecnologías que simulan inteligencia humana para realizar tareas como aprender, razonar y resolver problemas.

El Aprendizaje Automático es una rama específica del campo de la IA, donde los algoritmos aprenden a partir de datos sin in",3321.42,104.03,3116.92,25,152,48.77,809,7.95,
2026-06-02T17:29:37.864226,exp_b_top_p_top_p=0.75,phi4-mini:latest,53,"Explica en menos de 100 palabras la diferencia entre Inteligencia Artificial, Ma",0.5,0.75,40,"La Inteligencia Artificial (IA) se refiere a sistemas capaces de realizar tareas que normalmente requieren inteligencia humana, como el razonamiento y aprender del entorno.

Machine Learning es una subcategoría de IA donde los algoritmos aprenden automáticamente de datos sin ser explícitamente progr",2559.2,104.23,2372.58,25,116,48.89,641,8.21,
2026-06-02T17:29:40.454854,exp_b_top_p_top_p=0.75,phi4-mini:latest,54,"Explica en menos de 100 palabras la diferencia entre Inteligencia Artificial, Ma",0.5,0.75,40,"La Inteligencia Artificial (IA) es el campo general que trata con sistemas inteligentes capaces de realizar tareas que normalmente requieren inteligencia humana.

El Aprendizaje Automático (Machine Learning), un subcampo del IA, se centra en desarrollar algoritmos que aprenden a partir de datos y me",2583.65,102.91,2396.94,25,117,48.81,614,8.21,
2026-06-02T17:29:42.948880,exp_b_top_p_top_p=0.75,phi4-mini:latest,55,"Explica en menos de 100 palabras la diferencia entre Inteligencia Artificial, Ma",0.5,0.75,40,"La Inteligencia Artificial (IA) se refiere al conjunto de tecnologías capaces de realizar tareas que normalmente requieren inteligencia humana. El Aprendizaje Automático (Machine Learning), un subconjunto del IA, implica a los sistemas aprender y mejorar su rendimiento con la experiencia sin ser exp",2485.4,101.54,2300.08,25,112,48.69,627,8.66,
2026-06-02T17:29:45.979029,exp_b_top_p_top_p=0.75,phi4-mini:latest,56,"Explica en menos de 100 palabras la diferencia entre Inteligencia Artificial, Ma",0.5,0.75,40,"La Inteligencia Artificial (IA) se refiere a sistemas capaces de realizar tareas que normalmente requieren inteligencia humana, como el aprendizaje y la toma de decisiones.

Machine Learning es una rama del campo de la IA donde los algoritmos aprenden automáticamente de datos para mejorar su rendimi",3020.41,102.19,2821.34,25,137,48.56,771,8.43,
2026-06-02T17:29:48.307143,exp_b_top_p_top_p=0.75,phi4-mini:latest,57,"Explica en menos de 100 palabras la diferencia entre Inteligencia Artificial, Ma",0.5,0.75,40,La Inteligencia Artificial (IA) es el campo general que trata con sistemas inteligentes capaces de realizar tareas que normalmente requieren inteligencia humana. El Aprendizaje Automático (Machine Learning o ML) se refiere a una subárea específica de la IA donde los algoritmos aprenden y mejoran sus,2320.53,105.05,2137.81,25,105,49.12,556,8.28,
2026-06-02T17:29:51.936549,exp_b_top_p_top_p=0.75,phi4-mini:latest,58,"Explica en menos de 100 palabras la diferencia entre Inteligencia Artificial, Ma",0.5,0.75,40,"La **Inteligencia Artificial (IA)** se refiere al conjunto de tecnologías que permiten a los sistemas simular funciones humanas como el aprendizaje, razonamiento y percepción.

El **Machine Learning** es una rama del campo de la IA donde los algoritmos aprenden automáticamente de datos sin ser explí",3622.13,104.79,3407.68,25,166,48.71,907,8.2,
2026-06-02T17:29:56.295781,exp_b_top_p_top_p=0.75,phi4-mini:latest,59,"Explica en menos de 100 palabras la diferencia entre Inteligencia Artificial, Ma",0.5,0.75,40,"La **Inteligencia Artificial (IA)** se refiere al diseño y desarrollo de sistemas capaces de realizar tareas que normalmente requieren inteligencia humana, como el razonamiento o aprender.

El **Machine Learning** es un subconjunto del campo más amplio de la IA; implica entrenar modelos en grandes c",4351.34,100.82,4119.28,25,200,48.55,1009,8.27,
2026-06-02T17:29:59.438638,exp_b_top_p_top_p=0.75,phi4-mini:latest,60,"Explica en menos de 100 palabras la diferencia entre Inteligencia Artificial, Ma",0.5,0.75,40,"La Inteligencia Artificial (IA) es el campo general que trata con sistemas capaces de realizar tareas típicamente humanas como pensar, aprender y comprender. El Aprendizaje Automático (Machine Learning), una subrama de la IA, se refiere al proceso mediante el cual las máquinas aprenden a tomar decis",3135.84,106.99,2932.84,25,143,48.76,794,8.22,
2026-06-02T17:30:01.511135,exp_b_top_p_top_p=0.75,phi4-mini:latest,61,"Explica en menos de 100 palabras la diferencia entre Inteligencia Artificial, Ma",0.5,0.75,40,"La IA se refiere al conjunto general de tecnologías para crear máquinas que imitan funciones humanas inteligentes. El aprendizaje automático (Machine Learning) es un subconjunto de IA donde los sistemas aprenden a partir del datos sin instrucciones explícitas, mejorando su rendimiento con el tiempo.",2061.88,105.32,1885.29,25,92,48.8,535,7.99,
2026-06-02T17:30:04.528376,exp_b_top_p_top_p=0.75,phi4-mini:latest,62,"Explica en menos de 100 palabras la diferencia entre Inteligencia Artificial, Ma",0.5,0.75,40,"La **Inteligencia Artificial (IA)** se refiere a sistemas capaces de realizar tareas que requieren inteligencia humana como el razonamiento y aprender del entorno. El **Machine Learning (ML)** es una rama de la IA donde los algoritmos aprenden de datos para mejorar su rendimiento con el tiempo, sin ",3008.83,102.53,2800.15,25,135,48.21,690,8.19,
2026-06-02T17:30:08.613957,exp_b_top_p_top_p=0.75,phi4-mini:latest,63,"Explica en menos de 100 palabras la diferencia entre Inteligencia Artificial, Ma",0.5,0.75,40,"La Inteligencia Artificial (IA) se refiere al diseño de sistemas capaces de realizar tareas que normalmente requieren inteligencia humana. El Aprendizaje Automático es un subconjunto del campo de la IA donde los algoritmos aprenden a partir y ajustan sus propios modelos con base en nuevos datos, sin",4076.49,100.83,3853.12,25,185,48.01,973,7.75,
2026-06-02T17:30:11.161026,exp_b_top_p_top_p=0.75,phi4-mini:latest,64,"Explica en menos de 100 palabras la diferencia entre Inteligencia Artificial, Ma",0.5,0.75,40,La Inteligencia Artificial (IA) es el campo general que busca crear máquinas capaces de realizar tareas que requieren inteligencia humana. El Aprendizaje Automático (Machine Learning o ML) es una rama del IA donde los sistemas aprenden a partir de datos sin ser explícitamente programados para cada t,2539.52,105.0,2354.19,25,115,48.85,601,8.13,
2026-06-02T17:30:13.742619,exp_b_top_p_top_p=0.75,phi4-mini:latest,65,"Explica en menos de 100 palabras la diferencia entre Inteligencia Artificial, Ma",0.5,0.75,40,"La **Inteligencia Artificial (IA)** se refiere al conjunto general de tecnologías que permiten a las máquinas simular comportamientos inteligentes como los humanos.

El **Machine Learning (ML)** es una rama del campo de la IA donde los algoritmos aprenden y mejoran su rendimiento con la experiencia,",2574.04,102.8,2379.73,25,115,48.32,589,8.12,
2026-06-02T17:30:16.105665,exp_b_top_p_top_p=0.75,phi4-mini:latest,66,"Explica en menos de 100 palabras la diferencia entre Inteligencia Artificial, Ma",0.5,0.75,40,"La IA se refiere a sistemas que imitan funciones humanas como el aprendizaje y razonamiento. El ML es un subconjunto de IA donde los algoritmos aprenden del datos para tomar decisiones sin ser explícitamente programados. La IA generativa va más allá al crear contenido nuevo, como imágenes o texto, a",2355.62,101.83,2173.95,25,106,48.76,531,7.26,
2026-06-02T17:30:20.493629,exp_b_top_p_top_p=0.75,phi4-mini:latest,67,"Explica en menos de 100 palabras la diferencia entre Inteligencia Artificial, Ma",0.5,0.75,40,"La **Inteligencia Artificial (IA)** se refiere al conjunto de tecnologías que permiten a los sistemas simular procesos y comportamientos inteligentes asociados con el comportamiento humano, como aprender, razonar o reconocer patrones.

El **Machine Learning** es una rama específica dentro del campo ",4380.36,109.03,4143.39,25,200,48.27,1084,7.91,
2026-06-02T17:30:22.810550,exp_b_top_p_top_p=0.75,phi4-mini:latest,68,"Explica en menos de 100 palabras la diferencia entre Inteligencia Artificial, Ma",0.5,0.75,40,"La **Inteligencia Artificial (IA)** es el estudio del comportamiento inteligente por parte de máquinas, especialmente computadoras.

El **Machine Learning** es una subárea de la IA que permite a las máquinas aprender con base en datos y mejorar su rendimiento sin ser explícitamente programadas para ",2308.91,105.05,2125.61,25,104,48.93,539,8.38,
2026-06-02T17:30:27.173824,exp_b_top_p_top_p=0.75,phi4-mini:latest,69,"Explica en menos de 100 palabras la diferencia entre Inteligencia Artificial, Ma",0.5,0.75,40,"La Inteligencia Artificial (IA) se refiere a sistemas capaces de realizar tareas que normalmente requieren inteligencia humana, como el razonamiento y el aprendizaje.

Machine Learning es un subconjunto del campo más amplio de la IA; implica entrenar modelos computacionales con grandes conjuntos de ",4355.73,105.45,4121.79,25,200,48.52,1041,8.67,
2026-06-02T17:30:31.578155,exp_b_top_p_top_p=0.75,phi4-mini:latest,70,"Explica en menos de 100 palabras la diferencia entre Inteligencia Artificial, Ma",0.5,0.75,40,"La Inteligencia Artificial (IA) es el término general para sistemas que pueden realizar tareas que requieren inteligencia humana. El Aprendizaje Automático (Machine Learning o ML), una rama del IA, se refiere a algoritmos que aprenden de datos y mejoran con la experiencia sin ser explícitamente prog",4396.63,99.72,4163.48,25,200,48.04,1022,7.54,
2026-06-02T17:30:34.580035,exp_b_top_p_top_p=0.75,phi4-mini:latest,71,"Explica en menos de 100 palabras la diferencia entre Inteligencia Artificial, Ma",0.5,0.75,40,"La **Inteligencia Artificial (IA)** es el conjunto general de sistemas capaces de realizar tareas que normalmente requieren inteligencia humana.

El **Machine Learning (ML)** es un subconjunto del campo de la IA donde los algoritmos aprenden a partir de datos sin ser explícitamente programados para ",2979.53,104.7,2777.58,25,133,47.88,699,8.35,
2026-06-02T17:30:38.995142,exp_b_top_p_top_p=0.75,phi4-mini:latest,72,"Explica en menos de 100 palabras la diferencia entre Inteligencia Artificial, Ma",0.5,0.75,40,"La Inteligencia Artificial (IA) se refiere a sistemas capaces de realizar tareas que normalmente requieren inteligencia humana, como el razonamiento y la toma de decisiones.

El Machine Learning es un subcampo de la IA donde los algoritmos aprenden automáticamente del datos sin ser explícitamente pr",4403.4,105.65,4165.92,25,200,48.01,1061,7.65,
2026-06-02T17:30:42.381588,exp_b_top_p_top_p=0.75,phi4-mini:latest,73,"Explica en menos de 100 palabras la diferencia entre Inteligencia Artificial, Ma",0.5,0.75,40,"La Inteligencia Artificial (IA) se refiere a sistemas que realizan tareas típicas de seres humanos como el razonamiento y aprender con ejemplos. El Aprendizaje Automático es un subconjunto de IA donde los algoritmos aprenden de datos para hacer predicciones o tomar decisiones, sin ser explícitamente",3378.14,101.22,3167.81,25,153,48.3,794,8.01,
2026-06-02T17:30:45.209417,exp_b_top_p_top_p=0.75,phi4-mini:latest,74,"Explica en menos de 100 palabras la diferencia entre Inteligencia Artificial, Ma",0.5,0.75,40,"La Inteligencia Artificial (IA) se refiere a las máquinas capaces de realizar tareas que requieren inteligencia humana, como el aprendizaje y razonamiento.

Machine Learning es un subconjunto de IA donde los sistemas aprenden automáticamente del datos sin ser explícitamente programados para una tare",2817.56,103.86,2622.57,25,127,48.43,715,8.36,
2026-06-02T17:30:47.739589,exp_b_top_p_top_p=0.75,phi4-mini:latest,75,"Explica en menos de 100 palabras la diferencia entre Inteligencia Artificial, Ma",0.5,0.75,40,"La **Inteligencia Artificial (IA)** se refiere a sistemas que pueden realizar tareas típicas del intelecto humano, como el razonamiento y aprendizaje.

El **Machine Learning** es una subrama de la IA donde los algoritmos aprenden de datos para hacer predicciones o tomar decisiones sin ser explícitam",2523.43,101.86,2332.2,25,112,48.02,570,8.27,
2026-06-02T17:30:51.366141,exp_b_top_p_top_p=0.75,phi4-mini:latest,76,"Explica en menos de 100 palabras la diferencia entre Inteligencia Artificial, Ma",0.5,0.75,40,"La **Inteligencia Artificial (IA)** es el conjunto amplio de sistemas capaces de realizar tareas que normalmente requieren inteligencia humana. El **Machine Learning (ML)**, una rama del IA, permite a los algoritmos aprender y mejorar con datos sin programación explícita; utiliza técnicas estadístic",3618.46,104.9,3402.07,25,164,48.21,885,7.63,
2026-06-02T17:30:54.495497,exp_b_top_p_top_p=0.75,phi4-mini:latest,77,"Explica en menos de 100 palabras la diferencia entre Inteligencia Artificial, Ma",0.5,0.75,40,"La IA se refiere al conjunto amplio de tecnologías diseñadas para simular comportamientos inteligentes humanos como el aprendizaje, razonamiento y percepción. El ML es una subrama del campo de la IA que involucra algoritmos aprendiendo a partir de datos sin reglas explícitas programadas; mejora su r",3120.22,99.61,2923.56,25,141,48.23,745,7.47,
2026-06-02T17:30:56.903595,exp_b_top_p_top_p=0.75,phi4-mini:latest,78,"Explica en menos de 100 palabras la diferencia entre Inteligencia Artificial, Ma",0.5,0.75,40,"La Inteligencia Artificial (IA) se refiere al diseño de máquinas capaces de realizar tareas que normalmente requieren inteligencia humana, como el razonamiento y aprender del entorno.

Machine Learning es una subrama de la IA donde los algoritmos aprenden a partir de datos sin ser explícitamente pro",2400.53,99.61,2221.58,25,108,48.61,578,8.02,
2026-06-02T17:31:00.095615,exp_b_top_p_top_p=0.75,phi4-mini:latest,79,"Explica en menos de 100 palabras la diferencia entre Inteligencia Artificial, Ma",0.5,0.75,40,La Inteligencia Artificial (IA) se refiere al campo general que busca crear máquinas capaces de realizar tareas inteligentes. El Machine Learning es una técnica dentro del ámbito de la IA donde los sistemas aprenden a partir de datos sin codificación explícita; identifican patrones y toman decisione,3184.3,105.16,2979.35,25,144,48.33,735,7.82,
2026-06-02T17:31:03.468604,exp_b_top_p_top_p=0.75,phi4-mini:latest,80,"Explica en menos de 100 palabras la diferencia entre Inteligencia Artificial, Ma",0.5,0.75,40,"La **Inteligencia Artificial (IA)** se refiere a sistemas capaces de realizar tareas que normalmente requieren inteligencia humana, como el razonamiento y aprender con experiencias.

El **Machine Learning** es una subcampo del campo más amplio de los Sistemas Informáticos, centrado en la creación de",3364.91,105.2,3155.71,25,154,48.8,790,8.02,
2026-06-02T17:31:07.859726,exp_b_top_p_top_p=0.75,phi4-mini:latest,81,"Explica en menos de 100 palabras la diferencia entre Inteligencia Artificial, Ma",0.5,0.75,40,"La Inteligencia Artificial (IA) es el término general para sistemas inteligentes que imitan comportamientos humanos; se puede considerar como una rama amplia del aprendizaje automático.

Machine Learning (ML), un subconjunto del aprendizaje automático, involucra al sistema aprender de datos y mejora",4382.2,103.19,4148.83,25,200,48.21,1072,8.33,
2026-06-02T17:31:10.143187,exp_b_top_p_top_p=0.75,phi4-mini:latest,82,"Explica en menos de 100 palabras la diferencia entre Inteligencia Artificial, Ma",0.5,0.75,40,"La Inteligencia Artificial (IA) se refiere a sistemas capaces de realizar tareas que requieren inteligencia humana, como el razonamiento y aprender del entorno.

El Machine Learning es una subcampo de la IA donde los algoritmos aprenden de datos para mejorar su rendimiento en tareas específicas sin ",2275.65,106.68,2094.54,25,103,49.18,536,8.18,
2026-06-02T17:31:12.266804,exp_b_top_p_top_p=0.75,phi4-mini:latest,83,"Explica en menos de 100 palabras la diferencia entre Inteligencia Artificial, Ma",0.5,0.75,40,"La Inteligencia Artificial (IA) se refiere a sistemas que realizan tareas típicamente humanas como el aprendizaje y razonamiento. El Machine Learning es una subcategoría de IA donde los algoritmos aprenden con datos para tomar decisiones sin ser explícitamente programados. La IA Generativa, por otro",2115.96,105.73,1939.34,25,95,48.99,509,8.51,
2026-06-02T17:31:15.703013,exp_b_top_p_top_p=0.75,phi4-mini:latest,84,"Explica en menos de 100 palabras la diferencia entre Inteligencia Artificial, Ma",0.5,0.75,40,La Inteligencia Artificial (IA) se refiere al desarrollo de sistemas capaces de realizar tareas que normalmente requieren inteligencia humana. El Machine Learning es un subconjunto del campo de la IA donde los algoritmos aprenden a partir de datos sin ser explícitamente programados para una tarea es,3428.7,105.17,3219.7,25,156,48.45,859,7.67,
2026-06-02T17:31:19.002553,exp_b_top_p_top_p=0.75,phi4-mini:latest,85,"Explica en menos de 100 palabras la diferencia entre Inteligencia Artificial, Ma",0.5,0.75,40,"La Inteligencia Artificial (IA) es el conjunto general de tecnologías que permiten a las máquinas simular funciones humanas como el aprendizaje y el razonamiento. El Aprendizaje Automático (Machine Learning - ML) es un subconjunto del IA donde los algoritmos aprenden con la experiencia, identificand",3292.63,98.58,3093.43,25,151,48.81,803,8.08,
2026-06-02T17:31:22.881823,exp_b_top_p_top_p=0.75,phi4-mini:latest,86,"Explica en menos de 100 palabras la diferencia entre Inteligencia Artificial, Ma",0.5,0.75,40,"La **Inteligencia Artificial (IA)** se refiere a sistemas que realizan tareas normalmente requieren inteligencia humana: razonamiento, aprendizaje y adaptación.

El **Machine Learning** es una subdisciplina de la IA donde los algoritmos aprenden con el dato en lugar del código escrito para ello; det",3870.85,104.32,3650.63,25,177,48.48,922,8.13,
2026-06-02T17:31:25.126727,exp_b_top_p_top_p=0.75,phi4-mini:latest,87,"Explica en menos de 100 palabras la diferencia entre Inteligencia Artificial, Ma",0.5,0.75,40,"La Inteligencia Artificial (IA) se refiere a sistemas capaces de realizar tareas que normalmente requieren inteligencia humana, como el razonamiento y la toma de decisiones.

El Machine Learning es un subcampo del IA donde los algoritmos aprenden de datos para mejorar su rendimiento en una tarea esp",2236.19,104.85,2053.71,25,100,48.69,527,8.31,
2026-06-02T17:31:28.821189,exp_b_top_p_top_p=0.75,phi4-mini:latest,88,"Explica en menos de 100 palabras la diferencia entre Inteligencia Artificial, Ma",0.5,0.75,40,"La **Inteligencia Artificial (IA)** se refiere al campo general enfocado en crear máquinas capaces de realizar tareas que normalmente requieren inteligencia humana.

El **Machine Learning** es una subpágina de la IA donde los algoritmos aprenden y mejoran a través del análisis de datos, sin ser expl",3685.95,99.07,3474.54,25,168,48.35,907,7.95,
2026-06-02T17:31:32.496800,exp_b_top_p_top_p=0.75,phi4-mini:latest,89,"Explica en menos de 100 palabras la diferencia entre Inteligencia Artificial, Ma",0.5,0.75,40,"La Inteligencia Artificial (IA) se refiere al desarrollo de máquinas capaces de realizar tareas que normalmente requieren inteligencia humana, como el razonamiento y la toma de decisiones.

Machine Learning es un subconjunto de IA donde los sistemas aprenden a partir del datos sin ser explícitamente",3665.54,104.76,3450.08,25,168,48.69,910,8.34,
2026-06-02T17:31:35.332117,exp_b_top_p_top_p=0.75,phi4-mini:latest,90,"Explica en menos de 100 palabras la diferencia entre Inteligencia Artificial, Ma",0.5,0.75,40,"La **Inteligencia Artificial (IA)** se refiere al conjunto de tecnologías y métodos para crear máquinas capaces de realizar tareas que requieren inteligencia humana.

El **Machine Learning** es una subcategoría de IA donde las máquinas aprenden a partir del datos sin ser programadas explícitamente, ",2827.75,100.77,2640.39,25,129,48.86,659,8.26,
2026-06-02T17:31:38.786685,exp_b_top_p_top_p=0.75,phi4-mini:latest,91,"Explica en menos de 100 palabras la diferencia entre Inteligencia Artificial, Ma",0.5,0.75,40,"La **Inteligencia Artificial (IA)** se refiere a sistemas que realizan tareas típicas del intelecto humano como el razonamiento y la solución de problemas.

El **Machine Learning** es una rama de la IA donde los algoritmos aprenden automáticamente de datos sin ser explícitamente programados, mejoran",3447.09,102.95,3243.5,25,159,49.02,819,7.7,
2026-06-02T17:31:40.683554,exp_b_top_p_top_p=0.75,phi4-mini:latest,92,"Explica en menos de 100 palabras la diferencia entre Inteligencia Artificial, Ma",0.5,0.75,40,"La Inteligencia Artificial (IA) es el campo general que trata con sistemas inteligentes similares a los humanos, como pensar y aprender.

Machine Learning (ML) se considera una subrama de la IA donde los algoritmos aprenden desde datos sin ser explícitamente programados para cada tarea específica.

",1889.74,102.88,1722.14,25,85,49.36,458,8.2,
2026-06-02T17:31:43.499722,exp_b_top_p_top_p=0.75,phi4-mini:latest,93,"Explica en menos de 100 palabras la diferencia entre Inteligencia Artificial, Ma",0.5,0.75,40,"La **Inteligencia Artificial (IA)** se refiere a sistemas que pueden realizar tareas típicas del cerebro humano como el aprendizaje, razonamiento y percepción. El **Machine Learning** es una subcampo de la IA donde los algoritmos aprenden de datos para tomar decisiones o realizar predicciones sin in",2808.06,106.13,2603.17,25,126,48.4,690,8.58,
2026-06-02T17:31:45.685639,exp_b_top_p_top_p=0.75,phi4-mini:latest,94,"Explica en menos de 100 palabras la diferencia entre Inteligencia Artificial, Ma",0.5,0.75,40,"La Inteligencia Artificial (IA) es el conjunto general de sistemas capaces de realizar tareas que requieren inteligencia humana. El Machine Learning (ML), un subconjunto del IA, implica entrenar algoritmos con datos para hacer predicciones o tomar decisiones sin ser explícitamente programados. La IA",2176.32,103.6,1999.62,25,97,48.51,517,8.48,
2026-06-02T17:31:48.853909,exp_b_top_p_top_p=0.75,phi4-mini:latest,95,"Explica en menos de 100 palabras la diferencia entre Inteligencia Artificial, Ma",0.5,0.75,40,"La Inteligencia Artificial (IA) es el campo general que implica crear máquinas capaces de realizar tareas típicamente humanas, como pensar, aprender y resolver problemas.

Machine Learning (ML), una rama del IA, se centra en desarrollar algoritmos para que aprenden a partir de datos sin ser explícit",3160.83,103.64,2961.86,25,143,48.28,746,8.34,
2026-06-02T17:31:53.217889,exp_b_top_p_top_p=0.75,phi4-mini:latest,96,"Explica en menos de 100 palabras la diferencia entre Inteligencia Artificial, Ma",0.5,0.75,40,La Inteligencia Artificial (IA) es el estudio del desarrollo de máquinas capaces de realizar tareas que requieren inteligencia humana. El Aprendizaje Automático (Machine Learning o ML) se trata de algoritmos que permiten a las computadoras aprender y mejorar con la experiencia sin ser explícitamente,4354.84,101.79,4125.79,25,200,48.48,1059,8.02,
2026-06-02T17:31:55.659595,exp_b_top_p_top_p=0.75,phi4-mini:latest,97,"Explica en menos de 100 palabras la diferencia entre Inteligencia Artificial, Ma",0.5,0.75,40,"La Inteligencia Artificial (IA) se refiere al conjunto de tecnologías que permiten a las máquinas simular comportamientos inteligentes humanos. El Aprendizaje Automático es una rama del campo de la IA donde los sistemas aprenden y mejoran con la experiencia sin ser explícitamente programados, utiliz",2433.16,99.98,2252.52,25,110,48.83,589,8.34,
2026-06-02T17:31:59.009861,exp_b_top_p_top_p=0.75,phi4-mini:latest,98,"Explica en menos de 100 palabras la diferencia entre Inteligencia Artificial, Ma",0.5,0.75,40,"La **Inteligencia Artificial (IA)** se refiere al desarrollo de sistemas capaces de realizar tareas que normalmente requieren inteligencia humana.

El **Machine Learning** es un subconjunto del campo de la IA donde los algoritmos aprenden a partir de datos y mejoran con el tiempo, sin ser explícitam",3343.22,105.44,3133.04,25,152,48.52,840,7.86,
2026-06-02T17:32:02.337687,exp_b_top_p_top_p=0.75,phi4-mini:latest,99,"Explica en menos de 100 palabras la diferencia entre Inteligencia Artificial, Ma",0.5,0.75,40,"La Inteligencia Artificial (IA) se refiere a sistemas que realizan tareas típicamente requeridas para humanos, como el reconocimiento de voz o imágenes. El Machine Learning es un subconjunto de IA donde los algoritmos aprenden y mejoran con datos sin ser explícitamente programados; involucra técnica",3319.95,100.35,3110.35,25,150,48.23,715,8.18,
2026-06-02T17:32:05.544291,exp_b_top_p_top_p=0.75,phi4-mini:latest,100,"Explica en menos de 100 palabras la diferencia entre Inteligencia Artificial, Ma",0.5,0.75,40,"La **Inteligencia Artificial (IA)** se refiere a sistemas que pueden realizar tareas que requieren inteligencia humana como el aprendizaje, razonamiento y percepción.

El **Machine Learning** es un subcampo de la IA donde los algoritmos aprenden con datos para mejorar su rendimiento en una tarea esp",3197.52,103.51,2993.34,25,145,48.44,790,8.12,
2026-06-02T17:32:08.388483,exp_b_top_p_top_p=0.95,phi4-mini:latest,1,"Explica en menos de 100 palabras la diferencia entre Inteligencia Artificial, Ma",0.5,0.95,40,"La Inteligencia Artificial (IA) es el concepto general que abarca sistemas capaces de realizar tareas típicamente humanas como pensar, razonar y aprender. El Machine Learning es un subconjunto dentro del campo de la IA, donde los algoritmos aprenden a partir de datos sin reglas explícitas escritas p",2835.05,104.53,2642.42,25,129,48.82,624,8.13,
2026-06-02T17:32:11.651665,exp_b_top_p_top_p=0.95,phi4-mini:latest,2,"Explica en menos de 100 palabras la diferencia entre Inteligencia Artificial, Ma",0.5,0.95,40,"La **Inteligencia Artificial (IA)** se refiere al comportamiento inteligente del software con fines específicos. El **Machine Learning** es una subcategoría de la IA que permite a las máquinas aprender y mejorar realizando tareas sin ser explícitamente programadas, aprendiendo a partir de datos.

Po",3254.56,105.17,3049.9,25,148,48.53,805,8.51,
2026-06-02T17:32:14.571966,exp_b_top_p_top_p=0.95,phi4-mini:latest,3,"Explica en menos de 100 palabras la diferencia entre Inteligencia Artificial, Ma",0.5,0.95,40,"La **Inteligencia Artificial** (IA) es el estudio del comportamiento inteligente por computadora, centrándose principalmente en tareas que requieren inteligencia humana como razonamiento y aprendizaje.

El **Machine Learning** (ML), un subconjunto de la IA, se trata de algoritmos que permiten a las ",2912.06,102.8,2717.15,25,132,48.58,686,8.56,
2026-06-02T17:32:17.057978,exp_b_top_p_top_p=0.95,phi4-mini:latest,4,"Explica en menos de 100 palabras la diferencia entre Inteligencia Artificial, Ma",0.5,0.95,40,La Inteligencia Artificial (IA) es el campo general que trata con sistemas inteligentes como máquinas imitando capacidades mentales humanas. El Aprendizaje Automático (Machine Learning - ML) es una subrama del IA centrada en crear modelos predictivos para tomar decisiones basadas en datos y mejorar ,2477.7,103.43,2294.21,25,112,48.82,602,8.65,
2026-06-02T17:32:19.975722,exp_b_top_p_top_p=0.95,phi4-mini:latest,5,"Explica en menos de 100 palabras la diferencia entre Inteligencia Artificial, Ma",0.5,0.95,40,"La Inteligencia Artificial (IA) comprende sistemas que realizan tareas típicamente humanas: aprendizaje, reconocimiento de patrones, razonamiento y comprensión del lenguaje natural.

Machine Learning es un subconjunto de IA donde los algoritmos aprenden a partir de datos, mejorando su rendimiento co",2909.74,104.51,2715.35,25,132,48.61,726,8.94,
2026-06-02T17:32:24.349741,exp_b_top_p_top_p=0.95,phi4-mini:latest,6,"Explica en menos de 100 palabras la diferencia entre Inteligencia Artificial, Ma",0.5,0.95,40,"La Inteligencia Artificial (IA) se refiere al conjunto general de tecnologías que simulan capacidades mentales humanas para realizar tareas como el razonamiento y aprender con experiencia. El Aprendizaje Automático (Machine Learning), un subconjunto del campo más amplio de la IA, es una técnica en l",4366.69,101.32,4135.78,25,200,48.36,1043,8.15,
2026-06-02T17:32:27.390198,exp_b_top_p_top_p=0.95,phi4-mini:latest,7,"Explica en menos de 100 palabras la diferencia entre Inteligencia Artificial, Ma",0.5,0.95,40,"La IA se refiere al conjunto amplio de tecnologías que permiten a las máquinas simular funciones humanas, como el aprendizaje, razonamiento y reconocimiento de patrones.

El Machine Learning es una rama específica dentro de la IA donde los sistemas aprenden automáticamente del datos sin ser explícit",3032.02,100.56,2835.53,25,138,48.67,728,7.81,
2026-06-02T17:32:29.895367,exp_b_top_p_top_p=0.95,phi4-mini:latest,8,"Explica en menos de 100 palabras la diferencia entre Inteligencia Artificial, Ma",0.5,0.95,40,La Inteligencia Artificial (IA) es el conjunto general de tecnologías para crear máquinas que imitan capacidades humanas. El Machine Learning (ML) se trata de algoritmos que permiten a las computadoras aprender con datos y mejorar su rendimiento sin codificación explícita; son una forma específica d,2497.89,98.03,2318.13,25,113,48.75,585,8.37,
2026-06-02T17:32:32.105019,exp_b_top_p_top_p=0.95,phi4-mini:latest,9,"Explica en menos de 100 palabras la diferencia entre Inteligencia Artificial, Ma",0.5,0.95,40,"La Inteligencia Artificial (IA) es el conjunto general de sistemas que imitan capacidades humanas para realizar tareas y tomar decisiones. El Aprendizaje Automático (Machine Learning), una rama del IA, permite a las máquinas aprender de datos sin codificación explícita, mejorando su rendimiento con ",2203.42,98.91,2030.08,25,99,48.77,516,8.82,
2026-06-02T17:32:34.808601,exp_b_top_p_top_p=0.95,phi4-mini:latest,10,"Explica en menos de 100 palabras la diferencia entre Inteligencia Artificial, Ma",0.5,0.95,40,"La **Inteligencia Artificial (IA)** se refiere al estudio del comportamiento inteligente por parte de máquinas y sistemas capaces de realizar tareas que normalmente requieren inteligencia humana.

El **Machine Learning** es un subconjunto de IA donde los algoritmos aprenden a partir de datos sin ser",2696.55,103.92,2500.91,25,121,48.38,655,7.95,
2026-06-02T17:32:38.118778,exp_b_top_p_top_p=0.95,phi4-mini:latest,11,"Explica en menos de 100 palabras la diferencia entre Inteligencia Artificial, Ma",0.5,0.95,40,"La **Inteligencia Artificial** (IA) es el conjunto general de tecnologías que permiten a las máquinas simular comportamientos inteligentes como humanos.

El **Machine Learning** (ML), una rama del campo de la inteligencia artificial, se refiere al proceso mediante el cual los algoritmos aprenden y m",3303.01,101.99,3097.18,25,150,48.43,751,7.87,
2026-06-02T17:32:41.502378,exp_b_top_p_top_p=0.95,phi4-mini:latest,12,"Explica en menos de 100 palabras la diferencia entre Inteligencia Artificial, Ma",0.5,0.95,40,"La Inteligencia Artificial (IA) se refiere al conjunto de tecnologías que permiten a las máquinas simular comportamientos inteligentes, como el aprendizaje y la toma de decisiones.

Machine Learning es una subcategoría de IA donde los algoritmos aprenden de datos para mejorar su rendimiento en tarea",3375.38,98.89,3167.1,25,152,47.99,831,8.16,
2026-06-02T17:32:44.042486,exp_b_top_p_top_p=0.95,phi4-mini:latest,13,"Explica en menos de 100 palabras la diferencia entre Inteligencia Artificial, Ma",0.5,0.95,40,La **Inteligencia Artificial (IA)** se refiere a sistemas o programas capaces de realizar tareas que normalmente requieren inteligencia humana. El **Machine Learning** es un subconjunto del IA donde los algoritmos aprenden y mejoran su rendimiento con la experiencia sin ser explícitamente programado,2532.42,99.23,2350.74,25,115,48.92,575,8.17,
2026-06-02T17:32:47.650404,exp_b_top_p_top_p=0.95,phi4-mini:latest,14,"Explica en menos de 100 palabras la diferencia entre Inteligencia Artificial, Ma",0.5,0.95,40,"La Intelligenza Artificiale (IA) se refiere a sistemas que realizan tareas típicas del intelecto humano como el reconocimiento de voz y lenguaje natural, procesamiento de imágenes y aprendizaje automático.

El Machine Learning es una rama de la IA que permite a los computadores aprender con datos si",3600.28,104.76,3381.89,25,163,48.2,857,7.99,
2026-06-02T17:32:50.101099,exp_b_top_p_top_p=0.95,phi4-mini:latest,15,"Explica en menos de 100 palabras la diferencia entre Inteligencia Artificial, Ma",0.5,0.95,40,"La Inteligencia Artificial (IA) se refiere a sistemas capaces de realizar tareas que requieren inteligencia humana como el razonamiento y la comprensión del lenguaje natural. El Aprendizaje Automático (Machine Learning o ML), es un subcampo de la IA donde los algoritmos aprenden de datos para mejora",2443.3,99.69,2261.46,25,110,48.64,566,8.54,
2026-06-02T17:32:53.613705,exp_b_top_p_top_p=0.95,phi4-mini:latest,16,"Explica en menos de 100 palabras la diferencia entre Inteligencia Artificial, Ma",0.5,0.95,40,"La IA se refiere a sistemas capaces de realizar tareas que normalmente requieren inteligencia humana, como el reconocimiento de voz y lenguaje natural.

El Machine Learning es un subconjunto de IA donde los algoritmos aprenden de datos para mejorar su rendimiento en una tarea específica sin estar ex",3503.83,100.37,3290.05,25,159,48.33,890,8.19,
2026-06-02T17:32:56.773191,exp_b_top_p_top_p=0.95,phi4-mini:latest,17,"Explica en menos de 100 palabras la diferencia entre Inteligencia Artificial, Ma",0.5,0.95,40,"La Inteligencia Artificial (IA) es el término general para sistemas capaces de realizar tareas que normalmente requieren inteligencia humana, como reconocer voz o lenguaje natural.

Machine Learning (ML), una rama del aprendizaje automático dentro de la IA, implica entrenar algoritmos con datos para",3145.09,102.33,2941.12,25,143,48.62,768,8.88,
2026-06-02T17:32:59.386570,exp_b_top_p_top_p=0.95,phi4-mini:latest,18,"Explica en menos de 100 palabras la diferencia entre Inteligencia Artificial, Ma",0.5,0.95,40,"La Inteligencia Artificial (IA) es el conocimiento general sobre las máquinas que imitan capacidades mentales humanas como aprender y razonar. El Aprendizaje Automático (Machine Learning), un subcampo del IA, involucra algoritmos diseñados para mejorar con la experiencia sin codificación explícita; ",2603.39,108.08,2409.41,25,118,48.97,592,8.85,
2026-06-02T17:33:03.434065,exp_b_top_p_top_p=0.95,phi4-mini:latest,19,"Explica en menos de 100 palabras la diferencia entre Inteligencia Artificial, Ma",0.5,0.95,40,"La Inteligencia Artificial (IA) es el campo que busca crear máquinas capaces de realizar tareas que requieren inteligencia humana, como entender lenguaje natural o tomar decisiones.

El aprendizaje automático es una rama del IA enfocada en desarrollar algoritmos y modelos computacionales para aprend",4039.35,97.41,3820.19,25,185,48.43,1049,8.16,
2026-06-02T17:33:06.051626,exp_b_top_p_top_p=0.95,phi4-mini:latest,20,"Explica en menos de 100 palabras la diferencia entre Inteligencia Artificial, Ma",0.5,0.95,40,"La Inteligencia Artificial (IA) se refiere a sistemas capaces de realizar tareas que requieren inteligencia humana como el razonamiento y el aprendizaje.

El Machine Learning es una rama del campo científico de la IA donde los algoritmos aprenden de datos para tomar decisiones o hacer predicciones s",2608.7,101.32,2423.97,25,118,48.68,658,8.48,
2026-06-02T17:33:09.945415,exp_b_top_p_top_p=0.95,phi4-mini:latest,21,"Explica en menos de 100 palabras la diferencia entre Inteligencia Artificial, Ma",0.5,0.95,40,"La **Inteligencia Artificial (IA)** es el conjunto amplio de tecnologías que permiten a las máquinas simular comportamientos inteligentes similares al comportamiento humano.

El **Machine Learning** se trata del subcampo dentro de la IA donde los algoritmos aprenden y mejoran su rendimiento con más ",3885.39,97.09,3665.65,25,177,48.29,975,7.77,
2026-06-02T17:33:13.694906,exp_b_top_p_top_p=0.95,phi4-mini:latest,22,"Explica en menos de 100 palabras la diferencia entre Inteligencia Artificial, Ma",0.5,0.95,40,"La **Inteligencia Artificial (IA)** es el campo general enfocado en desarrollar máquinas capaces de realizar tareas que normalmente requieren inteligencia humana.


El **Machine Learning (ML)** es una subdisciplina del IA donde los sistemas aprenden a partir de datos sin ser explícitamente programad",3740.9,102.58,3523.03,25,171,48.54,887,8.38,
2026-06-02T17:33:17.184763,exp_b_top_p_top_p=0.95,phi4-mini:latest,23,"Explica en menos de 100 palabras la diferencia entre Inteligencia Artificial, Ma",0.5,0.95,40,"La Inteligencia Artificial (IA) se refiere a sistemas que pueden realizar tareas que normalmente requieren inteligencia humana, como el aprendizaje y la percepción. El Aprendizaje Automático (Machine Learning), una rama del campo de la IA, implica enseñar computadoras para tomar decisiones mediante ",3480.39,101.63,3275.02,25,160,48.85,867,7.91,
2026-06-02T17:33:20.398926,exp_b_top_p_top_p=0.95,phi4-mini:latest,24,"Explica en menos de 100 palabras la diferencia entre Inteligencia Artificial, Ma",0.5,0.95,40,"La **Inteligencia Artificial (IA)** es el conjunto general de tecnologías informáticas diseñadas para simular acciones inteligentes típicamente humanas y comportamientos cognitivos.

**Machine Learning (ML)** es una subárea de la IA que implica a los sistemas aprendiendo con experiencia, detectando ",3205.78,95.44,3011.8,25,147,48.81,753,8.3,
2026-06-02T17:33:24.025733,exp_b_top_p_top_p=0.95,phi4-mini:latest,25,"Explica en menos de 100 palabras la diferencia entre Inteligencia Artificial, Ma",0.5,0.95,40,La Inteligencia Artificial (IA) se refiere al conjunto de tecnologías que permiten a los sistemas simular comportamientos inteligentes similares a los humanos. El Aprendizaje Automático (Machine Learning o ML) es un subconjunto del IA donde el sistema aprende de datos para tomar decisiones sin ser p,3619.41,104.54,3407.14,25,166,48.72,837,8.2,
2026-06-02T17:33:26.722415,exp_b_top_p_top_p=0.95,phi4-mini:latest,26,"Explica en menos de 100 palabras la diferencia entre Inteligencia Artificial, Ma",0.5,0.95,40,La Inteligencia Artificial (IA) se refiere a sistemas capaces de realizar tareas que normalmente requieren inteligencia humana como el razonamiento y la toma de decisiones. El Aprendizaje Automático (Machine Learning o ML) es un subcampo de la IA donde los algoritmos aprenden con datos para mejorar ,2689.56,102.28,2500.48,25,122,48.79,638,8.16,
2026-06-02T17:33:29.192095,exp_b_top_p_top_p=0.95,phi4-mini:latest,27,"Explica en menos de 100 palabras la diferencia entre Inteligencia Artificial, Ma",0.5,0.95,40,"La IA (Inteligencia Artificial) se refiere al estudio del comportamiento inteligente por parte de máquinas programadas para realizar tareas que normalmente requieren inteligencia humana.

El Machine Learning es una subárea de la IA donde los algoritmos aprenden a partir de datos sin ser explícitamen",2461.57,101.32,2276.47,25,110,48.32,594,7.94,
2026-06-02T17:33:32.554563,exp_b_top_p_top_p=0.95,phi4-mini:latest,28,"Explica en menos de 100 palabras la diferencia entre Inteligencia Artificial, Ma",0.5,0.95,40,"La Inteligencia Artificial (IA) se refiere al desarrollo de máquinas capaces de realizar tareas que normalmente requieren inteligencia humana, como el aprendizaje y la resolución de problemas.

El Machine Learning (ML), un subconjunto del campo más amplio de la IA, es una técnica para crear sistemas",3355.18,101.9,3151.46,25,152,48.23,820,8.55,
2026-06-02T17:33:36.940284,exp_b_top_p_top_p=0.95,phi4-mini:latest,29,"Explica en menos de 100 palabras la diferencia entre Inteligencia Artificial, Ma",0.5,0.95,40,"La **Inteligencia Artificial (IA)** se refiere al estudio del comportamiento inteligente por computadora y sistemas humanos diseñados para realizar tareas que normalmente requerirían inteligencia humana.

El **Machine Learning (ML)** es un subconjunto de la IA donde los algoritmos aprenden a partir ",4375.62,100.09,4144.78,25,200,48.25,1078,8.11,
2026-06-02T17:33:39.777632,exp_b_top_p_top_p=0.95,phi4-mini:latest,30,"Explica en menos de 100 palabras la diferencia entre Inteligencia Artificial, Ma",0.5,0.95,40,"La Inteligencia Artificial (IA) es el conjunto general de sistemas que pueden realizar tareas con inteligencia humana como aprender, razonar y reconocer patrones.

El Aprendizaje automático (Machine Learning o ML) es un subconjunto del IA donde los sistemas aprenden a partir de datos, mejorando su r",2826.52,97.35,2638.35,25,128,48.52,654,8.58,
2026-06-02T17:33:44.300392,exp_b_top_p_top_p=0.95,phi4-mini:latest,31,"Explica en menos de 100 palabras la diferencia entre Inteligencia Artificial, Ma",0.5,0.95,40,La inteligencia artificial (IA) es el término general para sistemas que realizan tareas típicamente humanas como aprender y razonar con información. El aprendizaje automático (Machine Learning o ML) se refiere a un enfoque específico dentro del campo de la IA donde los algoritmos aprenden automática,4502.01,200.58,4169.66,25,200,47.97,1063,7.59,
2026-06-02T17:33:47.225006,exp_b_top_p_top_p=0.95,phi4-mini:latest,32,"Explica en menos de 100 palabras la diferencia entre Inteligencia Artificial, Ma",0.5,0.95,40,"La **Inteligencia Artificial** (IA) es el conjunto general de sistemas capaces de realizar tareas que requieren inteligencia humana como aprender, razonar y reconocer patrones.

El **Machine Learning** (ML), una rama del IA, se refiere a algoritmos que permiten a los sistemas mejorar con la experien",2917.22,103.93,2720.46,25,132,48.52,669,7.95,
2026-06-02T17:33:50.880063,exp_b_top_p_top_p=0.95,phi4-mini:latest,33,"Explica en menos de 100 palabras la diferencia entre Inteligencia Artificial, Ma",0.5,0.95,40,La **Inteligencia Artificial (IA)** se refiere al desarrollo de sistemas capaces de realizar tareas que normalmente requieren inteligencia humana. El **Machine Learning (ML)** es un subconjunto del IA donde los algoritmos aprenden y mejoran a partir del análisis de datos sin ser explícitamente progr,3645.95,104.85,3426.38,25,166,48.45,871,7.73,
2026-06-02T17:33:53.431645,exp_b_top_p_top_p=0.95,phi4-mini:latest,34,"Explica en menos de 100 palabras la diferencia entre Inteligencia Artificial, Ma",0.5,0.95,40,"La **Inteligencia Artificial (IA)** se refiere a sistemas que pueden realizar tareas típicas de seres humanos con inteligencia, como el aprendizaje y la toma de decisiones.

El **Machine Learning** es un subconjunto de la IA donde los algoritmos aprenden de datos para mejorar su rendimiento en una t",2543.77,101.04,2361.14,25,116,49.13,599,8.33,
2026-06-02T17:33:56.665951,exp_b_top_p_top_p=0.95,phi4-mini:latest,35,"Explica en menos de 100 palabras la diferencia entre Inteligencia Artificial, Ma",0.5,0.95,40,"La **Inteligencia Artificial** (IA) se refiere a sistemas computacionales capaces de realizar tareas que normalmente requieren inteligencia humana, como el razonamiento y el aprendizaje.

El **Machine Learning** es una subrama de la IA donde los algoritmos aprenden de datos para tomar decisiones o h",3224.07,104.54,3017.09,25,146,48.39,789,8.53,
2026-06-02T17:33:59.593862,exp_b_top_p_top_p=0.95,phi4-mini:latest,36,"Explica en menos de 100 palabras la diferencia entre Inteligencia Artificial, Ma",0.5,0.95,40,"La inteligencia artificial (IA) se refiere al desarrollo de sistemas capaces de realizar tareas que requieren inteligencia humana como reconocimiento de voz o lenguaje natural.

El aprendizaje automático es una rama del campo científico más amplio del conocimiento profundo y consiste en algoritmos d",2920.79,103.27,2726.27,25,132,48.42,775,8.55,
2026-06-02T17:34:02.361224,exp_b_top_p_top_p=0.95,phi4-mini:latest,37,"Explica en menos de 100 palabras la diferencia entre Inteligencia Artificial, Ma",0.5,0.95,40,"La Inteligencia Artificial (IA) es el campo general que abarca sistemas capaces de realizar tareas inteligentes por sí mismos. El Aprendizaje Automático (Machine Learning), una rama del aprendizaje automático, implica a los algoritmos en aprender y mejorar su rendimiento con la experiencia sin progr",2760.29,98.55,2572.77,25,125,48.59,680,8.61,
2026-06-02T17:34:05.838726,exp_b_top_p_top_p=0.95,phi4-mini:latest,38,"Explica en menos de 100 palabras la diferencia entre Inteligencia Artificial, Ma",0.5,0.95,40,"La IA se refiere al conjunto general de sistemas capaces de realizar tareas que normalmente requieren inteligencia humana, como el aprendizaje, razonamiento y percepción.

Machine Learning es un subconjunto de IA donde los algoritmos aprenden automáticamente a partir del datos sin ser explícitamente",3469.5,99.75,3256.72,25,157,48.21,876,8.1,
2026-06-02T17:34:08.273429,exp_b_top_p_top_p=0.95,phi4-mini:latest,39,"Explica en menos de 100 palabras la diferencia entre Inteligencia Artificial, Ma",0.5,0.95,40,La Inteligencia Artificial (IA) es el conjunto general de capacidades que permiten a las máquinas simular tareas inteligentes. El Aprendizaje Automático (Machine Learning - ML) es un subconjunto de IA donde los sistemas aprenden y mejoran con la experiencia sin ser explícitamente programados para ha,2423.55,101.69,2241.25,25,109,48.63,550,8.7,
2026-06-02T17:34:11.545988,exp_b_top_p_top_p=0.95,phi4-mini:latest,40,"Explica en menos de 100 palabras la diferencia entre Inteligencia Artificial, Ma",0.5,0.95,40,"La Inteligencia Artificial (IA) se refiere a sistemas que pueden realizar tareas intelectuales humanas con el fin de simular inteligencia humana. El Aprendizaje Automático es una rama del campo de la IA donde los algoritmos aprenden y mejoran su rendimiento sin ser explícitamente programados, usando",3265.82,100.59,3064.03,25,149,48.63,780,7.71,
2026-06-02T17:34:14.914081,exp_b_top_p_top_p=0.95,phi4-mini:latest,41,"Explica en menos de 100 palabras la diferencia entre Inteligencia Artificial, Ma",0.5,0.95,40,"La Inteligencia Artificial (IA) es el campo general que trata con sistemas inteligentes capaces de realizar tareas que normalmente requieren inteligencia humana.

Machine Learning (ML), una subárea de IA, se centra en desarrollar algoritmos que aprenden a partir del datos para tomar decisiones o pre",3360.7,105.61,3149.09,25,153,48.59,849,8.17,
2026-06-02T17:34:17.013348,exp_b_top_p_top_p=0.95,phi4-mini:latest,42,"Explica en menos de 100 palabras la diferencia entre Inteligencia Artificial, Ma",0.5,0.95,40,"La IA se refiere a sistemas que pueden realizar tareas que normalmente requieren inteligencia humana, como el reconocimiento de voz o imágenes. El ML es un subconjunto del IA donde los algoritmos aprenden y mejoran con datos sin ser explícitamente programados para una tarea específica. La IA generat",2092.14,101.19,1919.62,25,94,48.97,493,7.61,
2026-06-02T17:34:20.239136,exp_b_top_p_top_p=0.95,phi4-mini:latest,43,"Explica en menos de 100 palabras la diferencia entre Inteligencia Artificial, Ma",0.5,0.95,40,"La Inteligencia Artificial (IA) es el conjunto amplio de tecnologías que permiten a las máquinas simular comportamientos inteligentes como los humanos—como aprender, razonar y resolver problemas.

Machine Learning (ML), una rama del campo más grande de la inteligencia artificial, se centra en crear ",3217.56,101.5,3014.83,25,146,48.43,802,7.92,
2026-06-02T17:34:23.192323,exp_b_top_p_top_p=0.95,phi4-mini:latest,44,"Explica en menos de 100 palabras la diferencia entre Inteligencia Artificial, Ma",0.5,0.95,40,"La **Inteligencia Artificial (IA)** se refiere al estudio del comportamiento inteligente por computadora y el desarrollo de sistemas capaces de realizar tareas que normalmente requieren inteligencia humana.

El **Machine Learning** es un subconjunto de la IA donde los algoritmos aprenden a partir de",2944.03,103.29,2743.11,25,133,48.49,715,8.29,
2026-06-02T17:34:27.582144,exp_b_top_p_top_p=0.95,phi4-mini:latest,45,"Explica en menos de 100 palabras la diferencia entre Inteligencia Artificial, Ma",0.5,0.95,40,"La Inteligencia Artificial (IA) es el estudio del diseño y desarrollo de máquinas capaces de realizar tareas que normalmente requieren inteligencia humana; lo hace con sistemas impulsados por algoritmos o reglas predefinidas.

El Aprendizaje Automático (Machine Learning), un subconjunto de la IA, se",4381.29,102.54,4142.57,25,200,48.28,1076,8.63,
2026-06-02T17:34:30.593345,exp_b_top_p_top_p=0.95,phi4-mini:latest,46,"Explica en menos de 100 palabras la diferencia entre Inteligencia Artificial, Ma",0.5,0.95,40,"La Inteligencia Artificial (IA) se refiere a las máquinas capaces de realizar tareas que normalmente requieren inteligencia humana, como el reconocimiento de voz y lenguaje natural.

Machine Learning es un subconjunto de IA donde los sistemas aprenden con base en datos, mejorando su desempeño sin se",3002.59,100.54,2805.1,25,136,48.48,759,8.91,
2026-06-02T17:34:32.918455,exp_b_top_p_top_p=0.95,phi4-mini:latest,47,"Explica en menos de 100 palabras la diferencia entre Inteligencia Artificial, Ma",0.5,0.95,40,"La Inteligencia Artificial (IA) se refiere a sistemas que pueden realizar tareas típicas del pensamiento humano, como aprender y razonar con el contexto natural.

El Aprendizaje Automático es una rama específica dentro de la IA donde los algoritmos aprenden patrones en datos sin codificación explíci",2317.77,103.7,2134.76,25,104,48.72,549,8.21,
2026-06-02T17:34:35.802199,exp_b_top_p_top_p=0.95,phi4-mini:latest,48,"Explica en menos de 100 palabras la diferencia entre Inteligencia Artificial, Ma",0.5,0.95,40,"La **Inteligencia Artificial (IA)** se refiere a algoritmos diseñados para simular comportamientos humanos y tareas cognitivas como el razonamiento o el procesamiento del lenguaje natural.

El **Machine Learning** es una rama de la IA que permite a los sistemas aprender automáticamente y mejorar con",2874.74,102.18,2675.92,25,129,48.21,683,8.61,
2026-06-02T17:34:38.875875,exp_b_top_p_top_p=0.95,phi4-mini:latest,49,"Explica en menos de 100 palabras la diferencia entre Inteligencia Artificial, Ma",0.5,0.95,40,"La **Inteligencia Artificial (IA)** se refiere a sistemas que exhiben comportamientos inteligentes para resolver tareas específicas, como reconocimiento de voz o imágenes.

El **Machine Learning** es una rama del aprendizaje automático donde algoritmos aprenden y mejoran mediante la exposición a gra",3066.55,104.43,2865.04,25,139,48.52,775,8.37,
2026-06-02T17:34:41.814558,exp_b_top_p_top_p=0.95,phi4-mini:latest,50,"Explica en menos de 100 palabras la diferencia entre Inteligencia Artificial, Ma",0.5,0.95,40,"La **Inteligencia Artificial (IA)** es el área general del procesamiento automático que busca replicar comportamientos inteligentes humanos con máquinas.

El **Machine Learning** se trata de algoritmos computacionales capaces de aprender a partir de datos sin ser explícitamente programados para cada",2931.93,101.78,2736.25,25,133,48.61,724,8.25,
2026-06-02T17:34:45.513803,exp_b_top_p_top_p=0.95,phi4-mini:latest,51,"Explica en menos de 100 palabras la diferencia entre Inteligencia Artificial, Ma",0.5,0.95,40,"La IA se refiere a sistemas que realizan tareas típicamente humanas, como el reconocimiento de voz y lenguaje natural (NLP), visión por computadora o robótica.

El aprendizaje automático es una rama del IoE donde los algoritmos aprenden con base en datos para tomar decisiones sin instrucciones explí",3690.82,102.72,3476.57,25,167,48.04,873,7.73,
2026-06-02T17:34:48.737883,exp_b_top_p_top_p=0.95,phi4-mini:latest,52,"Explica en menos de 100 palabras la diferencia entre Inteligencia Artificial, Ma",0.5,0.95,40,"La **Inteligencia Artificial (IA)** se refiere a sistemas que pueden realizar tareas típicas del cerebro humano como el pensamiento y el aprendizaje.

El **Machine Learning** es una subdisciplina de la IA donde los algoritmos aprenden con datos sin ser explícitamente programados, mejorando su rendim",3216.43,101.75,3013.84,25,146,48.44,740,8.47,
2026-06-02T17:34:52.018343,exp_b_top_p_top_p=0.95,phi4-mini:latest,53,"Explica en menos de 100 palabras la diferencia entre Inteligencia Artificial, Ma",0.5,0.95,40,"La **Inteligencia Artificial (IA)** comprende el desarrollo y uso de sistemas capaces de realizar tareas que normalmente requieren inteligencia humana, como reconocimiento de voz o comprensión del lenguaje natural.

El **Machine Learning (ML)** es una subdisciplina de la IA donde los algoritmos apre",3273.62,99.12,3056.71,25,147,48.09,772,8.54,
2026-06-02T17:34:56.332968,exp_b_top_p_top_p=0.95,phi4-mini:latest,54,"Explica en menos de 100 palabras la diferencia entre Inteligencia Artificial, Ma",0.5,0.95,40,"La **Inteligencia Artificial (IA)** se refiere al estudio y creación de máquinas capaces de realizar tareas que normalmente requieren inteligencia humana, como el razonamiento lógico o aprender.

El **Machine Learning** es una subrama del campo más amplio de la IA, donde los algoritmos aprenden a pa",4295.64,100.12,4066.45,25,196,48.2,1023,8.05,
2026-06-02T17:34:58.440931,exp_b_top_p_top_p=0.95,phi4-mini:latest,55,"Explica en menos de 100 palabras la diferencia entre Inteligencia Artificial, Ma",0.5,0.95,40,La IA es el campo general que trata con sistemas inteligentes capaces de realizar tareas que normalmente requieren inteligencia humana. El ML se refiere al subcampo dentro de la IA donde los algoritmos aprenden a partir del datos y mejoran su rendimiento sin instrucciones explícitas. La IA generativ,2099.06,107.61,1918.43,25,93,48.48,486,7.54,
2026-06-02T17:35:02.176586,exp_b_top_p_top_p=0.95,phi4-mini:latest,56,"Explica en menos de 100 palabras la diferencia entre Inteligencia Artificial, Ma",0.5,0.95,40,"La IA se refiere a sistemas capaces de realizar tareas que normalmente requieren inteligencia humana, como reconocimiento de voz o lenguaje natural.

El aprendizaje automático (ML) es un subconjunto del IA donde los algoritmos aprenden y mejoran su rendimiento con el tiempo basándose en datos sin se",3727.15,102.47,3512.46,25,170,48.4,899,8.17,
2026-06-02T17:35:05.986083,exp_b_top_p_top_p=0.95,phi4-mini:latest,57,"Explica en menos de 100 palabras la diferencia entre Inteligencia Artificial, Ma",0.5,0.95,40,"La **Inteligencia Artificial (IA)** se refiere a sistemas capaces de realizar tareas que requieren inteligencia humana como el razonamiento y la toma de decisiones.

El **Machine Learning** es una subrama de la IA donde los algoritmos aprenden de datos experimentales para mejorar su rendimiento en t",3801.83,104.03,3582.15,25,173,48.3,894,7.99,
2026-06-02T17:35:09.576536,exp_b_top_p_top_p=0.95,phi4-mini:latest,58,"Explica en menos de 100 palabras la diferencia entre Inteligencia Artificial, Ma",0.5,0.95,40,La Inteligencia Artificial (IA) se refiere al conjunto amplio de tecnologías que permiten a las máquinas simular comportamientos inteligentes como los humanos. El Machine Learning es una rama del IA donde el sistema aprende y mejora con experiencias sin ser explícitamente programado para hacerlo; ut,3582.75,99.76,3373.65,25,164,48.61,908,8.0,
2026-06-02T17:35:11.847766,exp_b_top_p_top_p=0.95,phi4-mini:latest,59,"Explica en menos de 100 palabras la diferencia entre Inteligencia Artificial, Ma",0.5,0.95,40,"La Inteligencia Artificial (IA) se refiere al conjunto de tecnologías que permiten a las máquinas simular comportamientos inteligentes similares a los humanos. El Aprendizaje Automático (Machine Learning), una subcategoría de IA, implica el entrenamiento de modelos con datos para hacer predicciones ",2261.99,103.24,2085.33,25,102,48.91,560,8.6,
2026-06-02T17:35:14.148644,exp_b_top_p_top_p=0.95,phi4-mini:latest,60,"Explica en menos de 100 palabras la diferencia entre Inteligencia Artificial, Ma",0.5,0.95,40,"La Inteligencia Artificial (IA) se refiere a sistemas que pueden realizar tareas típicas de seres humanos como pensar, aprender y resolver problemas. El Aprendizaje Automático es un subcampo de la IA donde los algoritmos aprenden a partir del datos sin instrucciones explícitas; mejoran con más infor",2293.51,106.98,2111.19,25,104,49.26,515,8.11,
2026-06-02T17:35:17.925185,exp_b_top_p_top_p=0.95,phi4-mini:latest,61,"Explica en menos de 100 palabras la diferencia entre Inteligencia Artificial, Ma",0.5,0.95,40,"La Inteligencia Artificial (IA) es el conocimiento computacional sobre tareas que normalmente requieren inteligencia humana; se trata del diseño y desarrollo de sistemas capaces de realizar dichas tareas.

Machine Learning (ML), un subcampo de IA, implica entrenar a los algoritmos con grandes cantid",3768.59,101.71,3557.99,25,174,48.9,945,7.57,
2026-06-02T17:35:20.921360,exp_b_top_p_top_p=0.95,phi4-mini:latest,62,"Explica en menos de 100 palabras la diferencia entre Inteligencia Artificial, Ma",0.5,0.95,40,"La **Inteligencia Artificial (IA)** es el conocimiento artificial general sobre inteligencia humana y máquinas con capacidad para realizar tareas que requieren comprensión, percepción o toma de decisiones.

El **Machine Learning** es una subcategoría del campo más amplio de la IA; involucra algoritm",2987.81,105.87,2791.06,25,137,49.09,743,8.59,
2026-06-02T17:35:23.965454,exp_b_top_p_top_p=0.95,phi4-mini:latest,63,"Explica en menos de 100 palabras la diferencia entre Inteligencia Artificial, Ma",0.5,0.95,40,"La **Inteligencia Artificial (IA)** se refiere a sistemas o máquinas capaces de realizar tareas que normalmente requieren inteligencia humana, como el aprendizaje, razonamiento y percepción.

El **Machine Learning (ML)** es una rama del IA donde los algoritmos aprenden automáticamente identificando ",3037.53,102.6,2840.71,25,139,48.93,719,8.62,
2026-06-02T17:35:26.760202,exp_b_top_p_top_p=0.95,phi4-mini:latest,64,"Explica en menos de 100 palabras la diferencia entre Inteligencia Artificial, Ma",0.5,0.95,40,"La Inteligencia Artificial (IA) se refiere a sistemas capaces de realizar tareas que requieren inteligencia humana, como el aprendizaje y razonar.

Machine Learning es una subdisciplina del campo de la IA donde los algoritmos aprenden de datos para tomar decisiones o predicciones sin ser explícitame",2787.77,96.94,2604.78,25,128,49.14,701,8.47,
2026-06-02T17:35:30.830265,exp_b_top_p_top_p=0.95,phi4-mini:latest,65,"Explica en menos de 100 palabras la diferencia entre Inteligencia Artificial, Ma",0.5,0.95,40,"La **Inteligencia Artificial (IA)** se refiere al conjunto de tecnologías que permiten a los sistemas simular tareas intelectuales humanas como el aprendizaje, razonamiento y percepción.

El **Machine Learning** es una rama del campo de la IA donde algoritmos aprenden automáticamente de datos para r",4061.58,102.52,3843.18,25,188,48.92,1043,8.23,
2026-06-02T17:35:33.614646,exp_b_top_p_top_p=0.95,phi4-mini:latest,66,"Explica en menos de 100 palabras la diferencia entre Inteligencia Artificial, Ma",0.5,0.95,40,"La **Inteligencia Artificial (IA)** se refiere a sistemas que realizan tareas típicamente requeridas al intelecto humano, como el reconocimiento de voz o lenguaje natural.

El **Machine Learning** es un subconjunto del IA donde los sistemas aprenden y mejoran su rendimiento sin ser explícitamente pr",2776.82,102.64,2587.19,25,127,49.09,673,8.9,
2026-06-02T17:35:36.188496,exp_b_top_p_top_p=0.95,phi4-mini:latest,67,"Explica en menos de 100 palabras la diferencia entre Inteligencia Artificial, Ma",0.5,0.95,40,"La **Inteligencia Artificial (IA)** se refiere a sistemas que realizan tareas típicas del intelecto humano, como el razonamiento y el aprendizaje.

El **Machine Learning** es un subconjunto de la IA donde los algoritmos aprenden de datos para mejorar su rendimiento sin ser programados explícitamente",2566.93,103.81,2380.61,25,117,49.15,607,8.68,
2026-06-02T17:35:39.180938,exp_b_top_p_top_p=0.95,phi4-mini:latest,68,"Explica en menos de 100 palabras la diferencia entre Inteligencia Artificial, Ma",0.5,0.95,40,"La **Inteligencia Artificial (IA)** se refiere a sistemas que muestran comportamientos inteligentes; pueden realizar tareas como el reconocimiento de voz y lenguaje natural o el aprendizaje automático.

El **Machine Learning** es una subárea de la IA donde los algoritmos aprenden con datos, identifi",2985.39,103.19,2790.67,25,137,49.09,689,8.94,
2026-06-02T17:35:41.799988,exp_b_top_p_top_p=0.95,phi4-mini:latest,69,"Explica en menos de 100 palabras la diferencia entre Inteligencia Artificial, Ma",0.5,0.95,40,"La **Inteligencia Artificial (IA)** se refiere a sistemas que realizan tareas que normalmente requieren inteligencia humana, como el reconocimiento de voz o lenguaje natural.

El **Machine Learning (ML)** es un subconjunto del IA donde los algoritmos aprenden y mejoran su rendimiento con la experien",2611.36,103.72,2425.2,25,119,49.07,621,8.24,
2026-06-02T17:35:44.467351,exp_b_top_p_top_p=0.95,phi4-mini:latest,70,"Explica en menos de 100 palabras la diferencia entre Inteligencia Artificial, Ma",0.5,0.95,40,"La **Inteligencia Artificial (IA)** es el campo general que implica crear máquinas capaces de realizar tareas típicas del intelecto humano, como aprender y razonar. El **Machine Learning** es una rama dentro de la IA donde los sistemas aprenden a partir de datos sin instrucciones explícitas; identif",2659.21,105.76,2469.63,25,121,49.0,581,8.0,
2026-06-02T17:35:47.149091,exp_b_top_p_top_p=0.95,phi4-mini:latest,71,"Explica en menos de 100 palabras la diferencia entre Inteligencia Artificial, Ma",0.5,0.95,40,La Inteligencia Artificial (IA) se refiere a sistemas que pueden realizar tareas típicamente humanas como aprender y razonar con inteligencia artificial. El Machine Learning es un subconjunto de IA donde los algoritmos aprenden automáticamente de datos sin ser explícitamente programados para la tare,2674.78,107.54,2483.13,25,122,49.13,679,8.27,
2026-06-02T17:35:49.684385,exp_b_top_p_top_p=0.95,phi4-mini:latest,72,"Explica en menos de 100 palabras la diferencia entre Inteligencia Artificial, Ma",0.5,0.95,40,La Inteligencia Artificial (IA) se refiere al diseño simulado del comportamiento humano inteligente dentro las máquinas. El Machine Learning es una rama del campo científico que enseña a los sistemas computersianos cómo tomar decisiones y aprender con el tiempo sin ser explicitamente programados par,2528.5,105.39,2342.3,25,115,49.1,628,8.5,
2026-06-02T17:35:53.609301,exp_b_top_p_top_p=0.95,phi4-mini:latest,73,"Explica en menos de 100 palabras la diferencia entre Inteligencia Artificial, Ma",0.5,0.95,40,"La **Inteligencia Artificial (IA)** se refiere a las máquinas capaces de realizar tareas que normalmente requieren inteligencia humana, como el razonamiento y la toma de decisiones.

El **Machine Learning** es una subrama de la IA donde los sistemas aprenden automáticamente del datos sin ser explíci",3916.81,102.64,3700.87,25,181,48.91,958,7.59,
2026-06-02T17:35:57.679951,exp_b_top_p_top_p=0.95,phi4-mini:latest,74,"Explica en menos de 100 palabras la diferencia entre Inteligencia Artificial, Ma",0.5,0.95,40,"La IA se refiere a inteligencia artificial general o especializada; es el concepto amplio que abarca todas las tareas inteligentes realizadas por máquinas.

Machine Learning (ML) forma una parte del campo más grande de la IA y implica entrenar modelos computacionales para aprender patrones en datos ",4062.29,106.59,3835.75,25,187,48.75,1015,7.85,
2026-06-02T17:35:59.871082,exp_b_top_p_top_p=0.95,phi4-mini:latest,75,"Explica en menos de 100 palabras la diferencia entre Inteligencia Artificial, Ma",0.5,0.95,40,"La Inteligencia Artificial (IA) es el término general para sistemas que realizan tareas típicamente humanas, como aprender y tomar decisiones. El Aprendizaje Automático (Machine Learning o ML) se refiere a una rama específica del IA donde los algoritmos aprenden de datos sin ser explícitamente progr",2184.13,102.62,2009.88,25,99,49.26,495,8.81,
2026-06-02T17:36:02.042819,exp_b_top_p_top_p=0.95,phi4-mini:latest,76,"Explica en menos de 100 palabras la diferencia entre Inteligencia Artificial, Ma",0.5,0.95,40,"La Inteligencia Artificial (IA) es el conocimiento y las acciones humanas imitando comportamientos inteligentes, como reconocer voz o lenguaje natural.

El Aprendizaje Automático (ML), una rama del IA, involucra algoritmos que aprenden de datos para tomar decisiones con mínima intervención humana.

",2164.61,103.03,1990.08,25,98,49.24,484,8.26,
2026-06-02T17:36:06.367152,exp_b_top_p_top_p=0.95,phi4-mini:latest,77,"Explica en menos de 100 palabras la diferencia entre Inteligencia Artificial, Ma",0.5,0.95,40,"La Inteligencia Artificial (IA) es el campo general que estudia máquinas para realizar tareas que requieren inteligencia humana. El Aprendizaje Automático (Machine Learning o ML) se trata del subcampo de la IA donde los sistemas aprenden a partir de datos y mejoran con más información, sin ser expli",4315.82,105.43,4088.92,25,200,48.91,1086,8.25,
2026-06-02T17:36:08.434140,exp_b_top_p_top_p=0.95,phi4-mini:latest,78,"Explica en menos de 100 palabras la diferencia entre Inteligencia Artificial, Ma",0.5,0.95,40,"La **Inteligencia Artificial (IA)** es el estudio del comportamiento inteligente por parte de máquinas con propósitos definidos.

El **Machine Learning** es una subcampo de IA donde los algoritmos aprenden a partir de datos para realizar tareas sin instrucciones explícitas.

En contraste, la **IA Ge",2060.0,103.47,1887.53,25,93,49.27,465,8.17,
2026-06-02T17:36:11.045924,exp_b_top_p_top_p=0.95,phi4-mini:latest,79,"Explica en menos de 100 palabras la diferencia entre Inteligencia Artificial, Ma",0.5,0.95,40,"La Inteligencia Artificial (IA) es el conjunto amplio de tecnologías que permiten a las máquinas simular comportamientos inteligentes humanos. El Aprendizaje Automático (Machine Learning, ML) es un subconjunto del IA donde los sistemas aprenden y mejoran su rendimiento con la experiencia sin ser exp",2604.25,102.35,2420.4,25,119,49.17,587,8.36,
2026-06-02T17:36:13.745312,exp_b_top_p_top_p=0.95,phi4-mini:latest,80,"Explica en menos de 100 palabras la diferencia entre Inteligencia Artificial, Ma",0.5,0.95,40,"La Inteligencia Artificial (IA) es el conjunto general de tecnologías para crear máquinas capaces de realizar tareas que normalmente requieren inteligencia humana.

Machine Learning (ML), una rama del aprendizaje automático dentro de la IA, permite a las computadoras aprender y mejorar realizando un",2690.38,103.63,2501.54,25,123,49.17,674,8.27,
2026-06-02T17:36:16.164458,exp_b_top_p_top_p=0.95,phi4-mini:latest,81,"Explica en menos de 100 palabras la diferencia entre Inteligencia Artificial, Ma",0.5,0.95,40,"La Inteligencia Artificial (IA) se refiere a sistemas que imitan acciones humanas para realizar tareas como el aprendizaje y la toma de decisiones. El Aprendizaje Automático es un subconjunto de la IA donde los algoritmos aprenden automáticamente del datos sin ser explícitamente programados, mejoran",2411.4,103.79,2228.66,25,109,48.91,558,8.29,
2026-06-02T17:36:19.187744,exp_b_top_p_top_p=0.95,phi4-mini:latest,82,"Explica en menos de 100 palabras la diferencia entre Inteligencia Artificial, Ma",0.5,0.95,40,"La Inteligencia Artificial (IA) es el término general para sistemas que exhiben comportamientos inteligentes con fines humanos, utilizando algoritmos y modelos computacionales.

El Machine Learning (ML), un subconjunto del campo más amplio de IA, se refiere a la capacidad de las máquinas para aprend",3014.31,104.1,2818.32,25,138,48.97,737,8.18,
2026-06-02T17:36:22.028865,exp_b_top_p_top_p=0.95,phi4-mini:latest,83,"Explica en menos de 100 palabras la diferencia entre Inteligencia Artificial, Ma",0.5,0.95,40,"La **Inteligencia Artificial (IA)** se refiere a sistemas que realizan tareas típicamente asociadas con el razonamiento humano: aprendizaje, percepción y comprensión del lenguaje natural.

El **Machine Learning** es una subrama de la IA donde los algoritmos aprenden automáticamente de datos sin ser ",2832.2,104.27,2638.07,25,129,48.9,685,8.51,
2026-06-02T17:36:24.755365,exp_b_top_p_top_p=0.95,phi4-mini:latest,84,"Explica en menos de 100 palabras la diferencia entre Inteligencia Artificial, Ma",0.5,0.95,40,"La Inteligencia Artificial (IA) es el campo amplio que implica crear máquinas capaces de realizar tareas que normalmente requieren inteligencia humana.

El Aprendizaje Automático (Machine Learning) es una subrama de la IA donde los sistemas aprenden y mejoran su rendimiento con datos sin codificació",2718.66,105.19,2528.38,25,124,49.04,680,8.32,
2026-06-02T17:36:28.448727,exp_b_top_p_top_p=0.95,phi4-mini:latest,85,"Explica en menos de 100 palabras la diferencia entre Inteligencia Artificial, Ma",0.5,0.95,40,"La Inteligencia Artificial (IA) se refiere a las máquinas capaces de realizar tareas que requieren inteligencia humana como el razonamiento y el aprendizaje. El Aprendizaje Automático (Machine Learning o ML), es un subconjunto del IA donde los sistemas aprenden con experiencia sin ser explícitamente",3685.16,102.84,3473.94,25,170,48.94,897,8.01,
2026-06-02T17:36:30.692808,exp_b_top_p_top_p=0.95,phi4-mini:latest,86,"Explica en menos de 100 palabras la diferencia entre Inteligencia Artificial, Ma",0.5,0.95,40,"La Inteligencia Artificial (IA) es el campo general que busca crear máquinas capaces de comportamientos inteligentes similares a los humanos. El Aprendizaje Automático (Machine Learning o ML), una rama del IA, implica entrenar algoritmos con datos para aprender patrones y hacer predicciones sin regl",2236.06,105.7,2057.82,25,101,49.08,524,8.82,
2026-06-02T17:36:34.022286,exp_b_top_p_top_p=0.95,phi4-mini:latest,87,"Explica en menos de 100 palabras la diferencia entre Inteligencia Artificial, Ma",0.5,0.95,40,"La Inteligencia Artificial (IA) es el estudio del desarrollo y los sistemas capaces de realizar tareas que normalmente requieren inteligencia humana, como reconocer patrones o entender lenguaje natural.

El Aprendizaje Automático (Machine Learning - ML), una rama de la IA, implica desarrollar algori",3321.09,102.16,3119.35,25,153,49.05,794,8.81,
2026-06-02T17:36:36.511140,exp_b_top_p_top_p=0.95,phi4-mini:latest,88,"Explica en menos de 100 palabras la diferencia entre Inteligencia Artificial, Ma",0.5,0.95,40,La Inteligencia Artificial (IA) es el campo que se ocupa del desarrollo de sistemas capaces de realizar tareas inteligentes típicamente realizadas por humanos. El Aprendizaje Automático (Machine Learning o ML) es un subconjunto de la IA donde los algoritmos aprenden y mejoran a través del análisis d,2481.15,105.18,2297.77,25,113,49.18,566,8.15,
2026-06-02T17:36:39.418614,exp_b_top_p_top_p=0.95,phi4-mini:latest,89,"Explica en menos de 100 palabras la diferencia entre Inteligencia Artificial, Ma",0.5,0.95,40,"La Inteligencia Artificial (IA) se refiere al desarrollo de sistemas capaces de realizar tareas que normalmente requieren inteligencia humana. El Aprendizaje Automático (Machine Learning o ML), un subconjunto del IA, implica a los sistemas aprender y mejorar su rendimiento con la experiencia sin ser",2899.69,102.02,2708.33,25,133,49.11,740,8.16,
2026-06-02T17:36:43.783420,exp_b_top_p_top_p=0.95,phi4-mini:latest,90,"Explica en menos de 100 palabras la diferencia entre Inteligencia Artificial, Ma",0.5,0.95,40,"La Inteligencia Artificial (IA) es el estudio del comportamiento inteligente por parte de las máquinas y sistemas automatizados.

El Aprendizaje Automático (Machine Learning), una rama de la IA, implica que los algoritmos aprenden a partir de datos sin instrucciones explícitas; se refieren como 'apr",4356.56,103.56,4112.58,25,200,48.63,1007,8.37,
2026-06-02T17:36:46.125912,exp_b_top_p_top_p=0.95,phi4-mini:latest,91,"Explica en menos de 100 palabras la diferencia entre Inteligencia Artificial, Ma",0.5,0.95,40,La IA se refiere al campo amplio que busca crear máquinas capaces de realizar tareas intelectualmente exigentes como los humanos. El ML es un subconjunto del IA donde las máquinas aprenden a partir de datos y mejoran con el tiempo sin ser programadas explícitamente para cada tarea específica. La IA ,2334.92,103.0,2156.23,25,106,49.16,540,7.08,
2026-06-02T17:36:49.306221,exp_b_top_p_top_p=0.95,phi4-mini:latest,92,"Explica en menos de 100 palabras la diferencia entre Inteligencia Artificial, Ma",0.5,0.95,40,"La **Inteligencia Artificial (IA)** es el campo general que involucra crear máquinas capaces de realizar tareas típicamente humanas, como pensar, aprender y resolver problemas.

El **Machine Learning (ML)** se trata del subconjunto dentro de la IA donde los sistemas aprenden a partir de datos sin se",3173.01,102.33,2974.42,25,146,49.09,724,8.3,
2026-06-02T17:36:52.049568,exp_b_top_p_top_p=0.95,phi4-mini:latest,93,"Explica en menos de 100 palabras la diferencia entre Inteligencia Artificial, Ma",0.5,0.95,40,La Inteligencia Artificial (IA) se refiere al conjunto de tecnologías informáticas diseñadas para simular capacidades mentales humanas como el razonamiento y aprendizaje. El Aprendizaje Automático (Machine Learning o ML) es un subconjunto del campo más amplio de la IA; implica entrenar modelos en da,2735.85,103.45,2547.1,25,125,49.08,645,8.64,
2026-06-02T17:36:54.520475,exp_b_top_p_top_p=0.95,phi4-mini:latest,94,"Explica en menos de 100 palabras la diferencia entre Inteligencia Artificial, Ma",0.5,0.95,40,"La Inteligencia Artificial (IA) es el conjunto general del conocimiento sobre sistemas que exhiben comportamientos inteligentes.

El Aprendizaje Automático (Machine Learning - ML), una subcategoría de IA, se refiere al proceso mediante el cual los algoritmos aprenden a partir de datos para realizar ",2456.71,102.46,2275.12,25,111,48.79,564,8.4,
2026-06-02T17:36:58.395010,exp_b_top_p_top_p=0.95,phi4-mini:latest,95,"Explica en menos de 100 palabras la diferencia entre Inteligencia Artificial, Ma",0.5,0.95,40,La **Inteligencia Artificial (IA)** se refiere a sistemas que realizan tareas típicas del cerebro humano como el razonamiento y el aprendizaje. El **Machine Learning** es un subcampo de la IA donde los algoritmos aprenden automáticamente a partir de datos sin ser explícitamente programados para cada,3864.81,112.85,3639.48,25,178,48.91,919,8.61,
2026-06-02T17:37:02.696638,exp_b_top_p_top_p=0.95,phi4-mini:latest,96,"Explica en menos de 100 palabras la diferencia entre Inteligencia Artificial, Ma",0.5,0.95,40,"La **Inteligencia Artificial (IA)** se refiere a las computadoras capaces de realizar tareas que normalmente requieren inteligencia humana, como el razonamiento y la toma de decisiones.

El **Machine Learning (ML)** es un subcampo de la IA donde los sistemas aprenden automáticamente optimizando sus ",4293.53,106.03,4063.62,25,198,48.72,1011,7.71,
2026-06-02T17:37:05.231126,exp_b_top_p_top_p=0.95,phi4-mini:latest,97,"Explica en menos de 100 palabras la diferencia entre Inteligencia Artificial, Ma",0.5,0.95,40,"La **Inteligencia Artificial (IA)** es el conjunto general de sistemas capaces de realizar tareas que normalmente requieren inteligencia humana, como aprender y comprender.

El **Machine Learning (ML)** es una rama del IA enfocada en construir programas capacitados para mejorar con la experiencia, a",2527.05,111.19,2336.2,25,115,49.23,599,8.08,
2026-06-02T17:37:07.376901,exp_b_top_p_top_p=0.95,phi4-mini:latest,98,"Explica en menos de 100 palabras la diferencia entre Inteligencia Artificial, Ma",0.5,0.95,40,"La Inteligencia Artificial (IA) es el conjunto general de tecnologías que permiten a las máquinas simular procesos inteligentes como aprender y tomar decisiones.

El Machine Learning (ML), una rama de la IA, se basa en algoritmos que aprenden de datos para realizar tareas sin instrucciones explícita",2138.25,102.62,1965.09,25,97,49.36,500,8.45,
2026-06-02T17:37:10.982401,exp_b_top_p_top_p=0.95,phi4-mini:latest,99,"Explica en menos de 100 palabras la diferencia entre Inteligencia Artificial, Ma",0.5,0.95,40,La **Inteligencia Artificial (IA)** se refiere al campo del estudio y desarrollo de máquinas capaces de realizar tareas que normalmente requieren inteligencia humana. El **Machine Learning** es una técnica dentro de la IA donde los algoritmos aprenden a partir de datos sin ser explicitamente program,3598.01,102.67,3389.92,25,166,48.97,844,8.3,
2026-06-02T17:37:13.958069,exp_b_top_p_top_p=0.95,phi4-mini:latest,100,"Explica en menos de 100 palabras la diferencia entre Inteligencia Artificial, Ma",0.5,0.95,40,"La Inteligencia Artificial (IA) es el campo amplio que trata sobre desarrollar máquinas capaces de realizar tareas inteligentes típicamente realizadas por humanos.

El Aprendizaje Automático (Machine Learning - ML) se refiere a un subconjunto de la IA donde los sistemas aprenden y mejoran su rendimi",2968.22,103.22,2773.47,25,136,49.04,753,8.54,
2026-06-02T17:37:16.953910,exp_b_top_k_top_k=10,phi4-mini:latest,1,"Explica en menos de 100 palabras la diferencia entre Inteligencia Artificial, Ma",0.5,0.75,10,"La Inteligencia Artificial (IA) se refiere al diseño de máquinas capaces de realizar tareas que requieren inteligencia humana, como el razonamiento y aprender del entorno.

El Aprendizaje Automático (Machine Learning o ML), es un subconjunto de la IA, donde los sistemas aprenden a partir de datos si",2986.31,102.57,2793.24,25,137,49.05,737,8.55,
2026-06-02T17:37:19.722330,exp_b_top_k_top_k=10,phi4-mini:latest,2,"Explica en menos de 100 palabras la diferencia entre Inteligencia Artificial, Ma",0.5,0.75,10,"La IA se refiere a sistemas que realizan tareas típicas del razonamiento humano: reconocer patrones, aprender, comprender el lenguaje natural y tomar decisiones. El ML es una subcategoría de IA donde los algoritmos aprenden haciendo generalizaciones con base en datos sin ser explicitamente codificad",2759.42,103.56,2571.32,25,126,49.0,636,7.53,
2026-06-02T17:37:22.638421,exp_b_top_k_top_k=10,phi4-mini:latest,3,"Explica en menos de 100 palabras la diferencia entre Inteligencia Artificial, Ma",0.5,0.75,10,"La **Inteligencia Artificial (IA)** se refiere a las tecnologías que permiten a los sistemas simular inteligencia humana para realizar tareas como el razonamiento y aprender del entorno.

El **Machine Learning** es una subdisciplina de la IA donde algoritmos aprenden de datos, detectan patrones y to",2908.2,104.19,2713.93,25,133,49.01,732,7.98,
2026-06-02T17:37:24.728316,exp_b_top_k_top_k=10,phi4-mini:latest,4,"Explica en menos de 100 palabras la diferencia entre Inteligencia Artificial, Ma",0.5,0.75,10,"La Inteligencia Artificial (IA) es el conjunto general de sistemas capaces de realizar tareas que normalmente requieren inteligencia humana.

Machine Learning (ML), una rama de la IA, se refiere al entrenamiento de algoritmos para aprender y mejorar a partir del análisis de datos sin ser explicitame",2082.8,102.44,1912.24,25,94,49.16,483,8.25,
2026-06-02T17:37:29.056580,exp_b_top_k_top_k=10,phi4-mini:latest,5,"Explica en menos de 100 palabras la diferencia entre Inteligencia Artificial, Ma",0.5,0.75,10,"La Inteligencia Artificial (IA) es el campo amplio que busca crear máquinas capaces de realizar tareas típicas del intelecto humano: pensar, aprender y entender lenguaje natural.

Machine Learning (ML), una subrama de IA, se centra en desarrollar algoritmos para permitir a las computadoras aprender ",4320.82,102.31,4095.41,25,200,48.84,989,8.55,
2026-06-02T17:37:32.341895,exp_b_top_k_top_k=10,phi4-mini:latest,6,"Explica en menos de 100 palabras la diferencia entre Inteligencia Artificial, Ma",0.5,0.75,10,"La **Inteligencia Artificial (IA)** se refiere al conjunto general de sistemas capaces de realizar tareas que normalmente requieren inteligencia humana, como el razonamiento y aprender del entorno.

El **Machine Learning** es una rama específica dentro de la IA donde los algoritmos aprenden a partir",3276.49,102.84,3074.44,25,150,48.79,811,8.15,
2026-06-02T17:37:35.582448,exp_b_top_k_top_k=10,phi4-mini:latest,7,"Explica en menos de 100 palabras la diferencia entre Inteligencia Artificial, Ma",0.5,0.75,10,"La **Inteligencia Artificial (IA)** se refiere al estudio del comportamiento inteligente por parte de las máquinas y sistemas automatizados para realizar tareas que normalmente requieren inteligencia humana.

El **Machine Learning** es una subrama de la IA donde los algoritmos aprenden a partir de d",3233.22,102.23,3033.64,25,148,48.79,805,7.9,
2026-06-02T17:37:38.553642,exp_b_top_k_top_k=10,phi4-mini:latest,8,"Explica en menos de 100 palabras la diferencia entre Inteligencia Artificial, Ma",0.5,0.75,10,"La Inteligencia Artificial (IA) es el concepto general que se refiere a sistemas capaces de realizar tareas típicamente humanas, como pensar, aprender y comprender.

Machine Learning (ML), un subconjunto de IA, implica desarrollar algoritmos con los cuales las máquinas pueden aprender del datos sin ",2963.12,104.08,2766.17,25,135,48.8,730,8.18,
2026-06-02T17:37:41.225036,exp_b_top_k_top_k=10,phi4-mini:latest,9,"Explica en menos de 100 palabras la diferencia entre Inteligencia Artificial, Ma",0.5,0.75,10,"La **Inteligencia Artificial (IA)** se refiere al estudio del comportamiento inteligente por computadora y sistemas automatizados.

El **Machine Learning (ML)** es un subconjunto de la IA que permite a las máquinas aprender con el tiempo identificando patrones en los datos, haciéndolos más inteligen",2663.27,103.04,2475.59,25,121,48.88,627,7.96,
2026-06-02T17:37:45.587222,exp_b_top_k_top_k=10,phi4-mini:latest,10,"Explica en menos de 100 palabras la diferencia entre Inteligencia Artificial, Ma",0.5,0.75,10,"La IA se refiere a todas las tecnologías informáticas capaces de realizar tareas que normalmente requieren inteligencia humana: reconocimiento de voz y lenguaje natural, visión computacional, aprendizaje automático, toma de decisiones, etc.

El Machine Learning es un subconjunto del campo más amplio",4354.36,101.45,4126.25,25,200,48.47,1125,8.22,
2026-06-02T17:37:48.505898,exp_b_top_k_top_k=10,phi4-mini:latest,11,"Explica en menos de 100 palabras la diferencia entre Inteligencia Artificial, Ma",0.5,0.75,10,"La **Inteligencia Artificial (IA)** se refiere al estudio del comportamiento humano intencional y sus rasgos mentales para crear máquinas que imiten las funciones humanas.

El **Machine Learning** es una subdisciplina de la IA donde los algoritmos aprenden a partir de datos sin instrucciones explíci",2909.58,103.56,2714.17,25,132,48.63,675,8.28,
2026-06-02T17:37:51.467309,exp_b_top_k_top_k=10,phi4-mini:latest,12,"Explica en menos de 100 palabras la diferencia entre Inteligencia Artificial, Ma",0.5,0.75,10,"La Inteligencia Artificial (IA) es el campo general que trata sobre crear máquinas capaces de realizar tareas típicas del intelecto humano.

El Aprendizaje Automático (Machine Learning - ML), una rama de la IA, implica a las computadoras aprender y mejorar con la experiencia sin ser explícitamente p",2953.53,121.46,2742.4,25,134,48.86,703,8.25,
2026-06-02T17:37:53.867079,exp_b_top_k_top_k=10,phi4-mini:latest,13,"Explica en menos de 100 palabras la diferencia entre Inteligencia Artificial, Ma",0.5,0.75,10,"La **Inteligencia Artificial (IA)** es el conjunto general de sistemas que pueden realizar tareas típicamente humanas como aprender y razonar a través de datos. El **Machine Learning (ML)** es un subcampo del IA donde los algoritmos aprenden con la experiencia sin ser explícitamente programados, ide",2391.3,101.92,2206.99,25,106,48.03,528,8.01,
2026-06-02T17:37:57.033513,exp_b_top_k_top_k=10,phi4-mini:latest,14,"Explica en menos de 100 palabras la diferencia entre Inteligencia Artificial, Ma",0.5,0.75,10,"La Inteligencia Artificial (IA) es el campo general que busca crear máquinas capaces de realizar tareas que normalmente requieren inteligencia humana.

El Aprendizaje Automático (Machine Learning) se trata del proceso mediante el cual las máquinas aprenden a partir de datos para tomar decisiones o r",3157.76,98.25,2958.43,25,142,48.0,779,8.43,
2026-06-02T17:37:59.889622,exp_b_top_k_top_k=10,phi4-mini:latest,15,"Explica en menos de 100 palabras la diferencia entre Inteligencia Artificial, Ma",0.5,0.75,10,"La **Inteligencia Artificial (IA)** es el estudio del desarrollo de sistemas capaces de realizar tareas que normalmente requieren inteligencia humana.

El **Machine Learning (ML)** es una rama de la IA enfocada en crear modelos estadísticos para predecir resultados basándose en datos, aprendiendo au",2847.29,104.82,2653.92,25,130,48.98,673,8.26,
2026-06-02T17:38:03.017341,exp_b_top_k_top_k=10,phi4-mini:latest,16,"Explica en menos de 100 palabras la diferencia entre Inteligencia Artificial, Ma",0.5,0.75,10,"La **Inteligencia Artificial (IA)** se refiere a sistemas capaces de realizar tareas que normalmente requieren inteligencia humana, como el reconocimiento de voz o lenguaje natural.

El **Machine Learning** es un subcampo de la IA donde los algoritmos aprenden y mejoran su rendimiento con cada dato ",3120.11,110.39,2915.65,25,142,48.7,755,8.46,
2026-06-02T17:38:05.917712,exp_b_top_k_top_k=10,phi4-mini:latest,17,"Explica en menos de 100 palabras la diferencia entre Inteligencia Artificial, Ma",0.5,0.75,10,"La **Inteligencia Artificial (IA)** se refiere a sistemas capaces de realizar tareas que normalmente requieren inteligencia humana, como el reconocimiento de voz o lenguaje natural.

El **Machine Learning (ML)** es una rama del aprendizaje automático donde los algoritmos aprenden y mejoran su rendim",2892.09,105.28,2697.14,25,132,48.94,719,8.93,
2026-06-02T17:38:08.914097,exp_b_top_k_top_k=10,phi4-mini:latest,18,"Explica en menos de 100 palabras la diferencia entre Inteligencia Artificial, Ma",0.5,0.75,10,"La **Inteligencia Artificial (IA)** se refiere a sistemas que pueden realizar tareas que requieren inteligencia humana como el razonamiento y aprender con experiencia.

El **Machine Learning** es una subárea de la IA donde los algoritmos aprenden de datos para hacer predicciones o tomar decisiones s",2988.76,103.55,2793.31,25,136,48.69,692,7.9,
2026-06-02T17:38:11.817256,exp_b_top_k_top_k=10,phi4-mini:latest,19,"Explica en menos de 100 palabras la diferencia entre Inteligencia Artificial, Ma",0.5,0.75,10,La IA se refiere al conocimiento general y a las habilidades para realizar tareas que normalmente requieren inteligencia humana. El aprendizaje automático (ML) es una rama del IA donde los sistemas aprenden con el tiempo identificando patrones dentro grandes conjuntos de datos sin ser explícitamente,2894.88,106.87,2698.15,25,129,47.81,702,7.92,
2026-06-02T17:38:15.084149,exp_b_top_k_top_k=10,phi4-mini:latest,20,"Explica en menos de 100 palabras la diferencia entre Inteligencia Artificial, Ma",0.5,0.75,10,La Inteligencia Artificial (IA) se refiere al desarrollo de máquinas capaces de realizar tareas que normalmente requieren inteligencia humana; el Machine Learning es un subconjunto de la IA donde los sistemas aprenden a partir del datos y mejoran su rendimiento con experiencia sin ser explícitamente,3257.88,98.19,3058.81,25,148,48.38,830,7.91,
2026-06-02T17:38:19.487001,exp_b_top_k_top_k=10,phi4-mini:latest,21,"Explica en menos de 100 palabras la diferencia entre Inteligencia Artificial, Ma",0.5,0.75,10,"La Inteligencia Artificial (IA) se refiere al conjunto de tecnologías que permiten a los sistemas simular tareas inteligentes típicas de seres humanos. El Aprendizaje Automático (Machine Learning - ML), una rama del campo más amplio de la inteligencia artificial, es el proceso mediante el cual las m",4392.8,99.84,4163.15,25,200,48.04,1094,8.12,
2026-06-02T17:38:23.490422,exp_b_top_k_top_k=10,phi4-mini:latest,22,"Explica en menos de 100 palabras la diferencia entre Inteligencia Artificial, Ma",0.5,0.75,10,"La Inteligencia Artificial (IA) se refiere al conjunto de tecnologías que permiten a las máquinas simular comportamientos inteligentes como los humanos, incluyendo el aprendizaje y la toma de decisiones.

El Aprendizaje Automático es una rama específica del campo de la IA donde algoritmos aprenden d",3995.4,100.91,3775.44,25,183,48.47,1008,7.75,
2026-06-02T17:38:25.808068,exp_b_top_k_top_k=10,phi4-mini:latest,23,"Explica en menos de 100 palabras la diferencia entre Inteligencia Artificial, Ma",0.5,0.75,10,"La **Inteligencia Artificial (IA)** es el campo general que busca crear máquinas capaces de realizar tareas inteligentes. El **Machine Learning (ML)**, un subconjunto de IA, implica entrenar modelos computacionales para aprender a partir del datos y mejorar con la experiencia sin programación explíc",2308.71,102.67,2130.39,25,104,48.82,538,8.39,
2026-06-02T17:38:29.018142,exp_b_top_k_top_k=10,phi4-mini:latest,24,"Explica en menos de 100 palabras la diferencia entre Inteligencia Artificial, Ma",0.5,0.75,10,"La **Inteligencia Artificial (IA)** se refiere a sistemas o máquinas capaces de realizar tareas que normalmente requieren inteligencia humana, como el reconocimiento de voz y lenguaje natural.

El **Machine Learning** es una subcampo del aprendizaje automático dentro de la IA donde los algoritmos ap",3201.62,103.5,3001.27,25,146,48.65,824,8.52,
2026-06-02T17:38:31.051675,exp_b_top_k_top_k=10,phi4-mini:latest,25,"Explica en menos de 100 palabras la diferencia entre Inteligencia Artificial, Ma",0.5,0.75,10,"La **Inteligencia Artificial (IA)** es el conjunto general de sistemas que pueden realizar tareas típicamente humanas, como aprender y tomar decisiones.

El **Machine Learning** es una rama del IA enfocada en crear modelos estadísticos para predecir eventos futuros con base en datos históricos.

Por",2025.33,104.58,1852.11,25,91,49.13,448,8.02,
2026-06-02T17:38:33.318844,exp_b_top_k_top_k=10,phi4-mini:latest,26,"Explica en menos de 100 palabras la diferencia entre Inteligencia Artificial, Ma",0.5,0.75,10,"La Inteligencia Artificial (IA) es el término general para sistemas capaces de realizar tareas que normalmente requieren inteligencia humana. El Machine Learning (ML), una rama del IA, involucra algoritmos que aprenden y mejoran a partir de datos sin ser explícitamente programados con reglas específ",2258.78,102.92,2081.71,25,102,49.0,546,8.49,
2026-06-02T17:38:35.935507,exp_b_top_k_top_k=10,phi4-mini:latest,27,"Explica en menos de 100 palabras la diferencia entre Inteligencia Artificial, Ma",0.5,0.75,10,"La Inteligencia Artificial (IA) se refiere al campo del conocimiento computacional que busca desarrollar sistemas inteligentes capaces de realizar tareas típicamente humanas.

El Aprendizaje Automático es una rama específica dentro de la IA donde los algoritmos aprenden a partir y adaptan sus accion",2608.81,101.93,2426.11,25,119,49.05,679,8.32,
2026-06-02T17:38:40.233601,exp_b_top_k_top_k=10,phi4-mini:latest,28,"Explica en menos de 100 palabras la diferencia entre Inteligencia Artificial, Ma",0.5,0.75,10,"La **Inteligencia Artificial (IA)** se refiere al desarrollo de sistemas capaces de realizar tareas que requieren inteligencia humana, como el razonamiento y el aprendizaje.

El **Machine Learning** es una rama del campo de la IA donde los algoritmos aprenden a partir de datos sin ser explícitamente",4287.81,96.76,4075.92,25,199,48.82,1071,7.85,
2026-06-02T17:38:44.569640,exp_b_top_k_top_k=10,phi4-mini:latest,29,"Explica en menos de 100 palabras la diferencia entre Inteligencia Artificial, Ma",0.5,0.75,10,"La Inteligencia Artificial (IA) se refiere a sistemas capaces de realizar tareas que normalmente requieren inteligencia humana, como el razonamiento y el aprendizaje.

El Aprendizaje Automático es un subcampo del campo más amplio de las ciencias de la computación con el objetivo principal de crear m",4323.75,99.37,4109.02,25,200,48.67,1105,7.4,
2026-06-02T17:38:46.757492,exp_b_top_k_top_k=10,phi4-mini:latest,30,"Explica en menos de 100 palabras la diferencia entre Inteligencia Artificial, Ma",0.5,0.75,10,"La Inteligencia Artificial (IA) se refiere a sistemas capaces de realizar tareas que requieren inteligencia humana como el razonamiento y el aprendizaje. El Aprendizaje Automático (Machine Learning o ML), es un subcampo del IA, donde los algoritmos aprenden con datos para mejorar su desempeño sin co",2176.34,96.81,2011.11,25,99,49.23,516,8.63,
2026-06-02T17:38:51.072243,exp_b_top_k_top_k=10,phi4-mini:latest,31,"Explica en menos de 100 palabras la diferencia entre Inteligencia Artificial, Ma",0.5,0.75,10,"La IA se refiere a sistemas que imitan capacidades mentales humanas para realizar tareas como aprender, razonar y reconocer patrones. El ML es un subconjunto del campo más amplio de la IA; implica entrenar modelos en datos para hacer predicciones o tomar decisiones con precisión mejorada sin ser exp",4301.05,95.84,4086.12,25,200,48.95,1021,8.07,
2026-06-02T17:38:53.908954,exp_b_top_k_top_k=10,phi4-mini:latest,32,"Explica en menos de 100 palabras la diferencia entre Inteligencia Artificial, Ma",0.5,0.75,10,"La Inteligencia Artificial (IA) se refiere a sistemas capaces de realizar tareas que normalmente requieren inteligencia humana, como el razonamiento y el aprendizaje.

Machine Learning es una rama del campo más amplio de la IA, donde los algoritmos aprenden con datos para tomar decisiones o hacer pr",2823.76,97.83,2641.12,25,130,49.22,722,8.47,
2026-06-02T17:38:56.446255,exp_b_top_k_top_k=10,phi4-mini:latest,33,"Explica en menos de 100 palabras la diferencia entre Inteligencia Artificial, Ma",0.5,0.75,10,"La Inteligencia Artificial (IA) se refiere a las máquinas que realizan tareas que normalmente requieren inteligencia humana, como el razonamiento y la percepción.

Machine Learning es un subconjunto de IA donde los sistemas aprenden automáticamente del datos sin ser explícitamente programados para h",2528.98,95.73,2356.28,25,116,49.23,664,8.2,
2026-06-02T17:38:59.536925,exp_b_top_k_top_k=10,phi4-mini:latest,34,"Explica en menos de 100 palabras la diferencia entre Inteligencia Artificial, Ma",0.5,0.75,10,"La **Inteligencia Artificial (IA)** se refiere a sistemas capaces de realizar tareas que normalmente requieren inteligencia humana, como el reconocimiento de voz o lenguaje natural.

El **Machine Learning** es un subconjunto del campo de la IA donde los algoritmos aprenden y mejoran su rendimiento s",3076.59,97.83,2889.25,25,142,49.15,707,8.51,
2026-06-02T17:39:01.847611,exp_b_top_k_top_k=10,phi4-mini:latest,35,"Explica en menos de 100 palabras la diferencia entre Inteligencia Artificial, Ma",0.5,0.75,10,"La Inteligencia Artificial (IA) se refiere a sistemas capaces de realizar tareas que requieren inteligencia humana como el aprendizaje, razonamiento y percepción. El Aprendizaje Automático es una rama del campo de la IA donde los algoritmos aprenden con datos para tomar decisiones o ejecutar tareas ",2297.07,96.77,2129.37,25,105,49.31,569,8.28,
2026-06-02T17:39:05.171311,exp_b_top_k_top_k=10,phi4-mini:latest,36,"Explica en menos de 100 palabras la diferencia entre Inteligencia Artificial, Ma",0.5,0.75,10,"La **Inteligencia Artificial (IA)** se refiere al estudio del comportamiento humano intencional y el procesamiento de información para realizar tareas que normalmente requieren inteligencia humana.

El **Machine Learning** es un subconjunto de la IA donde los sistemas aprenden a partir de datos sin ",3310.5,97.32,3118.3,25,153,49.07,844,8.32,
2026-06-02T17:39:08.550820,exp_b_top_k_top_k=10,phi4-mini:latest,37,"Explica en menos de 100 palabras la diferencia entre Inteligencia Artificial, Ma",0.5,0.75,10,"La **Inteligencia Artificial (IA)** se refiere a sistemas capaces de realizar tareas que requieren inteligencia humana como el razonamiento y el aprendizaje.

El **Machine Learning (ML)** es un subconjunto del campo más amplio de la IA; implica desarrollar algoritmos con los cuales las máquinas pued",3367.55,96.35,3175.58,25,156,49.12,823,8.51,
2026-06-02T17:39:12.861281,exp_b_top_k_top_k=10,phi4-mini:latest,38,"Explica en menos de 100 palabras la diferencia entre Inteligencia Artificial, Ma",0.5,0.75,10,"La Inteligencia Artificial (IA) es el conjunto general de tecnologías que permiten a las máquinas simular comportamientos inteligentes como los humanos.

El Aprendizaje Automático (Machine Learning o ML) es una subcategoría de IA donde las máquinas aprenden con la experiencia sin ser programadas exp",4297.68,96.49,4084.49,25,200,48.97,1082,7.84,
2026-06-02T17:39:15.764557,exp_b_top_k_top_k=10,phi4-mini:latest,39,"Explica en menos de 100 palabras la diferencia entre Inteligencia Artificial, Ma",0.5,0.75,10,"La Inteligencia Artificial (IA) es el conjunto general del conocimiento computacional sobre comportamientos inteligentes y sistemas capaces de realizar tareas que normalmente requieren inteligencia humana.

El Aprendizaje Automático (ML), una rama específica de la IA, involucra algoritmos que permit",2890.2,97.29,2707.93,25,133,49.12,712,8.21,
2026-06-02T17:39:19.823902,exp_b_top_k_top_k=10,phi4-mini:latest,40,"Explica en menos de 100 palabras la diferencia entre Inteligencia Artificial, Ma",0.5,0.75,10,"La Inteligencia Artificial (IA) es el estudio del desarrollo de máquinas capaces de realizar tareas que requieren inteligencia humana como aprender, razonar y percibir.

El Machine Learning (ML), una rama de la IA, implica a los sistemas en mejorar su rendimiento con base en datos sin ser explícitam",4045.03,104.92,3828.78,25,187,48.84,941,7.7,
2026-06-02T17:39:24.234783,exp_b_top_k_top_k=10,phi4-mini:latest,41,"Explica en menos de 100 palabras la diferencia entre Inteligencia Artificial, Ma",0.5,0.75,10,"La Inteligencia Artificial (IA) es el campo general que trata con sistemas inteligentes capaces de imitar comportamientos humanos y realizar tareas complejas.

El Machine Learning (ML), una subparte del IA, implica enseñar a los computadores aprender de datos para tomar decisiones o acciones sin ins",4397.71,183.02,4096.32,25,200,48.82,1045,7.99,
2026-06-02T17:39:26.978283,exp_b_top_k_top_k=10,phi4-mini:latest,42,"Explica en menos de 100 palabras la diferencia entre Inteligencia Artificial, Ma",0.5,0.75,10,"La **Inteligencia Artificial (IA)** es el conjunto general de sistemas capaces de realizar tareas que requieren inteligencia humana como aprender, razonar y tomar decisiones.

El **Machine Learning** es una subrama de la IA donde los algoritmos aprenden a partir del datos sin ser explícitamente prog",2729.76,96.59,2552.78,25,125,48.97,674,7.98,
2026-06-02T17:39:29.958092,exp_b_top_k_top_k=10,phi4-mini:latest,43,"Explica en menos de 100 palabras la diferencia entre Inteligencia Artificial, Ma",0.5,0.75,10,"La **Inteligencia Artificial (IA)** se refiere al diseño de sistemas capaces de realizar tareas que normalmente requieren inteligencia humana, como el razonamiento y aprender.

El **Machine Learning** es un subconjunto del IA donde los algoritmos aprenden a partir de datos para tomar decisiones o pr",2970.97,95.48,2787.89,25,137,49.14,744,8.3,
2026-06-02T17:39:32.774427,exp_b_top_k_top_k=10,phi4-mini:latest,44,"Explica en menos de 100 palabras la diferencia entre Inteligencia Artificial, Ma",0.5,0.75,10,"La **Inteligencia Artificial (IA)** se refiere a sistemas capaces de realizar tareas que normalmente requieren inteligencia humana, como el reconocimiento de voz o lenguaje natural.

El **Machine Learning** es una subcampo de la IA donde los algoritmos aprenden y mejoran su rendimiento con la experi",2807.7,95.16,2629.27,25,129,49.06,678,8.22,
2026-06-02T17:39:35.911051,exp_b_top_k_top_k=10,phi4-mini:latest,45,"Explica en menos de 100 palabras la diferencia entre Inteligencia Artificial, Ma",0.5,0.75,10,"La **Inteligencia Artificial (IA)** es el término general para sistemas que realizan tareas típicamente humanas como aprender, razonar y percibir su entorno. El **Machine Learning (ML)**, una rama del aprendizaje automático dentro de la IA, involucra a los algoritmos aprendiendo con datos sin ser ex",3127.76,96.02,2941.51,25,144,48.95,714,8.32,
2026-06-02T17:39:38.819166,exp_b_top_k_top_k=10,phi4-mini:latest,46,"Explica en menos de 100 palabras la diferencia entre Inteligencia Artificial, Ma",0.5,0.75,10,"La **Inteligencia Artificial (IA)** se refiere a las tecnologías capaces de realizar tareas que normalmente requieren inteligencia humana, como el razonamiento y aprender.

El **Machine Learning** es una subcategoría de IA donde los sistemas aprenden automáticamente del datos sin ser explícitamente ",2899.49,95.06,2714.07,25,132,48.64,696,8.24,
2026-06-02T17:39:43.251179,exp_b_top_k_top_k=10,phi4-mini:latest,47,"Explica en menos de 100 palabras la diferencia entre Inteligencia Artificial, Ma",0.5,0.75,10,"La Inteligencia Artificial (IA) es el conjunto general de sistemas que simulan capacidades mentales humanas como aprender y razonar con fines específicos.

Machine Learning (ML), una rama del aprendizaje automático dentro de la IA, implica a los algoritmos aprendiendo de datos para hacer prediccione",4416.56,104.33,4179.18,25,200,47.86,1020,7.99,
2026-06-02T17:39:45.795564,exp_b_top_k_top_k=10,phi4-mini:latest,48,"Explica en menos de 100 palabras la diferencia entre Inteligencia Artificial, Ma",0.5,0.75,10,"La Inteligencia Artificial (IA) se refiere a sistemas capaces de realizar tareas que normalmente requieren inteligencia humana, como el reconocimiento de voz o lenguaje natural.

El Machine Learning es una rama del aprendizaje automático donde los algoritmos aprenden y mejoran su rendimiento con la ",2535.68,102.84,2351.19,25,115,48.91,660,8.53,
2026-06-02T17:39:48.148516,exp_b_top_k_top_k=10,phi4-mini:latest,49,"Explica en menos de 100 palabras la diferencia entre Inteligencia Artificial, Ma",0.5,0.75,10,"La **Inteligencia Artificial (IA)** es el conjunto general de sistemas capaces de realizar tareas que normalmente requieren inteligencia humana.

El **Machine Learning** es una rama específica dentro de la IA donde los algoritmos aprenden y mejoran su rendimiento con datos sin ser explícitamente pro",2343.38,106.45,2161.37,25,106,49.04,539,8.13,
2026-06-02T17:39:51.211896,exp_b_top_k_top_k=10,phi4-mini:latest,50,"Explica en menos de 100 palabras la diferencia entre Inteligencia Artificial, Ma",0.5,0.75,10,"La **Inteligencia Artificial (IA)** se refiere a las tecnologías computacionales diseñadas para realizar tareas que normalmente requieren inteligencia humana, como el reconocimiento de voz o lenguaje natural.

El **Machine Learning** es una rama del IA donde los sistemas aprenden y mejoran su rendim",3055.22,103.91,2857.77,25,140,48.99,763,8.89,
2026-06-02T17:39:53.942991,exp_b_top_k_top_k=10,phi4-mini:latest,51,"Explica en menos de 100 palabras la diferencia entre Inteligencia Artificial, Ma",0.5,0.75,10,"La **Inteligencia Artificial (IA)** se refiere al conjunto de tecnologías que permiten a las máquinas simular procesos cognitivos humanos como el razonamiento y el aprendizaje.

El **Machine Learning** es una subárea de la IA donde los sistemas aprenden automáticamente del datos sin ser explícitamen",2723.24,102.9,2532.9,25,124,48.96,621,8.28,
2026-06-02T17:39:57.055992,exp_b_top_k_top_k=10,phi4-mini:latest,52,"Explica en menos de 100 palabras la diferencia entre Inteligencia Artificial, Ma",0.5,0.75,10,"La Inteligencia Artificial (IA) es el campo general que busca desarrollar sistemas capaces de realizar tareas que normalmente requieren inteligencia humana.

El Aprendizaje Automático (Machine Learning), una rama del IA, implica entrenar modelos con datos para hacer predicciones o tomar decisiones s",3100.16,100.68,2903.39,25,142,48.91,750,8.59,
2026-06-02T17:40:01.269230,exp_b_top_k_top_k=10,phi4-mini:latest,53,"Explica en menos de 100 palabras la diferencia entre Inteligencia Artificial, Ma",0.5,0.75,10,"La **Inteligencia Artificial (IA)** se refiere a sistemas computacionales capaces de realizar tareas que normalmente requieren inteligencia humana, como el razonamiento y la percepción.

El **Machine Learning** es un subconjunto del campo de la IA donde los algoritmos aprenden automáticamente de dat",4205.3,97.59,3984.8,25,194,48.69,1043,7.68,
2026-06-02T17:40:04.033086,exp_b_top_k_top_k=10,phi4-mini:latest,54,"Explica en menos de 100 palabras la diferencia entre Inteligencia Artificial, Ma",0.5,0.75,10,"La **Inteligencia Artificial (IA)** se refiere al diseño de sistemas que pueden realizar tareas típicamente humanas como el razonamiento y aprender con experiencia.

El **Machine Learning** es una rama del aprendizaje automático dentro de la IA donde los algoritmos aprenden a partir de datos, mejora",2756.34,102.67,2568.67,25,126,49.05,649,8.25,
2026-06-02T17:40:07.331830,exp_b_top_k_top_k=10,phi4-mini:latest,55,"Explica en menos de 100 palabras la diferencia entre Inteligencia Artificial, Ma",0.5,0.75,10,La **Inteligencia Artificial (IA)** se refiere al conjunto de tecnologías que permiten a las máquinas simular comportamientos inteligentes como los humanos. El **Machine Learning** es una rama del aprendizaje automático dentro de la IA donde los algoritmos aprenden y mejoran su rendimiento con el ti,3290.51,102.97,3086.97,25,150,48.59,816,8.47,
2026-06-02T17:40:09.572544,exp_b_top_k_top_k=10,phi4-mini:latest,56,"Explica en menos de 100 palabras la diferencia entre Inteligencia Artificial, Ma",0.5,0.75,10,La Inteligencia Artificial (IA) se refiere a sistemas que realizan tareas usualmente requeridas para inteligencia humana como el aprendizaje y razonamiento. El Machine Learning es un subconjunto de la IA donde los algoritmos aprenden de datos sin ser explícitamente programados; mejoran con más exper,2232.81,99.89,2059.26,25,101,49.05,530,8.71,
2026-06-02T17:40:12.333714,exp_b_top_k_top_k=10,phi4-mini:latest,57,"Explica en menos de 100 palabras la diferencia entre Inteligencia Artificial, Ma",0.5,0.75,10,"La Inteligencia Artificial (IA) se refiere al conjunto de tecnologías que permiten a las máquinas simular comportamientos inteligentes similares a los humanos, como el aprendizaje y razonamiento.

Machine Learning es una rama del campo más amplio de la inteligencia artificial donde los algoritmos ap",2752.92,101.51,2565.05,25,125,48.73,702,8.23,
2026-06-02T17:40:15.343756,exp_b_top_k_top_k=10,phi4-mini:latest,58,"Explica en menos de 100 palabras la diferencia entre Inteligencia Artificial, Ma",0.5,0.75,10,"La **Inteligencia Artificial (IA)** se refiere a sistemas capaces de realizar tareas que normalmente requieren inteligencia humana, como el razonamiento y el aprendizaje.

El **Machine Learning (ML)** es una rama del campo de la IA donde los algoritmos aprenden con datos para mejorar su rendimiento ",3001.6,103.84,2801.11,25,136,48.55,693,8.57,
2026-06-02T17:40:18.440612,exp_b_top_k_top_k=10,phi4-mini:latest,59,"Explica en menos de 100 palabras la diferencia entre Inteligencia Artificial, Ma",0.5,0.75,10,"La **Inteligencia Artificial (IA)** se refiere a las tecnologías que simulan tareas inteligentes realizadas por humanos, como el reconocimiento de voz o lenguaje natural.

El **Machine Learning** es una rama del aprendizaje automático dentro de la IA donde los sistemas aprenden y mejoran su rendimie",3089.19,102.69,2891.85,25,141,48.76,757,8.82,
2026-06-02T17:40:21.157712,exp_b_top_k_top_k=10,phi4-mini:latest,60,"Explica en menos de 100 palabras la diferencia entre Inteligencia Artificial, Ma",0.5,0.75,10,"La Inteligencia Artificial (IA) es el término general para tecnologías que simulan tareas intelectuales humanas. El Machine Learning (ML), un subconjunto del IA, se refiere a sistemas capaces de aprender y mejorar con la experiencia sin ser explícitamente programados; usan datos para hacer prediccio",2703.93,106.43,2509.79,25,122,48.61,657,8.33,
2026-06-02T17:40:25.514882,exp_b_top_k_top_k=10,phi4-mini:latest,61,"Explica en menos de 100 palabras la diferencia entre Inteligencia Artificial, Ma",0.5,0.75,10,"La Inteligencia Artificial (IA) es el concepto general para crear máquinas que imiten comportamientos humanos y realizan tareas intelectuales. El Aprendizaje Automático (Machine Learning o ML) es un subconjunto del IA donde los sistemas aprenden de datos sin instrucciones explícitas, mejorando su re",4349.1,103.4,4121.5,25,200,48.53,1068,7.67,
2026-06-02T17:40:29.856399,exp_b_top_k_top_k=10,phi4-mini:latest,62,"Explica en menos de 100 palabras la diferencia entre Inteligencia Artificial, Ma",0.5,0.75,10,"La Inteligencia Artificial (IA) es el estudio del comportamiento inteligente por computadora y sistemas. El Machine Learning (ML), un subconjunto de IA, implica al sistema aprender a través de datos sin ser explícitamente programado para cada tarea específica. La IA Generativa se refiere específicam",4329.94,99.18,4106.28,25,200,48.71,1084,8.42,
2026-06-02T17:40:32.225746,exp_b_top_k_top_k=10,phi4-mini:latest,63,"Explica en menos de 100 palabras la diferencia entre Inteligencia Artificial, Ma",0.5,0.75,10,"La Inteligencia Artificial (IA) es el concepto general para crear máquinas capaces de realizar tareas que requieren inteligencia humana.

Machine Learning (ML), un subconjunto de IA, se refiere a algoritmos computacionales que aprenden y mejoran su rendimiento con la experiencia sin ser explícitamen",2362.62,103.93,2182.82,25,107,49.02,571,8.33,
2026-06-02T17:40:34.890930,exp_b_top_k_top_k=10,phi4-mini:latest,64,"Explica en menos de 100 palabras la diferencia entre Inteligencia Artificial, Ma",0.5,0.75,10,"La Inteligencia Artificial (IA) se refiere al diseño de máquinas capaces de realizar tareas que normalmente requieren inteligencia humana, como el aprendizaje y la toma de decisiones.

El Machine Learning es una subcampo de la IA donde los sistemas aprenden a partir del datos sin ser explícitamente ",2658.52,103.48,2469.54,25,120,48.59,655,8.1,
2026-06-02T17:40:37.437546,exp_b_top_k_top_k=10,phi4-mini:latest,65,"Explica en menos de 100 palabras la diferencia entre Inteligencia Artificial, Ma",0.5,0.75,10,"La **Inteligencia Artificial (IA)** es el campo general que trata sobre crear máquinas capaces de comportarse como humanos.

El **Machine Learning** se centra dentro de la IA y trata sobre desarrollar algoritmos para permitir a las computadoras aprender de datos sin instrucciones explícitas, mejoran",2539.73,102.86,2355.36,25,115,48.82,584,7.87,
2026-06-02T17:40:39.745495,exp_b_top_k_top_k=10,phi4-mini:latest,66,"Explica en menos de 100 palabras la diferencia entre Inteligencia Artificial, Ma",0.5,0.75,10,"La Inteligencia Artificial (IA) se refiere a sistemas que realizan tareas usualmente requeridas para inteligencia humana como el aprendizaje, razonamiento y percepción. El Aprendizaje Automático es un subconjunto del ML donde los algoritmos aprenden de datos sin ser explícitamente codificados con re",2300.53,101.42,2123.27,25,104,48.98,535,8.36,
2026-06-02T17:40:42.651758,exp_b_top_k_top_k=10,phi4-mini:latest,67,"Explica en menos de 100 palabras la diferencia entre Inteligencia Artificial, Ma",0.5,0.75,10,"La Inteligencia Artificial (IA) es el campo amplio que trata con sistemas inteligentes capaces de realizar tareas típicamente humanas. El Aprendizaje Automático (Machine Learning), una rama de la IA, se centra en diseñar algoritmos para que aprenden y mejoren a partir del datos sin ser explícitament",2899.16,98.72,2708.73,25,131,48.36,702,8.47,
2026-06-02T17:40:46.289752,exp_b_top_k_top_k=10,phi4-mini:latest,68,"Explica en menos de 100 palabras la diferencia entre Inteligencia Artificial, Ma",0.5,0.75,10,"La **Inteligencia Artificial (IA)** se refiere a las tecnologías que permiten crear máquinas capaces de realizar tareas que normalmente requieren inteligencia humana.

El **Machine Learning** es una rama del campo de la IA, donde los algoritmos aprenden y mejoran su rendimiento con el tiempo basándo",3630.17,101.26,3422.69,25,167,48.79,900,7.74,
2026-06-02T17:40:49.557009,exp_b_top_k_top_k=10,phi4-mini:latest,69,"Explica en menos de 100 palabras la diferencia entre Inteligencia Artificial, Ma",0.5,0.75,10,"La **Inteligencia Artificial (IA)** se refiere a sistemas capaces de realizar tareas que normalmente requieren inteligencia humana, como el razonamiento y el aprendizaje.

El **Machine Learning** es un subconjunto del campo de la IA donde los algoritmos aprenden a partir de datos para mejorar su ren",3259.65,101.29,3060.64,25,150,49.01,805,8.19,
2026-06-02T17:40:53.899034,exp_b_top_k_top_k=10,phi4-mini:latest,70,"Explica en menos de 100 palabras la diferencia entre Inteligencia Artificial, Ma",0.5,0.75,10,"La **Inteligencia Artificial (IA)** se refiere al desarrollo de sistemas capaces de realizar tareas que normalmente requieren inteligencia humana, como el razonamiento y la toma de decisiones.

El **Machine Learning (ML)** es un subconjunto del campo más amplio de la IA; implica entrenar algoritmos ",4333.59,103.92,4106.87,25,200,48.7,1047,7.63,
2026-06-02T17:40:58.258137,exp_b_top_k_top_k=10,phi4-mini:latest,71,"Explica en menos de 100 palabras la diferencia entre Inteligencia Artificial, Ma",0.5,0.75,10,La Inteligencia Artificial (IA) se refiere al conjunto general de tecnologías desarrolladas para simular procesos y comportamientos inteligentes asociados con el comportamiento humano. El Aprendizaje Automático (Machine Learning o ML) es un subcampo del IA que permite a las máquinas aprender de dato,4350.58,107.58,4117.83,25,200,48.57,1118,7.91,
2026-06-02T17:41:00.858753,exp_b_top_k_top_k=10,phi4-mini:latest,72,"Explica en menos de 100 palabras la diferencia entre Inteligencia Artificial, Ma",0.5,0.75,10,La Inteligencia Artificial (IA) se refiere al diseño y desarrollo de sistemas capaces de realizar tareas que normalmente requieren inteligencia humana. El Machine Learning es una rama del aprendizaje automático donde los algoritmos aprenden a partir de datos sin ser explícitamente programados para c,2591.77,106.6,2401.92,25,117,48.71,673,8.49,
2026-06-02T17:41:03.383075,exp_b_top_k_top_k=10,phi4-mini:latest,73,"Explica en menos de 100 palabras la diferencia entre Inteligencia Artificial, Ma",0.5,0.75,10,"La **Inteligencia Artificial (IA)** se refiere a sistemas que pueden realizar tareas típicas del cerebro humano como el razonamiento, aprendizaje y reconocimiento de patrones. El **Machine Learning (ML)** es una subrama de la IA donde los algoritmos aprenden de datos para mejorar su rendimiento en t",2516.97,104.0,2330.88,25,114,48.91,591,8.61,
2026-06-02T17:41:07.739270,exp_b_top_k_top_k=10,phi4-mini:latest,74,"Explica en menos de 100 palabras la diferencia entre Inteligencia Artificial, Ma",0.5,0.75,10,La Inteligencia Artificial (IA) es el concepto general sobre sistemas capaces de realizar tareas que normalmente requieren inteligencia humana. El Aprendizaje Automático (Machine Learning o ML) es un subconjunto del IA donde los algoritmos aprenden y mejoran a partir de datos sin ser explícitamente ,4347.77,103.32,4122.0,25,200,48.52,1096,7.89,
2026-06-02T17:41:10.928843,exp_b_top_k_top_k=10,phi4-mini:latest,75,"Explica en menos de 100 palabras la diferencia entre Inteligencia Artificial, Ma",0.5,0.75,10,"La Inteligencia Artificial (IA) se refiere al conjunto general de tecnologías que permiten a los sistemas simular funciones cognitivas humanas como el aprendizaje, razonamiento y reconocimiento de patrones.

Machine Learning es una rama específica dentro de la IA donde los algoritmos aprenden automá",3181.68,101.95,2983.63,25,146,48.93,810,8.48,
2026-06-02T17:41:13.817772,exp_b_top_k_top_k=10,phi4-mini:latest,76,"Explica en menos de 100 palabras la diferencia entre Inteligencia Artificial, Ma",0.5,0.75,10,"La **Inteligencia Artificial (IA)** se refiere al conjunto general de tecnologías para crear máquinas capaces de comportamientos inteligentes similares a los humanos.

El **Machine Learning** es una subcampo de la IA que permite a las máquinas aprender y mejorar su rendimiento con base en datos, sin",2881.28,102.21,2691.38,25,132,49.05,676,8.24,
2026-06-02T17:41:18.062356,exp_b_top_k_top_k=10,phi4-mini:latest,77,"Explica en menos de 100 palabras la diferencia entre Inteligencia Artificial, Ma",0.5,0.75,10,"La Inteligencia Artificial (IA) es el campo que trata sobre crear máquinas capaces de realizar tareas que normalmente requieren inteligencia humana. El Aprendizaje Automático (Machine Learning o ML), una rama de la IA, se centra en desarrollar algoritmos que aprenden y mejoran su rendimiento con la ",4236.93,102.69,4014.05,25,196,48.83,1033,8.16,
2026-06-02T17:41:21.041343,exp_b_top_k_top_k=10,phi4-mini:latest,78,"Explica en menos de 100 palabras la diferencia entre Inteligencia Artificial, Ma",0.5,0.75,10,"La **Inteligencia Artificial (IA)** se refiere a sistemas capaces de realizar tareas que requieren inteligencia humana como el aprendizaje, razonamiento y percepción. El **Machine Learning** es un subconjunto de la IA donde los algoritmos aprenden de datos para tomar decisiones o hacer predicciones ",2971.71,103.03,2776.45,25,136,48.98,726,8.57,
2026-06-02T17:41:23.508459,exp_b_top_k_top_k=10,phi4-mini:latest,79,"Explica en menos de 100 palabras la diferencia entre Inteligencia Artificial, Ma",0.5,0.75,10,"La **Inteligencia Artificial (IA)** se refiere al desarrollo de máquinas capaces de realizar tareas que normalmente requieren inteligencia humana.

El **Machine Learning (ML)** es una subárea de la IA donde los sistemas aprenden a partir del datos sin ser explícitamente programados, mejorando su ren",2453.59,103.34,2269.1,25,110,48.48,552,8.17,
2026-06-02T17:41:26.034165,exp_b_top_k_top_k=10,phi4-mini:latest,80,"Explica en menos de 100 palabras la diferencia entre Inteligencia Artificial, Ma",0.5,0.75,10,"La **Inteligencia Artificial (IA)** se refiere al estudio del comportamiento inteligente por computadora, con aplicaciones como reconocimiento de voz y traducción automática.

El **Machine Learning (ML)** es una rama de la IA que permite a las máquinas aprender de datos para tomar decisiones sin ins",2516.23,108.14,2323.93,25,113,48.62,625,8.02,
2026-06-02T17:41:30.333304,exp_b_top_k_top_k=10,phi4-mini:latest,81,"Explica en menos de 100 palabras la diferencia entre Inteligencia Artificial, Ma",0.5,0.75,10,"La **Inteligencia Artificial (IA)** se refiere al conjunto de tecnologías que permiten a las máquinas simular comportamientos inteligentes para resolver tareas típicamente requeridas para los humanos.

El **Machine Learning** es un subconjunto del campo de la IA donde los algoritmos aprenden y mejor",4289.18,102.83,4061.6,25,197,48.5,1042,8.19,
2026-06-02T17:41:34.025578,exp_b_top_k_top_k=10,phi4-mini:latest,82,"Explica en menos de 100 palabras la diferencia entre Inteligencia Artificial, Ma",0.5,0.75,10,"La Inteligencia Artificial (IA) se refiere al desarrollo de máquinas capaces de realizar tareas que normalmente requieren inteligencia humana, como el razonamiento y la percepción.

El Aprendizaje Automático es un subconjunto del campo más amplio de IA; implica a los sistemas aprendiendo con base en",3683.26,104.55,3470.92,25,169,48.69,925,7.94,
2026-06-02T17:41:36.431868,exp_b_top_k_top_k=10,phi4-mini:latest,83,"Explica en menos de 100 palabras la diferencia entre Inteligencia Artificial, Ma",0.5,0.75,10,"La Inteligencia Artificial (IA) se refiere a sistemas que pueden realizar tareas típicas de seres humanos como el aprendizaje, razonamiento y resolución de problemas. El Aprendizaje Automático es un subconjunto del campo de la IA donde los algoritmos aprenden de datos para tomar decisiones o accione",2399.25,104.22,2215.63,25,108,48.74,555,8.27,
2026-06-02T17:41:40.148616,exp_b_top_k_top_k=10,phi4-mini:latest,84,"Explica en menos de 100 palabras la diferencia entre Inteligencia Artificial, Ma",0.5,0.75,10,"La **Inteligencia Artificial (IA)** se refiere al conjunto de tecnologías computacionales diseñadas para simular procesos y comportamientos humanos, como el razonamiento lógico o la percepción.

El **Machine Learning** es un subconjunto del campo de la IA que permite a los sistemas aprender de datos",3709.61,101.83,3496.74,25,170,48.62,861,8.18,
2026-06-02T17:41:42.810983,exp_b_top_k_top_k=10,phi4-mini:latest,85,"Explica en menos de 100 palabras la diferencia entre Inteligencia Artificial, Ma",0.5,0.75,10,"La **Inteligencia Artificial (IA)** se refiere al conjunto general de sistemas que realizan tareas típicamente humanas como el aprendizaje, razonamiento y reconocimiento de patrones. El **Machine Learning** es un subcampo de la IA donde los algoritmos aprenden a partir del datos sin ser explícitamen",2654.84,100.29,2467.85,25,120,48.63,651,8.35,
2026-06-02T17:41:45.995898,exp_b_top_k_top_k=10,phi4-mini:latest,86,"Explica en menos de 100 palabras la diferencia entre Inteligencia Artificial, Ma",0.5,0.75,10,"La Inteligencia Artificial (IA) es el término general para sistemas que pueden realizar tareas típicamente humanas, como aprender y tomar decisiones.

Machine Learning (ML), un subconjunto del campo más amplio de la IA, se refiere a algoritmos computacionales diseñados para mejorar con la experienci",3176.67,100.56,2978.94,25,145,48.68,758,7.96,
2026-06-02T17:41:49.051672,exp_b_top_k_top_k=10,phi4-mini:latest,87,"Explica en menos de 100 palabras la diferencia entre Inteligencia Artificial, Ma",0.5,0.75,10,"La **Inteligencia Artificial (IA)** se refiere a sistemas capaces de realizar tareas que normalmente requieren inteligencia humana, como el razonamiento y el aprendizaje.

El **Machine Learning** es un subcampo de la IA donde los algoritmos aprenden de datos para tomar decisiones o hacer prediccione",3047.66,102.76,2851.24,25,139,48.75,744,8.15,
2026-06-02T17:41:53.397621,exp_b_top_k_top_k=10,phi4-mini:latest,88,"Explica en menos de 100 palabras la diferencia entre Inteligencia Artificial, Ma",0.5,0.75,10,"La **Inteligencia Artificial (IA)** se refiere a sistemas capaces de realizar tareas que normalmente requieren inteligencia humana, como el aprendizaje, el razonamiento y la percepción.

El **Machine Learning** es una rama del IA donde los algoritmos aprenden de datos para mejorar su rendimiento con",4335.82,103.94,4108.24,25,200,48.68,1109,7.89,
2026-06-02T17:41:56.204460,exp_b_top_k_top_k=10,phi4-mini:latest,89,"Explica en menos de 100 palabras la diferencia entre Inteligencia Artificial, Ma",0.5,0.75,10,"La **Inteligencia Artificial (IA)** es el campo general que busca crear máquinas capaces de realizar tareas que requieren inteligencia humana.

El **Machine Learning** es una técnica dentro del ámbito de la IA donde los sistemas aprenden a partir de datos para tomar decisiones o ejecutar tareas sin ",2799.76,101.93,2609.35,25,127,48.67,674,8.36,
2026-06-02T17:41:59.390481,exp_b_top_k_top_k=10,phi4-mini:latest,90,"Explica en menos de 100 palabras la diferencia entre Inteligencia Artificial, Ma",0.5,0.75,10,"La Inteligencia Artificial (IA) se refiere a sistemas que pueden realizar tareas típicamente humanas, como aprender y razonar con el entorno. El Machine Learning es un subconjunto del campo más amplio de IA; implica desarrollar algoritmos capaces de mejorar en la realización de una tarea específica ",3176.06,102.33,2977.12,25,145,48.7,752,7.59,
2026-06-02T17:42:03.763222,exp_b_top_k_top_k=10,phi4-mini:latest,91,"Explica en menos de 100 palabras la diferencia entre Inteligencia Artificial, Ma",0.5,0.75,10,La Inteligencia Artificial (IA) se refiere al conjunto de tecnologías que permiten a las máquinas simular comportamientos inteligentes similares a los humanos. El Machine Learning es una rama del campo científico de la inteligencia artificial donde algoritmos aprenden y mejoran con el tiempo sin ser,4363.74,102.67,4120.19,25,200,48.54,1099,8.32,
2026-06-02T17:42:05.964919,exp_b_top_k_top_k=10,phi4-mini:latest,92,"Explica en menos de 100 palabras la diferencia entre Inteligencia Artificial, Ma",0.5,0.75,10,"La Inteligencia Artificial (IA) es el término general para sistemas que realizan tareas típicamente humanas, como aprender y entender del mundo.

Machine Learning (ML), una rama de la IA, implica a los algoritmos aprendiendo con datos en lugar de por programación directa; se ajustan automáticamente ",2193.53,104.98,2017.11,25,99,49.08,512,8.48,
2026-06-02T17:42:09.067169,exp_b_top_k_top_k=10,phi4-mini:latest,93,"Explica en menos de 100 palabras la diferencia entre Inteligencia Artificial, Ma",0.5,0.75,10,"La **Inteligencia Artificial (IA)** se refiere al conjunto de tecnologías que permiten a las máquinas simular comportamientos inteligentes como los humanos.

El **Machine Learning** es un subconjunto de la IA donde los sistemas aprenden y mejoran su rendimiento con la experiencia sin ser explícitame",3095.15,103.53,2898.35,25,142,48.99,717,8.0,
2026-06-02T17:42:13.406655,exp_b_top_k_top_k=10,phi4-mini:latest,94,"Explica en menos de 100 palabras la diferencia entre Inteligencia Artificial, Ma",0.5,0.75,10,"La **Inteligencia Artificial (IA)** es el estudio del desarrollo y diseño de sistemas que pueden realizar tareas típicamente humanas como pensar, aprender y resolver problemas.

El **Machine Learning** se trata específicamente de algoritmos computacionales capaces de aprender a partir de datos sin s",4330.91,103.66,4104.0,25,200,48.73,1041,8.26,
2026-06-02T17:42:16.147743,exp_b_top_k_top_k=10,phi4-mini:latest,95,"Explica en menos de 100 palabras la diferencia entre Inteligencia Artificial, Ma",0.5,0.75,10,"La Inteligencia Artificial (IA) es el campo general enfocado en desarrollar sistemas que pueden realizar tareas típicamente humanas como pensar, aprender y resolver problemas.

Machine Learning (ML), un subconjunto del IA, implica crear algoritmos capaces de aprender de datos sin ser explícitamente ",2733.52,103.17,2545.67,25,125,49.1,677,8.13,
2026-06-02T17:42:19.310235,exp_b_top_k_top_k=10,phi4-mini:latest,96,"Explica en menos de 100 palabras la diferencia entre Inteligencia Artificial, Ma",0.5,0.75,10,La Inteligencia Artificial (IA) es el conjunto general de tecnologías que permiten a las máquinas simular comportamientos inteligentes como los humanos. El Aprendizaje Automático (Machine Learning o ML) es un subcampo del IA donde las máquinas aprenden y toman decisiones sin ser programadas explícit,3155.1,104.34,2959.22,25,145,49.0,760,8.27,
2026-06-02T17:42:23.639264,exp_b_top_k_top_k=10,phi4-mini:latest,97,"Explica en menos de 100 palabras la diferencia entre Inteligencia Artificial, Ma",0.5,0.75,10,"La Inteligencia Artificial (IA) es el campo general que trata con sistemas capaces de realizar tareas inteligentes como humanos. El Aprendizaje Automático (Machine Learning o ML), una subárea de la IA, se refiere al entrenamiento de modelos para tomar decisiones basadas en datos sin codificación exp",4320.66,104.68,4095.85,25,200,48.83,977,8.26,
2026-06-02T17:42:27.346831,exp_b_top_k_top_k=10,phi4-mini:latest,98,"Explica en menos de 100 palabras la diferencia entre Inteligencia Artificial, Ma",0.5,0.75,10,"La Inteligencia Artificial (IA) se refiere a sistemas que realizan tareas típicamente asociadas con el intelecto humano, como razonamiento y aprendizaje. El Machine Learning es una rama del campo de la IA donde los algoritmos aprenden de datos para tomar decisiones o realizar predicciones sin ser ex",3699.73,102.76,3490.74,25,171,48.99,909,7.89,
2026-06-02T17:42:30.910470,exp_b_top_k_top_k=10,phi4-mini:latest,99,"Explica en menos de 100 palabras la diferencia entre Inteligencia Artificial, Ma",0.5,0.75,10,"La **Inteligencia Artificial (IA)** se refiere a sistemas capaces de realizar tareas que requieren inteligencia humana, como el reconocimiento de voz o imágenes.

El **Machine Learning** es una rama del aprendizaje automático donde los algoritmos aprenden y mejoran con la experiencia sin ser explíci",3555.2,103.35,3348.41,25,164,48.98,902,8.08,
2026-06-02T17:42:35.229311,exp_b_top_k_top_k=10,phi4-mini:latest,100,"Explica en menos de 100 palabras la diferencia entre Inteligencia Artificial, Ma",0.5,0.75,10,"La Inteligencia Artificial (IA) es el conjunto general de sistemas capaces de realizar tareas que normalmente requieren inteligencia humana. El Aprendizaje Automático (Machine Learning o ML), un subconjunto del IA, implica a los sistemas aprender y mejorar su rendimiento con la experiencia sin ser e",4309.91,100.85,4088.41,25,200,48.92,1070,7.83,
2026-06-02T17:42:38.515811,exp_b_top_k_top_k=40,phi4-mini:latest,1,"Explica en menos de 100 palabras la diferencia entre Inteligencia Artificial, Ma",0.5,0.75,40,"La IA se refiere al conocimiento general sobre las máquinas y su inteligencia artificial es el proceso de hacer que una máquina pueda realizar tareas típicamente humanas: razonamiento, aprendizaje, percepción visual, lenguaje natural, etc.

El Machine Learning es un subconjunto del campo más amplio ",3278.33,103.57,3077.56,25,151,49.06,809,8.16,
2026-06-02T17:42:40.765317,exp_b_top_k_top_k=40,phi4-mini:latest,2,"Explica en menos de 100 palabras la diferencia entre Inteligencia Artificial, Ma",0.5,0.75,40,"La Inteligencia Artificial (IA) se refiere a sistemas capaces de realizar tareas que normalmente requieren inteligencia humana, como el razonamiento y el aprendizaje.

Machine Learning es una rama de la IA enfocada en desarrollar algoritmos que pueden aprender de datos para mejorar su rendimiento co",2242.06,109.36,2057.64,25,101,49.09,570,8.42,
2026-06-02T17:42:43.062445,exp_b_top_k_top_k=40,phi4-mini:latest,3,"Explica en menos de 100 palabras la diferencia entre Inteligencia Artificial, Ma",0.5,0.75,40,"La Inteligencia Artificial (IA) es el campo general que trata sobre crear máquinas capaces de realizar tareas inteligentes para humanos. El Aprendizaje Automático (Machine Learning - ML), un subconjunto de IA, implica a los sistemas aprender del datos y mejorar su rendimiento con la experiencia sin ",2290.26,103.24,2112.24,25,104,49.24,561,8.37,
2026-06-02T17:42:45.943505,exp_b_top_k_top_k=40,phi4-mini:latest,4,"Explica en menos de 100 palabras la diferencia entre Inteligencia Artificial, Ma",0.5,0.75,40,"La **Inteligencia Artificial (IA)** se refiere a sistemas capaces de realizar tareas que requieren inteligencia humana como el aprendizaje, razonamiento y percepción.

El **Machine Learning** es una subrama de la IA donde los algoritmos aprenden de datos para mejorar su desempeño sin ser explícitame",2873.01,104.77,2679.89,25,131,48.88,622,8.55,
2026-06-02T17:42:48.493266,exp_b_top_k_top_k=40,phi4-mini:latest,5,"Explica en menos de 100 palabras la diferencia entre Inteligencia Artificial, Ma",0.5,0.75,40,"La Inteligencia Artificial (IA) es el conjunto general de tecnologías que permiten a las máquinas simular comportamientos inteligentes como los humanos.

El Machine Learning (ML) es una subcategoría de la IA donde las computadoras aprenden de datos y mejoran su rendimiento con la experiencia sin ser",2542.18,101.57,2360.34,25,116,49.15,587,8.06,
2026-06-02T17:42:51.193816,exp_b_top_k_top_k=40,phi4-mini:latest,6,"Explica en menos de 100 palabras la diferencia entre Inteligencia Artificial, Ma",0.5,0.75,40,La **Inteligencia Artificial (IA)** se refiere a sistemas que pueden realizar tareas típicas del intelecto humano como el razonamiento y aprender con las experiencias. El **Machine Learning** es un subconjunto de la IA donde los algoritmos aprenden automáticamente del datos sin ser explícitamente pr,2693.94,103.74,2503.3,25,122,48.74,641,8.08,
2026-06-02T17:42:54.104372,exp_b_top_k_top_k=40,phi4-mini:latest,7,"Explica en menos de 100 palabras la diferencia entre Inteligencia Artificial, Ma",0.5,0.75,40,"La **Inteligencia Artificial (IA)** se refiere al diseño de sistemas capaces de realizar tareas que normalmente requieren inteligencia humana, como el razonamiento y aprender del entorno.

El **Machine Learning** es un subconjunto de IA donde los algoritmos aprenden a partir de datos sin ser explíci",2897.65,102.94,2700.63,25,131,48.51,706,8.01,
2026-06-02T17:42:56.719438,exp_b_top_k_top_k=40,phi4-mini:latest,8,"Explica en menos de 100 palabras la diferencia entre Inteligencia Artificial, Ma",0.5,0.75,40,"La Inteligencia Artificial (IA) se refiere al desarrollo de sistemas capaces de realizar tareas que requieren inteligencia humana como el razonamiento y la percepción del entorno.

El Machine Learning es una rama de la IA donde los algoritmos aprenden a partir de datos sin ser explícitamente program",2604.61,104.12,2418.62,25,118,48.79,638,8.18,
2026-06-02T17:42:59.460417,exp_b_top_k_top_k=40,phi4-mini:latest,9,"Explica en menos de 100 palabras la diferencia entre Inteligencia Artificial, Ma",0.5,0.75,40,"La Inteligencia Artificial (IA) es el conjunto general de tecnologías para crear máquinas que simulan comportamientos inteligentes. El Machine Learning (ML) se trata del aprendizaje automático dentro de la IA, donde las computadoras aprenden y mejoran con la experiencia sin ser explícitamente progra",2732.91,102.95,2544.36,25,125,49.13,656,8.34,
2026-06-02T17:43:01.583071,exp_b_top_k_top_k=40,phi4-mini:latest,10,"Explica en menos de 100 palabras la diferencia entre Inteligencia Artificial, Ma",0.5,0.75,40,"La Inteligencia Artificial (IA) es el conjunto general de sistemas capaces de realizar tareas que normalmente requieren inteligencia humana.

Machine Learning (ML), una rama del aprendizaje automático dentro de la IA, implica desarrollar algoritmos para identificar patrones en datos y tomar decision",2115.72,104.62,1939.14,25,95,48.99,548,8.64,
2026-06-02T17:43:04.816113,exp_b_top_k_top_k=40,phi4-mini:latest,11,"Explica en menos de 100 palabras la diferencia entre Inteligencia Artificial, Ma",0.5,0.75,40,"La **Inteligencia Artificial (IA)** se refiere a sistemas que realizan tareas típicas del cerebro humano como el aprendizaje, razonamiento y percepción.

El **Machine Learning** es una rama de la IA donde los algoritmos aprenden de datos para realizar tareas sin ser explícitamente programados; mejor",3225.82,102.76,3025.41,25,148,48.92,745,8.13,
2026-06-02T17:43:07.511056,exp_b_top_k_top_k=40,phi4-mini:latest,12,"Explica en menos de 100 palabras la diferencia entre Inteligencia Artificial, Ma",0.5,0.75,40,"La Inteligencia Artificial (IA) se refiere al campo del estudio y desarrollo de sistemas capaces de realizar tareas que normalmente requieren inteligencia humana, como el razonamiento y el aprendizaje.

Machine Learning es un subconjunto dentro de la IA donde los algoritmos aprenden de datos para ha",2687.07,104.22,2496.35,25,122,48.87,666,8.48,
2026-06-02T17:43:09.901543,exp_b_top_k_top_k=40,phi4-mini:latest,13,"Explica en menos de 100 palabras la diferencia entre Inteligencia Artificial, Ma",0.5,0.75,40,"La Inteligencia Artificial (IA) es el campo general que estudia las máquinas para simular inteligencia humana. El Aprendizaje Automático (Machine Learning o ML), un subconjunto del IA, se refiere al proceso mediante el cual los sistemas aprenden de datos y mejoran su rendimiento con la experiencia s",2382.01,101.98,2202.43,25,108,49.04,543,8.44,
2026-06-02T17:43:13.321311,exp_b_top_k_top_k=40,phi4-mini:latest,14,"Explica en menos de 100 palabras la diferencia entre Inteligencia Artificial, Ma",0.5,0.75,40,"La **Inteligencia Artificial (IA)** se refiere a sistemas capaces de realizar tareas que requieren inteligencia humana como el razonamiento y aprender del entorno.

El **Machine Learning** es una subcampo de la IA donde los algoritmos aprenden automáticamente de datos sin ser explícitamente programa",3410.73,105.1,3201.27,25,155,48.42,792,8.11,
2026-06-02T17:43:15.578482,exp_b_top_k_top_k=40,phi4-mini:latest,15,"Explica en menos de 100 palabras la diferencia entre Inteligencia Artificial, Ma",0.5,0.75,40,"La Inteligencia Artificial (IA) es el campo general que trata con sistemas inteligentes capaces de imitar comportamientos humanos como aprender y resolver problemas.

Machine Learning (ML), una rama del aprendizaje automático dentro de la IA, se refiere a algoritmos diseñados para mejorar su rendimi",2249.8,105.71,2068.1,25,101,48.84,567,8.66,
2026-06-02T17:43:19.452053,exp_b_top_k_top_k=40,phi4-mini:latest,16,"Explica en menos de 100 palabras la diferencia entre Inteligencia Artificial, Ma",0.5,0.75,40,"La **Inteligencia Artificial (IA)** se refiere a las tecnologías capaces de realizar tareas que requieren inteligencia humana, como el aprendizaje, razonamiento y resolución de problemas.

El **Machine Learning (ML)** es una subrama de la IA donde los algoritmos aprenden con datos para mejorar su de",3865.51,102.77,3647.29,25,177,48.53,926,8.32,
2026-06-02T17:43:22.593546,exp_b_top_k_top_k=40,phi4-mini:latest,17,"Explica en menos de 100 palabras la diferencia entre Inteligencia Artificial, Ma",0.5,0.75,40,"La **Inteligencia Artificial (IA)** se refiere al campo que trata con el desarrollo de máquinas capaces de realizar tareas que normalmente requieren inteligencia humana.

El **Machine Learning** es una rama del aprendizaje automático dentro de la IA donde los algoritmos aprenden y mejoran su rendimi",3133.67,102.15,2935.34,25,143,48.72,749,8.51,
2026-06-02T17:43:25.537319,exp_b_top_k_top_k=40,phi4-mini:latest,18,"Explica en menos de 100 palabras la diferencia entre Inteligencia Artificial, Ma",0.5,0.75,40,"La **Inteligencia Artificial (IA)** se refiere a sistemas que realizan tareas típicas del intelecto humano: razonamiento, aprendizaje y resolución de problemas.

El **Machine Learning** es un subconjunto de la IA donde los algoritmos aprenden de datos para tomar decisiones o realizar predicciones si",2936.24,101.51,2742.35,25,134,48.86,672,8.69,
2026-06-02T17:43:28.505696,exp_b_top_k_top_k=40,phi4-mini:latest,19,"Explica en menos de 100 palabras la diferencia entre Inteligencia Artificial, Ma",0.5,0.75,40,"La **Inteligencia Artificial (IA)** es el campo general que trata sobre crear máquinas capaces de realizar tareas con inteligencia humana.

El **Machine Learning** es una subrama de la IA donde los sistemas aprenden a partir del datos y mejoran su rendimiento en un tiempo sin codificación explícita,",2959.91,99.11,2765.93,25,134,48.45,668,8.22,
2026-06-02T17:43:31.476763,exp_b_top_k_top_k=40,phi4-mini:latest,20,"Explica en menos de 100 palabras la diferencia entre Inteligencia Artificial, Ma",0.5,0.75,40,La Inteligencia Artificial (IA) es el conjunto general de tecnologías que permiten a las máquinas simular comportamientos inteligentes. El Aprendizaje Automático (Machine Learning o ML) es un subconjunto del campo de la IA donde los algoritmos aprenden y mejoran su rendimiento con datos sin codifica,2963.23,102.75,2768.42,25,135,48.76,690,8.18,
2026-06-02T17:43:34.463846,exp_b_top_k_top_k=40,phi4-mini:latest,21,"Explica en menos de 100 palabras la diferencia entre Inteligencia Artificial, Ma",0.5,0.75,40,"La Inteligencia Artificial (IA) se refiere al diseño y desarrollo de sistemas capaces de realizar tareas que normalmente requieren inteligencia humana, como el reconocimiento de voz o imágenes.

El Aprendizaje Automático (Machine Learning, ML) es un subcampo de la IA donde los algoritmos aprenden a ",2978.46,100.87,2777.47,25,134,48.25,750,8.56,
2026-06-02T17:43:36.914541,exp_b_top_k_top_k=40,phi4-mini:latest,22,"Explica en menos de 100 palabras la diferencia entre Inteligencia Artificial, Ma",0.5,0.75,40,"La Inteligencia Artificial (IA) se refiere a sistemas capaces de realizar tareas que normalmente requieren inteligencia humana, como el razonamiento y el aprendizaje.

Machine Learning es una subrama de la IA donde los algoritmos aprenden de datos para tomar decisiones o realizar predicciones sin se",2443.36,106.64,2255.24,25,110,48.78,605,8.59,
2026-06-02T17:43:39.580977,exp_b_top_k_top_k=40,phi4-mini:latest,23,"Explica en menos de 100 palabras la diferencia entre Inteligencia Artificial, Ma",0.5,0.75,40,"La Inteligencia Artificial (IA) es el estudio del desarrollo de máquinas capaces de realizar tareas que requieren inteligencia humana como entender lenguaje natural o reconocer imágenes.

El Aprendizaje Automático (Machine Learning), una rama de la IA, involucra entrenar sistemas computacionales par",2657.81,103.77,2464.02,25,120,48.7,673,8.8,
2026-06-02T17:43:42.867127,exp_b_top_k_top_k=40,phi4-mini:latest,24,"Explica en menos de 100 palabras la diferencia entre Inteligencia Artificial, Ma",0.5,0.75,40,"La Inteligencia Artificial (IA) se refiere a sistemas capaces de realizar tareas que normalmente requieren inteligencia humana, como el reconocimiento de voz o lenguaje natural.

Machine Learning es un subconjunto de la IA donde los algoritmos aprenden y mejoran con la experiencia sin ser explícitam",3277.68,95.9,3079.97,25,150,48.7,826,8.38,
2026-06-02T17:43:46.455506,exp_b_top_k_top_k=40,phi4-mini:latest,25,"Explica en menos de 100 palabras la diferencia entre Inteligencia Artificial, Ma",0.5,0.75,40,"La **Inteligencia Artificial (IA)** se refiere al diseño de sistemas capaces de realizar tareas que normalmente requieren inteligencia humana, como el razonamiento y el aprendizaje.

El **Machine Learning** es un subconjunto del campo de la IA donde los algoritmos aprenden a partir de datos para mej",3575.77,102.55,3366.46,25,164,48.72,886,8.12,
2026-06-02T17:43:49.177532,exp_b_top_k_top_k=40,phi4-mini:latest,26,"Explica en menos de 100 palabras la diferencia entre Inteligencia Artificial, Ma",0.5,0.75,40,"La **Inteligencia Artificial (IA)** es el campo general que se ocupa del desarrollo y estudio de sistemas capaces de realizar tareas inteligentes típicamente realizadas por humanos.

El **Machine Learning** forma parte de la IA donde los algoritmos aprenden a partir de datos para hacer predicciones ",2713.89,105.29,2519.37,25,123,48.82,679,7.94,
2026-06-02T17:43:51.599602,exp_b_top_k_top_k=40,phi4-mini:latest,27,"Explica en menos de 100 palabras la diferencia entre Inteligencia Artificial, Ma",0.5,0.75,40,La **Inteligencia Artificial (IA)** se refiere a las tecnologías que permiten simular el comportamiento humano inteligente y realizar tareas como lo harían los humanos. El **Machine Learning (ML)** es un subconjunto del IA donde algoritmos aprenden de datos para tomar decisiones o predicciones sin i,2414.65,101.66,2233.95,25,109,48.79,565,8.13,
2026-06-02T17:43:54.136045,exp_b_top_k_top_k=40,phi4-mini:latest,28,"Explica en menos de 100 palabras la diferencia entre Inteligencia Artificial, Ma",0.5,0.75,40,"La Inteligencia Artificial (IA) es el estudio del desarrollo y las aplicaciones para crear máquinas capaces de realizar tareas que normalmente requieren inteligencia humana.

Machine Learning (ML), una rama de la IA, implica enseñar a los sistemas computacionales a aprender de datos sin ser explícit",2529.02,104.64,2340.28,25,114,48.71,612,7.98,
2026-06-02T17:43:57.240848,exp_b_top_k_top_k=40,phi4-mini:latest,29,"Explica en menos de 100 palabras la diferencia entre Inteligencia Artificial, Ma",0.5,0.75,40,"La **Inteligencia Artificial (IA)** se refiere a sistemas computacionales diseñados para realizar tareas que normalmente requieren inteligencia humana, como el razonamiento y las decisiones.

El **Machine Learning** es una subcamposa de la IA, enfocada en desarrollar algoritmos capaces de aprender d",3097.59,103.25,2898.86,25,142,48.98,753,8.28,
2026-06-02T17:43:59.224442,exp_b_top_k_top_k=40,phi4-mini:latest,30,"Explica en menos de 100 palabras la diferencia entre Inteligencia Artificial, Ma",0.5,0.75,40,"La Inteligencia Artificial (IA) es el estudio del desarrollo de máquinas capaces de realizar tareas que normalmente requieren inteligencia humana.

Machine Learning (ML), un subconjunto de IA, se trata de desarrollar algoritmos para permitir a las máquinas aprender y mejorar con la experiencia sin c",1975.64,104.38,1803.67,25,89,49.34,506,8.12,
2026-06-02T17:44:02.600881,exp_b_top_k_top_k=40,phi4-mini:latest,31,"Explica en menos de 100 palabras la diferencia entre Inteligencia Artificial, Ma",0.5,0.75,40,"La **Inteligencia Artificial (IA)** se refiere a las máquinas que realizan tareas típicas del intelecto humano: razonamiento, aprendizaje y percepción. El **Machine Learning** es una subcategoría de IA en la cual los sistemas aprenden automáticamente con base en datos sin ser explícitamente programa",3368.55,103.08,3163.97,25,155,48.99,796,8.25,
2026-06-02T17:44:06.779561,exp_b_top_k_top_k=40,phi4-mini:latest,32,"Explica en menos de 100 palabras la diferencia entre Inteligencia Artificial, Ma",0.5,0.75,40,"La **Inteligencia Artificial (IA)** se refiere al desarrollo de sistemas capaces de realizar tareas que requieren inteligencia humana, como el reconocimiento de voz o lenguaje natural.

El **Machine Learning (ML)** es una rama del IA donde los algoritmos aprenden a partir de datos para mejorar su re",4170.71,104.03,3945.12,25,193,48.92,1014,8.33,
2026-06-02T17:44:11.103668,exp_b_top_k_top_k=40,phi4-mini:latest,33,"Explica en menos de 100 palabras la diferencia entre Inteligencia Artificial, Ma",0.5,0.75,40,"La **Inteligencia Artificial (IA)** se refiere al conjunto de tecnologías diseñadas para imitar capacidades cognitivas humanas como el razonamiento y el aprendizaje.

El **Machine Learning (ML)** es una subparte del campo de la IA que implica entrenar modelos computacionales con datos, permitiéndole",4315.99,106.41,4086.72,25,200,48.94,1065,8.35,
2026-06-02T17:44:13.233435,exp_b_top_k_top_k=40,phi4-mini:latest,34,"Explica en menos de 100 palabras la diferencia entre Inteligencia Artificial, Ma",0.5,0.75,40,La IA se refiere a las tecnologías computacionales que imitan capacidades humanas para realizar tareas como el razonamiento y el aprendizaje. El ML es un subconjunto del campo más amplio de IA; involucra algoritmos entrenados con datos para mejorar su rendimiento en una tarea específica sin codifica,2121.8,103.64,1947.86,25,96,49.28,523,7.46,
2026-06-02T17:44:16.899292,exp_b_top_k_top_k=40,phi4-mini:latest,35,"Explica en menos de 100 palabras la diferencia entre Inteligencia Artificial, Ma",0.5,0.75,40,"La Inteligencia Artificial (IA) se refiere al conjunto de tecnologías que permiten a las máquinas simular comportamientos inteligentes, como el aprendizaje y la toma de decisiones.

El Aprendizaje Automático (Machine Learning), es un subconjunto del campo más amplio de la IA, donde los sistemas apre",3657.99,102.1,3448.5,25,169,49.01,906,8.27,
2026-06-02T17:44:21.020374,exp_b_top_k_top_k=40,phi4-mini:latest,36,"Explica en menos de 100 palabras la diferencia entre Inteligencia Artificial, Ma",0.5,0.75,40,"La Inteligencia Artificial (IA) se refiere al conjunto de tecnologías que permiten a los sistemas simular funciones cognitivas humanas como el aprendizaje y razonamiento. El Aprendizaje Automático es una subcategoría del campo de la IA donde algoritmos aprenden a partir de datos, identificando patro",4113.63,104.59,3890.05,25,190,48.84,1008,7.55,
2026-06-02T17:44:23.579353,exp_b_top_k_top_k=40,phi4-mini:latest,37,"Explica en menos de 100 palabras la diferencia entre Inteligencia Artificial, Ma",0.5,0.75,40,"La Inteligencia Artificial (IA) es el campo general que estudia cómo crear máquinas capaces de realizar tareas que requieren inteligencia humana.

El Aprendizaje Automático (Machine Learning - ML), una rama del IA, implica enseñar a las computadoras para hacer predicciones o tomar decisiones basadas",2551.3,106.59,2360.63,25,116,49.14,600,8.26,
2026-06-02T17:44:26.567356,exp_b_top_k_top_k=40,phi4-mini:latest,38,"Explica en menos de 100 palabras la diferencia entre Inteligencia Artificial, Ma",0.5,0.75,40,"La **Inteligencia Artificial (IA)** se refiere a las sistemas capaces de realizar tareas que normalmente requieren inteligencia humana, como el razonamiento y aprendizaje.

El **Machine Learning** es un subconjunto del campo de la IA donde los algoritmos aprenden de datos para tomar decisiones o hac",2980.61,101.94,2787.23,25,137,49.15,735,8.48,
2026-06-02T17:44:29.332671,exp_b_top_k_top_k=40,phi4-mini:latest,39,"Explica en menos de 100 palabras la diferencia entre Inteligencia Artificial, Ma",0.5,0.75,40,"La **Inteligencia Artificial (IA)** se refiere a sistemas capaces de realizar tareas que normalmente requieren inteligencia humana, como el reconocimiento de voz y lenguaje natural.

El **Machine Learning** es una subpáramo de la IA donde los algoritmos aprenden y mejoran con datos sin ser explícita",2757.79,104.79,2566.87,25,126,49.09,671,8.33,
2026-06-02T17:44:32.689680,exp_b_top_k_top_k=40,phi4-mini:latest,40,"Explica en menos de 100 palabras la diferencia entre Inteligencia Artificial, Ma",0.5,0.75,40,"La **Inteligencia Artificial (IA)** se refiere a sistemas que realizan tareas típicas del cerebro humano como aprender y razonar con el fin de imitar comportamientos inteligentes humanos.

El **Machine Learning** es una subcampo de la IA donde los algoritmos aprenden a partir de datos, mejorando su ",3348.79,102.85,3145.76,25,154,48.95,811,8.22,
2026-06-02T17:44:36.759818,exp_b_top_k_top_k=40,phi4-mini:latest,41,"Explica en menos de 100 palabras la diferencia entre Inteligencia Artificial, Ma",0.5,0.75,40,"La Inteligencia Artificial (IA) se refiere a sistemas capaces de realizar tareas que requieren inteligencia humana como el aprendizaje, el razonamiento y la percepción del entorno.

Machine Learning es una rama de la IA donde los algoritmos aprenden y mejoran su rendimiento con cada nuevo dato sin s",4061.92,101.75,3842.21,25,188,48.93,1000,8.11,
2026-06-02T17:44:41.084121,exp_b_top_k_top_k=40,phi4-mini:latest,42,"Explica en menos de 100 palabras la diferencia entre Inteligencia Artificial, Ma",0.5,0.75,40,"La Inteligencia Artificial (IA) es el campo general que implica crear máquinas capaces de realizar tareas típicas del razonamiento humano. El Aprendizaje Automático (Machine Learning o ML), una subrama de la IA, se refiere al diseño y desarrollo de algoritmos para permitir a las máquinas aprender de",4315.98,103.64,4089.32,25,200,48.91,1071,7.74,
2026-06-02T17:44:44.313445,exp_b_top_k_top_k=40,phi4-mini:latest,43,"Explica en menos de 100 palabras la diferencia entre Inteligencia Artificial, Ma",0.5,0.75,40,"La **Inteligencia Artificial (IA)** se refiere al desarrollo de sistemas capaces de realizar tareas que normalmente requieren inteligencia humana, como el reconocimiento de voz o lenguaje natural.

El **Machine Learning (ML)** es una subrama de la IA donde los algoritmos aprenden a partir del datos ",3221.56,103.63,3020.54,25,148,49.0,756,8.36,
2026-06-02T17:44:48.112586,exp_b_top_k_top_k=40,phi4-mini:latest,44,"Explica en menos de 100 palabras la diferencia entre Inteligencia Artificial, Ma",0.5,0.75,40,"La Inteligencia Artificial (IA) se refiere al conjunto de tecnologías que permiten a las máquinas simular el comportamiento humano y realizar tareas complejas sin intervención humana directa.

Machine Learning es una subrama de la IA donde los sistemas aprenden automáticamente del datos en lugar de ",3790.98,102.52,3576.79,25,174,48.65,949,7.91,
2026-06-02T17:44:51.437516,exp_b_top_k_top_k=40,phi4-mini:latest,45,"Explica en menos de 100 palabras la diferencia entre Inteligencia Artificial, Ma",0.5,0.75,40,"La Inteligencia Artificial (IA) se refiere al conjunto de tecnologías capaces de realizar tareas que normalmente requieren inteligencia humana, como el reconocimiento de voz o lenguaje natural.

El Machine Learning es un subconjunto del campo de la IA donde los sistemas aprenden a partir de datos si",3316.74,105.05,3110.95,25,152,48.86,850,8.19,
2026-06-02T17:44:54.080414,exp_b_top_k_top_k=40,phi4-mini:latest,46,"Explica en menos de 100 palabras la diferencia entre Inteligencia Artificial, Ma",0.5,0.75,40,"La **Inteligencia Artificial (IA)** es el campo general que busca crear máquinas capaces de realizar tareas que normalmente requieren inteligencia humana.

El **Machine Learning** es una subrama de la IA donde los algoritmos aprenden a partir del datos sin ser explícitamente programados, mejorando s",2635.94,102.31,2450.16,25,120,48.98,629,7.97,
2026-06-02T17:44:57.229660,exp_b_top_k_top_k=40,phi4-mini:latest,47,"Explica en menos de 100 palabras la diferencia entre Inteligencia Artificial, Ma",0.5,0.75,40,"La **Inteligencia Artificial (IA)** se refiere al conjunto general de sistemas capaces de realizar tareas que normalmente requieren inteligencia humana, como el reconocimiento de voz o lenguaje natural.

El **Machine Learning (ML)** es una subparte del campo de la IA donde los algoritmos aprenden a ",3141.9,108.71,2938.15,25,144,49.01,744,8.17,
2026-06-02T17:44:59.935020,exp_b_top_k_top_k=40,phi4-mini:latest,48,"Explica en menos de 100 palabras la diferencia entre Inteligencia Artificial, Ma",0.5,0.75,40,"La Inteligencia Artificial (IA) es el campo amplio que implica crear máquinas capaces de realizar tareas típicamente humanas, como pensar, aprender y resolver problemas.

El Machine Learning (ML), una rama de la IA, se centra en construir algoritmos informados por datos para hacer predicciones o tom",2696.18,103.24,2508.17,25,123,49.04,647,8.35,
2026-06-02T17:45:04.260718,exp_b_top_k_top_k=40,phi4-mini:latest,49,"Explica en menos de 100 palabras la diferencia entre Inteligencia Artificial, Ma",0.5,0.75,40,"La Inteligencia Artificial (IA) es el conjunto general de tecnologías que permiten a los sistemas simular tareas intelectuales humanas como aprender y tomar decisiones. El Aprendizaje Automático (Machine Learning - ML), un subconjunto del campo más amplio de la IA, se refiere al proceso mediante el ",4317.39,104.74,4091.6,25,200,48.88,1081,8.17,
2026-06-02T17:45:06.814018,exp_b_top_k_top_k=40,phi4-mini:latest,50,"Explica en menos de 100 palabras la diferencia entre Inteligencia Artificial, Ma",0.5,0.75,40,"La **Inteligencia Artificial (IA)** se refiere a sistemas capaces de realizar tareas que normalmente requieren inteligencia humana, como el aprendizaje, razonamiento y percepción.

El **Machine Learning** es una subcampo de la IA donde los algoritmos aprenden automáticamente del datos sin ser explíc",2545.8,101.96,2362.62,25,116,49.1,619,8.61,
2026-06-02T17:45:10.248940,exp_b_top_k_top_k=40,phi4-mini:latest,51,"Explica en menos de 100 palabras la diferencia entre Inteligencia Artificial, Ma",0.5,0.75,40,"La Inteligencia Artificial (IA) es el campo que estudia cómo crear máquinas capaces de realizar tareas que normalmente requieren inteligencia humana.

El Aprendizaje Automático (Machine Learning) se trata del subcampo dentro de la IA en el cual los sistemas aprenden a partir de datos, mejorando su r",3427.45,102.35,3224.39,25,158,49.0,871,8.04,
2026-06-02T17:45:13.433705,exp_b_top_k_top_k=40,phi4-mini:latest,52,"Explica en menos de 100 palabras la diferencia entre Inteligencia Artificial, Ma",0.5,0.75,40,"La **Inteligencia Artificial (IA)** se refiere al conjunto de sistemas y algoritmos diseñados para imitar comportamientos inteligentes humanos o automatizar tareas que normalmente requieren inteligencia humana.

El **Machine Learning** es una subcampo del área más amplia de la Inteligencia Artificia",3176.66,103.63,2976.39,25,146,49.05,815,8.08,
2026-06-02T17:45:17.756659,exp_b_top_k_top_k=40,phi4-mini:latest,53,"Explica en menos de 100 palabras la diferencia entre Inteligencia Artificial, Ma",0.5,0.75,40,"La **Inteligencia Artificial (IA)** es el campo general que trata sobre crear máquinas capaces de realizar tareas que normalmente requieren inteligencia humana.

El **Machine Learning (ML)** es una subpágina dentro de la IA; se centra en desarrollar algoritmos y modelos para permitir a las computado",4314.62,103.39,4087.54,25,200,48.93,1021,8.02,
2026-06-02T17:45:20.093743,exp_b_top_k_top_k=40,phi4-mini:latest,54,"Explica en menos de 100 palabras la diferencia entre Inteligencia Artificial, Ma",0.5,0.75,40,"La Inteligencia Artificial (IA) es el concepto general para crear máquinas que imiten funciones humanas como aprender y resolver problemas.

Machine Learning (ML), una rama de la IA, implica desarrollar algoritmos capaces de mejorar su rendimiento con datos sin ser explícitamente programados para un",2329.42,104.32,2151.21,25,106,49.27,562,8.21,
2026-06-02T17:45:22.644663,exp_b_top_k_top_k=40,phi4-mini:latest,55,"Explica en menos de 100 palabras la diferencia entre Inteligencia Artificial, Ma",0.5,0.75,40,"La Inteligencia Artificial (IA) es el conjunto general de tecnologías que permiten a las máquinas simular comportamientos inteligentes. El Aprendizaje Automático (Machine Learning), una rama de la IA, implica alinear modelos con datos para hacer predicciones o tomar decisiones sin ser explícitamente",2543.83,103.65,2359.22,25,116,49.17,606,8.7,
2026-06-02T17:45:25.604326,exp_b_top_k_top_k=40,phi4-mini:latest,56,"Explica en menos de 100 palabras la diferencia entre Inteligencia Artificial, Ma",0.5,0.75,40,"La **Inteligencia Artificial (IA)** se refiere al diseño de sistemas capaces de realizar tareas que normalmente requieren inteligencia humana, como el reconocimiento de voz o lenguaje natural.

El **Machine Learning (ML)** es un subconjunto del IA donde los algoritmos aprenden a partir de datos sin ",2951.1,101.67,2757.12,25,134,48.6,713,8.49,
2026-06-02T17:45:29.373611,exp_b_top_k_top_k=40,phi4-mini:latest,57,"Explica en menos de 100 palabras la diferencia entre Inteligencia Artificial, Ma",0.5,0.75,40,La Inteligencia Artificial (IA) se refiere a sistemas o máquinas que imitan capacidades mentales humanas para realizar tareas y tomar decisiones. El Aprendizaje Automático es un subcampo de la IA donde los algoritmos aprenden de datos sin ser explícitamente programados; mejoran con más información. ,3761.08,101.75,3548.49,25,173,48.75,902,7.59,
2026-06-02T17:45:31.813406,exp_b_top_k_top_k=40,phi4-mini:latest,58,"Explica en menos de 100 palabras la diferencia entre Inteligencia Artificial, Ma",0.5,0.75,40,"La **Inteligencia Artificial (IA)** se refiere al conjunto de sistemas que pueden realizar tareas típicamente humanas como el aprendizaje y la resolución de problemas. El **Machine Learning** es un subcampo del IA donde los algoritmos aprenden a partir de datos sin ser explícitamente programados, me",2432.13,106.73,2246.58,25,110,48.96,583,8.31,
2026-06-02T17:45:34.989063,exp_b_top_k_top_k=40,phi4-mini:latest,59,"Explica en menos de 100 palabras la diferencia entre Inteligencia Artificial, Ma",0.5,0.75,40,"La **Inteligencia Artificial (IA)** se refiere a sistemas capaces de realizar tareas que normalmente requieren inteligencia humana, como el razonamiento y el aprendizaje.

El **Machine Learning (ML)** es un subconjunto del campo más amplio de la IA, donde los algoritmos aprenden automáticamente de d",3167.33,106.2,2965.31,25,145,48.9,771,8.43,
2026-06-02T17:45:37.431535,exp_b_top_k_top_k=40,phi4-mini:latest,60,"Explica en menos de 100 palabras la diferencia entre Inteligencia Artificial, Ma",0.5,0.75,40,"La **Inteligencia Artificial (IA)** se refiere a sistemas capaces de realizar tareas que normalmente requieren inteligencia humana, como el reconocimiento de voz o lenguaje natural.

El **Machine Learning** es una subcampo de la IA donde los algoritmos aprenden y mejoran su rendimiento con base en d",2435.49,103.63,2252.18,25,110,48.84,578,8.37,
2026-06-02T17:45:40.650616,exp_b_top_k_top_k=40,phi4-mini:latest,61,"Explica en menos de 100 palabras la diferencia entre Inteligencia Artificial, Ma",0.5,0.75,40,"La **Inteligencia Artificial (IA)** se refiere a las máquinas que pueden realizar tareas típicas del razonamiento humano como el aprendizaje, la percepción y el lenguaje natural.

El **Machine Learning** es una subárea de la IA donde los sistemas aprenden automáticamente de datos sin ser explícitame",3211.22,103.48,3008.84,25,146,48.52,755,8.78,
2026-06-02T17:45:43.105594,exp_b_top_k_top_k=40,phi4-mini:latest,62,"Explica en menos de 100 palabras la diferencia entre Inteligencia Artificial, Ma",0.5,0.75,40,"La **Inteligencia Artificial (IA)** es el conjunto general de sistemas capaces de realizar tareas que normalmente requieren inteligencia humana, como aprender y tomar decisiones.

El **Machine Learning (ML)** es un subconjunto del IA donde los algoritmos aprenden a partir de datos para hacer predicc",2445.4,103.67,2256.97,25,109,48.29,574,8.11,
2026-06-02T17:45:47.398890,exp_b_top_k_top_k=40,phi4-mini:latest,63,"Explica en menos de 100 palabras la diferencia entre Inteligencia Artificial, Ma",0.5,0.75,40,"La **Inteligencia Artificial (IA)** es el conjunto general de tecnologías que permiten a los sistemas simular tareas intelectuales humanas como aprender, razonar y percibir.

El **Machine Learning (ML)** es una subcategoría del campo más amplio de la IA, donde se enseñan automáticamente las máquinas",4284.88,100.96,4056.78,25,197,48.56,1005,8.23,
2026-06-02T17:45:50.902434,exp_b_top_k_top_k=40,phi4-mini:latest,64,"Explica en menos de 100 palabras la diferencia entre Inteligencia Artificial, Ma",0.5,0.75,40,"La Inteligencia Artificial (IA) se refiere a sistemas capaces de realizar tareas que normalmente requieren inteligencia humana como el razonamiento y el aprendizaje. El Aprendizaje Automático (Machine Learning o ML) es un subconjunto del IA donde los algoritmos aprenden a partir de datos, mejorando ",3495.65,104.09,3285.78,25,160,48.69,861,8.21,
2026-06-02T17:45:53.802789,exp_b_top_k_top_k=40,phi4-mini:latest,65,"Explica en menos de 100 palabras la diferencia entre Inteligencia Artificial, Ma",0.5,0.75,40,La **Inteligencia Artificial (IA)** se refiere al conjunto de sistemas que pueden realizar tareas que normalmente requieren inteligencia humana. El **Machine Learning** es una subpágina de la IA; involucra algoritmos que permiten a los programas aprender y mejorar con la experiencia sin ser explícit,2891.2,102.4,2699.44,25,132,48.9,700,8.16,
2026-06-02T17:45:57.556430,exp_b_top_k_top_k=40,phi4-mini:latest,66,"Explica en menos de 100 palabras la diferencia entre Inteligencia Artificial, Ma",0.5,0.75,40,La Inteligencia Artificial (IA) se refiere a sistemas que pueden realizar tareas típicas de seres humanos como el razonamiento y aprender con experiencias. El Aprendizaje Automático (Machine Learning o ML) es un subconjunto del IA donde los algoritmos aprenden de datos para mejorar su rendimiento si,3744.54,96.8,3526.4,25,170,48.21,887,8.29,
2026-06-02T17:46:00.463731,exp_b_top_k_top_k=40,phi4-mini:latest,67,"Explica en menos de 100 palabras la diferencia entre Inteligencia Artificial, Ma",0.5,0.75,40,"La Inteligencia Artificial (IA) es el conjunto general de tecnologías que permiten a las máquinas simular comportamientos humanos como aprender y razonar.

Machine Learning (ML), una subrama de la IA, se centra en desarrollar modelos computacionales capaces de mejorar su rendimiento con la experienc",2898.29,102.27,2703.24,25,132,48.83,722,8.32,
2026-06-02T17:46:04.804209,exp_b_top_k_top_k=40,phi4-mini:latest,68,"Explica en menos de 100 palabras la diferencia entre Inteligencia Artificial, Ma",0.5,0.75,40,La Inteligencia Artificial (IA) se refiere a sistemas que simulan capacidades humanas como el aprendizaje y la resolución de problemas para realizar tareas con inteligencia. El Aprendizaje Automático es una rama del campo de la IA donde los algoritmos aprenden de datos sin ser explícitamente program,4330.6,113.24,4092.16,25,199,48.63,1057,7.44,
2026-06-02T17:46:08.678992,exp_b_top_k_top_k=40,phi4-mini:latest,69,"Explica en menos de 100 palabras la diferencia entre Inteligencia Artificial, Ma",0.5,0.75,40,"La **Inteligencia Artificial (IA)** es el término general para sistemas que realizan tareas típicamente humanas como pensar, aprender y tener percepción.

El **Machine Learning** es un subconjunto del campo de la IA donde los algoritmos aprenden a partir de datos sin ser explícitamente programados p",3866.21,106.52,3645.26,25,178,48.83,923,7.94,
2026-06-02T17:46:11.952350,exp_b_top_k_top_k=40,phi4-mini:latest,70,"Explica en menos de 100 palabras la diferencia entre Inteligencia Artificial, Ma",0.5,0.75,40,"La **Inteligencia Artificial (IA)** se refiere a sistemas o máquinas capaces de realizar tareas que normalmente requieren inteligencia humana, como el reconocimiento de voz y lenguaje natural.

El **Machine Learning** es una subdisciplina del aprendizaje automático dentro de la IA, donde los algorit",3265.75,100.96,3062.0,25,149,48.66,767,8.81,
2026-06-02T17:46:16.322820,exp_b_top_k_top_k=40,phi4-mini:latest,71,"Explica en menos de 100 palabras la diferencia entre Inteligencia Artificial, Ma",0.5,0.75,40,"La Inteligencia Artificial (IA) es el campo general que estudia las máquinas para realizar tareas que requieren inteligencia humana. El Aprendizaje Automático (Machine Learning o ML), un subconjunto de IA, se refiere al proceso mediante el cual los sistemas aprenden y mejoran su rendimiento con la e",4362.83,101.31,4127.68,25,200,48.45,1031,7.73,
2026-06-02T17:46:18.922482,exp_b_top_k_top_k=40,phi4-mini:latest,72,"Explica en menos de 100 palabras la diferencia entre Inteligencia Artificial, Ma",0.5,0.75,40,"La **Inteligencia Artificial (IA)** se refiere a sistemas que realizan tareas típicamente humanas, como aprender y tomar decisiones.

El **Machine Learning** es una subcampo de la IA donde los algoritmos aprenden de datos para mejorar su rendimiento con el tiempo sin ser explícitamente programados p",2589.78,103.16,2400.04,25,116,48.33,582,8.05,
2026-06-02T17:46:21.252986,exp_b_top_k_top_k=40,phi4-mini:latest,73,"Explica en menos de 100 palabras la diferencia entre Inteligencia Artificial, Ma",0.5,0.75,40,"La **Inteligencia Artificial (IA)** es el conocimiento artificial sobre las computadoras con propósitos específicos.

El **Machine Learning** es una rama del aprendizaje automático donde los algoritmos aprenden a partir de datos para hacer predicciones o tomar decisiones sin ser programados explícit",2322.88,104.02,2140.78,25,105,49.05,544,8.45,
2026-06-02T17:46:23.745564,exp_b_top_k_top_k=40,phi4-mini:latest,74,"Explica en menos de 100 palabras la diferencia entre Inteligencia Artificial, Ma",0.5,0.75,40,"La Inteligencia Artificial (IA) se refiere a las tecnologías que permiten a los sistemas simular funciones humanas como el aprendizaje y la toma de decisiones. El Aprendizaje Automático (Machine Learning - ML), es un subconjunto del IA donde los algoritmos aprenden de datos para mejorar su rendimien",2485.0,102.9,2298.63,25,112,48.72,565,8.27,
2026-06-02T17:46:26.877091,exp_b_top_k_top_k=40,phi4-mini:latest,75,"Explica en menos de 100 palabras la diferencia entre Inteligencia Artificial, Ma",0.5,0.75,40,"La **Inteligencia Artificial (IA)** se refiere al conjunto de tecnologías que permiten a las máquinas simular comportamientos inteligentes como los humanos, incluyendo el procesamiento del lenguaje natural y reconocimiento de voz.

El **Machine Learning** es una rama específica dentro de la IA que p",3123.61,104.17,2923.99,25,143,48.91,770,8.25,
2026-06-02T17:46:29.555075,exp_b_top_k_top_k=40,phi4-mini:latest,76,"Explica en menos de 100 palabras la diferencia entre Inteligencia Artificial, Ma",0.5,0.75,40,"La **Inteligencia Artificial (IA)** se refiere a las sistemas capaces de realizar tareas que requieren inteligencia humana, como el razonamiento y la toma de decisiones.

El **Machine Learning** es una subárea de la IA donde los algoritmos aprenden de datos para mejorar su rendimiento en un tiempo s",2670.09,101.47,2484.86,25,121,48.69,620,7.98,
2026-06-02T17:46:32.088723,exp_b_top_k_top_k=40,phi4-mini:latest,77,"Explica en menos de 100 palabras la diferencia entre Inteligencia Artificial, Ma",0.5,0.75,40,"La Inteligencia Artificial (IA) es el campo general que estudia máquinas capaces de realizar tareas que requieren inteligencia humana. El Aprendizaje Automático (Machine Learning o ML), una rama del IA, implica enseñar a las computadoras a aprender y mejorar realizando tareas sin programar explícita",2526.44,101.63,2343.2,25,114,48.65,614,8.33,
2026-06-02T17:46:34.884110,exp_b_top_k_top_k=40,phi4-mini:latest,78,"Explica en menos de 100 palabras la diferencia entre Inteligencia Artificial, Ma",0.5,0.75,40,"La IA se refiere a sistemas que imitan capacidades cognitivas humanas para realizar tareas como el aprendizaje y la resolución de problemas. El ML es una rama del campo más amplio de la inteligencia artificial donde los algoritmos aprenden con datos sin instrucciones explícitas, mejorando su rendimi",2788.14,102.54,2598.28,25,127,48.88,649,8.09,
2026-06-02T17:46:37.375444,exp_b_top_k_top_k=40,phi4-mini:latest,79,"Explica en menos de 100 palabras la diferencia entre Inteligencia Artificial, Ma",0.5,0.75,40,"La **Inteligencia Artificial (IA)** se refiere al estudio del comportamiento inteligente por parte de los sistemas informáticos y máquinas.

El **Machine Learning (ML)** es una rama de la IA que permite a las computadoras aprender con el tiempo sin ser programadas explícitamente, utilizando datos pa",2483.94,104.65,2298.8,25,113,49.16,580,8.37,
2026-06-02T17:46:40.985809,exp_b_top_k_top_k=40,phi4-mini:latest,80,"Explica en menos de 100 palabras la diferencia entre Inteligencia Artificial, Ma",0.5,0.75,40,"La Inteligencia Artificial (IA) se refiere a las tecnologías capaces de realizar tareas que normalmente requieren inteligencia humana: aprendizaje, percepción, lenguaje y toma de decisiones.

Machine Learning es un subconjunto del campo de la IA donde los sistemas aprenden y mejoran su rendimiento c",3602.73,104.63,3391.46,25,166,48.95,931,8.17,
2026-06-02T17:46:43.377297,exp_b_top_k_top_k=40,phi4-mini:latest,81,"Explica en menos de 100 palabras la diferencia entre Inteligencia Artificial, Ma",0.5,0.75,40,"La Inteligencia Artificial (IA) es el estudio del desarrollo de máquinas capaces de realizar tareas que normalmente requieren inteligencia humana.

Machine Learning (ML), un subconjunto de IA, implica entrenar algoritmos con datos para hacer predicciones o tomar decisiones sin ser explícitamente pro",2384.43,102.16,2204.57,25,108,48.99,573,8.07,
2026-06-02T17:46:46.827454,exp_b_top_k_top_k=40,phi4-mini:latest,82,"Explica en menos de 100 palabras la diferencia entre Inteligencia Artificial, Ma",0.5,0.75,40,"La Inteligencia Artificial (IA) es el campo amplio que se ocupa del desarrollo de sistemas capaces de realizar tareas que requieren inteligencia humana. El Aprendizaje Automático (Machine Learning o ML), una subrama de la IA, implica al sistema aprender y mejorar a través de datos sin ser explícitam",3442.1,107.35,3231.21,25,157,48.59,814,8.17,
2026-06-02T17:46:49.420412,exp_b_top_k_top_k=40,phi4-mini:latest,83,"Explica en menos de 100 palabras la diferencia entre Inteligencia Artificial, Ma",0.5,0.75,40,"La Inteligencia Artificial (IA) es el conjunto general de tecnologías para crear máquinas que imitan funciones humanas. El Machine Learning (ML), un subconjunto del IA, permite a las máquinas aprender de datos y mejorar con experiencias sin ser programadas explícitamente para cada tarea específica. ",2585.67,103.88,2392.37,25,116,48.49,618,8.48,
2026-06-02T17:46:51.713006,exp_b_top_k_top_k=40,phi4-mini:latest,84,"Explica en menos de 100 palabras la diferencia entre Inteligencia Artificial, Ma",0.5,0.75,40,"La IA (Inteligencia Artificial) es el conjunto general de tecnologías que permiten a las máquinas simular comportamientos humanos y realizar tareas complejas.

El ML (Machine Learning) es una rama del campo científico de la IA enfocada en desarrollar algoritmos capaces de aprender de datos, identifi",2283.7,100.04,2108.31,25,103,48.85,549,7.88,
2026-06-02T17:46:54.775443,exp_b_top_k_top_k=40,phi4-mini:latest,85,"Explica en menos de 100 palabras la diferencia entre Inteligencia Artificial, Ma",0.5,0.75,40,"La Inteligencia Artificial (IA) es el conjunto general de tecnologías desarrolladas para simular inteligencia humana y ejecutar tareas que requieren habilidades mentales humanas como aprender, razonar, percibir, comprender lenguaje natural o tomar decisiones.

El Machine Learning (ML), una subcatego",3054.74,105.14,2856.08,25,140,49.02,749,8.27,
2026-06-02T17:46:57.564887,exp_b_top_k_top_k=40,phi4-mini:latest,86,"Explica en menos de 100 palabras la diferencia entre Inteligencia Artificial, Ma",0.5,0.75,40,"La **Inteligencia Artificial (IA)** se refiere a sistemas capaces de realizar tareas que requieren inteligencia humana como el razonamiento y la percepción del entorno.

El **Machine Learning** es una rama de la IA donde los algoritmos aprenden con datos para hacer predicciones o tomar decisiones si",2782.54,102.6,2592.87,25,127,48.98,646,8.34,
2026-06-02T17:46:59.666402,exp_b_top_k_top_k=40,phi4-mini:latest,87,"Explica en menos de 100 palabras la diferencia entre Inteligencia Artificial, Ma",0.5,0.75,40,"La Inteligencia Artificial (IA) se refiere a sistemas que pueden realizar tareas para simular inteligencia humana. El Machine Learning es una rama del aprendizaje automático donde los algoritmos aprenden a partir de datos sin codificación explícita; mejora con más información. La IA Generativa, por ",2093.67,100.98,1921.62,25,94,48.92,496,8.56,
2026-06-02T17:47:02.043101,exp_b_top_k_top_k=40,phi4-mini:latest,88,"Explica en menos de 100 palabras la diferencia entre Inteligencia Artificial, Ma",0.5,0.75,40,La Inteligencia Artificial (IA) se refiere al diseño de sistemas capaces de realizar tareas que normalmente requieren inteligencia humana. El Machine Learning es un subcampo de la IA donde los algoritmos aprenden a partir del datos sin instrucciones explícitas; pueden reconocer patrones y tomar deci,2369.02,101.1,2187.84,25,106,48.45,564,8.11,
2026-06-02T17:47:06.390675,exp_b_top_k_top_k=40,phi4-mini:latest,89,"Explica en menos de 100 palabras la diferencia entre Inteligencia Artificial, Ma",0.5,0.75,40,"La Inteligencia Artificial (IA) es el estudio del diseño y desarrollo de máquinas capaces de realizar tareas que normalmente requieren inteligencia humana.

El Aprendizaje Automático (Machine Learning - ML), una rama de la IA, se centra en crear algoritmos que pueden aprender a partir de datos sin s",4338.39,102.88,4108.02,25,200,48.69,1093,8.16,
2026-06-02T17:47:09.333050,exp_b_top_k_top_k=40,phi4-mini:latest,90,"Explica en menos de 100 palabras la diferencia entre Inteligencia Artificial, Ma",0.5,0.75,40,"La Inteligencia Artificial (IA) es el término general para sistemas que pueden realizar tareas típicamente humanas, como pensar, aprender y tomar decisiones.

Machine Learning (ML), una rama del aprendizaje automático dentro de la IA, se refiere a algoritmos capaces de mejorar su rendimiento con exp",2931.0,102.74,2736.72,25,133,48.6,726,8.55,
2026-06-02T17:47:11.975743,exp_b_top_k_top_k=40,phi4-mini:latest,91,"Explica en menos de 100 palabras la diferencia entre Inteligencia Artificial, Ma",0.5,0.75,40,La Inteligencia Artificial (IA) se refiere al conjunto general de tecnologías que permiten a las máquinas simular comportamientos inteligentes similares a los humanos. El Aprendizaje Automático es un subconjunto del campo de la IA donde el sistema aprende y mejora su rendimiento sin ser explícitamen,2633.01,103.91,2444.56,25,119,48.68,639,7.87,
2026-06-02T17:47:14.486194,exp_b_top_k_top_k=40,phi4-mini:latest,92,"Explica en menos de 100 palabras la diferencia entre Inteligencia Artificial, Ma",0.5,0.75,40,"La Inteligencia Artificial (IA) es el término general para sistemas que realizan tareas típicas del intelecto humano, como pensar, aprender y resolver problemas.

Machine Learning (ML), una rama de la IA, se refiere a algoritmos que aprenden de datos, mejoran su rendimiento con el tiempo sin ser exp",2503.08,104.23,2317.02,25,113,48.77,571,8.05,
2026-06-02T17:47:17.450918,exp_b_top_k_top_k=40,phi4-mini:latest,93,"Explica en menos de 100 palabras la diferencia entre Inteligencia Artificial, Ma",0.5,0.75,40,La **Inteligencia Artificial (IA)** se refiere a sistemas o máquinas que imitan capacidades cognitivas humanas como aprender y resolver problemas. El **Machine Learning** es una rama del aprendizaje automático donde los algoritmos aprenden de datos para realizar tareas sin ser explícitamente program,2956.51,109.23,2754.79,25,134,48.64,732,8.45,
2026-06-02T17:47:19.944371,exp_b_top_k_top_k=40,phi4-mini:latest,94,"Explica en menos de 100 palabras la diferencia entre Inteligencia Artificial, Ma",0.5,0.75,40,"La **Inteligencia Artificial (IA)** es el campo general que trata con sistemas inteligentes capaces de imitar comportamientos humanos.

El **Machine Learning** se encarga del subcampo dentro de la IA donde los algoritmos aprenden y mejoran a partir de datos sin ser explícitamente programados para un",2486.01,104.35,2300.04,25,112,48.69,563,8.1,
2026-06-02T17:47:23.129348,exp_b_top_k_top_k=40,phi4-mini:latest,95,"Explica en menos de 100 palabras la diferencia entre Inteligencia Artificial, Ma",0.5,0.75,40,"La Inteligencia Artificial (IA) es el campo general que implica crear máquinas capaces de realizar tareas típicamente humanas como pensar y aprender. El Aprendizaje Automático (Machine Learning - ML) es una subrama de la IA donde los sistemas aprenden a partir del datos, mejorando su rendimiento con",3177.55,104.9,2970.4,25,144,48.48,711,8.22,
2026-06-02T17:47:26.579221,exp_b_top_k_top_k=40,phi4-mini:latest,96,"Explica en menos de 100 palabras la diferencia entre Inteligencia Artificial, Ma",0.5,0.75,40,"La **Inteligencia Artificial (IA)** se refiere al diseño y desarrollo de sistemas capaces de realizar tareas que normalmente requieren inteligencia humana, como el razonamiento, la percepción o las emociones.

El **Machine Learning** es una subpágina de la IA donde los algoritmos aprenden a partir d",3441.28,104.65,3231.98,25,157,48.58,804,7.79,
2026-06-02T17:47:30.758607,exp_b_top_k_top_k=40,phi4-mini:latest,97,"Explica en menos de 100 palabras la diferencia entre Inteligencia Artificial, Ma",0.5,0.75,40,"La Inteligencia Artificial (IA) se refiere a sistemas capaces de realizar tareas que normalmente requieren inteligencia humana, como el razonamiento y la toma de decisiones.

Machine Learning es una subcampo de la IA donde los algoritmos aprenden de datos para mejorar su rendimiento con cada instanc",4171.73,103.25,3946.89,25,192,48.65,1010,7.87,
2026-06-02T17:47:34.304978,exp_b_top_k_top_k=40,phi4-mini:latest,98,"Explica en menos de 100 palabras la diferencia entre Inteligencia Artificial, Ma",0.5,0.75,40,"La IA se refiere a sistemas capaces de realizar tareas que normalmente requieren inteligencia humana, como el reconocimiento de voz o lenguaje natural.

El Machine Learning es una rama del aprendizaje automático donde los algoritmos aprenden de datos y mejoran su rendimiento con cada nuevo experimen",3538.74,103.55,3330.75,25,163,48.94,904,8.22,
2026-06-02T17:47:37.001538,exp_b_top_k_top_k=40,phi4-mini:latest,99,"Explica en menos de 100 palabras la diferencia entre Inteligencia Artificial, Ma",0.5,0.75,40,"La **Inteligencia Artificial (IA)** es el campo general que busca crear máquinas capaces de realizar tareas que normalmente requieren inteligencia humana.

El **Machine Learning (ML)** es una subrama de la IA enfocada en desarrollar algoritmos que aprenden y mejoran su desempeño con la experiencia, ",2689.66,103.22,2502.21,25,123,49.16,647,8.11,
2026-06-02T17:47:40.801065,exp_b_top_k_top_k=40,phi4-mini:latest,100,"Explica en menos de 100 palabras la diferencia entre Inteligencia Artificial, Ma",0.5,0.75,40,"La IA se refiere a sistemas que pueden realizar tareas que requieren inteligencia humana, como el reconocimiento de voz o lenguaje natural. El ML es un subconjunto del campo más amplio de IA y implica entrenar algoritmos con datos para hacer predicciones o tomar decisiones sin ser explícitamente pro",3791.56,105.96,3575.09,25,175,48.95,963,8.41,
2026-06-02T17:47:45.144074,exp_b_top_k_top_k=80,phi4-mini:latest,1,"Explica en menos de 100 palabras la diferencia entre Inteligencia Artificial, Ma",0.5,0.75,80,"La **Inteligencia Artificial (IA)** es el campo general que se ocupa del desarrollo de máquinas capaces de realizar tareas típicamente humanas, como pensar, aprender y comprender.

El **Machine Learning** es una subrama de la IA que implica alinear algoritmos con grandes conjuntos de datos para crea",4333.57,106.86,4100.12,25,200,48.78,1038,8.31,
2026-06-02T17:47:49.107836,exp_b_top_k_top_k=80,phi4-mini:latest,2,"Explica en menos de 100 palabras la diferencia entre Inteligencia Artificial, Ma",0.5,0.75,80,La IA se refiere al conocimiento artificial general y a sistemas capaces de realizar tareas que requieren inteligencia humana. El aprendizaje automático (ML) es una subcategoría del campo más amplio de la IA; involucra algoritmos que aprenden de datos para tomar decisiones o hacer predicciones sin s,3951.9,104.14,3728.87,25,181,48.54,917,7.65,
2026-06-02T17:47:51.843390,exp_b_top_k_top_k=80,phi4-mini:latest,3,"Explica en menos de 100 palabras la diferencia entre Inteligencia Artificial, Ma",0.5,0.75,80,"La **Inteligencia Artificial (IA)** se refiere a sistemas inteligentes que imitan comportamientos humanos con fines específicos, como el reconocimiento de voz o imágenes.

El **Machine Learning** es un subcampo de la IA donde los algoritmos aprenden y mejoran su rendimiento automáticamente mediante ",2726.84,104.7,2527.38,25,123,48.67,668,7.96,
2026-06-02T17:47:54.854784,exp_b_top_k_top_k=80,phi4-mini:latest,4,"Explica en menos de 100 palabras la diferencia entre Inteligencia Artificial, Ma",0.5,0.75,80,"La Inteligencia Artificial (IA) es el conjunto amplio de tecnologías que permiten a las máquinas simular comportamientos inteligentes como los humanos.

El Aprendizaje Automático (Machine Learning o ML), un subconjunto del campo de la IA, se refiere al proceso mediante el cual sistemas computacional",3002.16,102.19,2802.2,25,136,48.53,741,8.21,
2026-06-02T17:47:59.251406,exp_b_top_k_top_k=80,phi4-mini:latest,5,"Explica en menos de 100 palabras la diferencia entre Inteligencia Artificial, Ma",0.5,0.75,80,"La Inteligencia Artificial (IA) se refiere al conjunto de tecnologías que permiten a los sistemas simular comportamientos inteligentes humanos, como el razonamiento y aprendizaje.

Machine Learning es un subconjunto del campo más amplio de la IA; implica desarrollar modelos computacionales capaces d",4386.86,101.75,4145.25,25,200,48.25,1086,8.21,
2026-06-02T17:48:01.706961,exp_b_top_k_top_k=80,phi4-mini:latest,6,"Explica en menos de 100 palabras la diferencia entre Inteligencia Artificial, Ma",0.5,0.75,80,"La Inteligencia Artificial (IA) es el estudio del desarrollo y las aplicaciones de máquinas que realizan tareas típicamente humanas, como reconocer lenguaje natural o tomar decisiones.

El Aprendizaje Automático (Machine Learning), una rama de la IA, implica a los sistemas aprender de datos sin inst",2447.5,101.65,2266.43,25,111,48.98,611,8.63,
2026-06-02T17:48:05.006594,exp_b_top_k_top_k=80,phi4-mini:latest,7,"Explica en menos de 100 palabras la diferencia entre Inteligencia Artificial, Ma",0.5,0.75,80,"La **Inteligencia Artificial (IA)** se refiere a sistemas capaces de realizar tareas que normalmente requieren inteligencia humana, como el razonamiento y aprender.

El **Machine Learning** es una rama del campo de la IA donde los algoritmos aprenden con datos para mejorar su rendimiento en tareas e",3291.99,101.52,3088.81,25,150,48.56,806,8.15,
2026-06-02T17:48:07.851988,exp_b_top_k_top_k=80,phi4-mini:latest,8,"Explica en menos de 100 palabras la diferencia entre Inteligencia Artificial, Ma",0.5,0.75,80,"La **Inteligencia Artificial (IA)** se refiere a sistemas capaces de realizar tareas que requieren inteligencia humana como el razonamiento y el aprendizaje.

El **Machine Learning** es una subcampo de la IA donde los algoritmos aprenden de datos para tomar decisiones o predicciones sin ser explícit",2836.58,100.1,2643.72,25,128,48.42,663,8.21,
2026-06-02T17:48:10.499223,exp_b_top_k_top_k=80,phi4-mini:latest,9,"Explica en menos de 100 palabras la diferencia entre Inteligencia Artificial, Ma",0.5,0.75,80,"La **Inteligencia Artificial (IA)** es el campo amplio que se ocupa del desarrollo de sistemas capaces de realizar tareas que normalmente requieren inteligencia humana.

El **Machine Learning (ML)** es una subrama de la IA que permite a los algoritmos aprender y mejorar con la experiencia, identific",2639.27,104.52,2449.32,25,120,48.99,625,8.32,
2026-06-02T17:48:14.879838,exp_b_top_k_top_k=80,phi4-mini:latest,10,"Explica en menos de 100 palabras la diferencia entre Inteligencia Artificial, Ma",0.5,0.75,80,"La **Inteligencia Artificial (IA)** se refiere al conjunto de tecnologías que permiten a las máquinas simular comportamientos inteligentes similares a los humanos, como el razonamiento y el aprendizaje.

El **Machine Learning** es un subcampo de la IA donde algoritmos aprenden automáticamente del da",4371.34,109.86,4132.3,25,200,48.4,1054,8.25,
2026-06-02T17:48:18.540325,exp_b_top_k_top_k=80,phi4-mini:latest,11,"Explica en menos de 100 palabras la diferencia entre Inteligencia Artificial, Ma",0.5,0.75,80,"La Inteligencia Artificial (IA) se refiere al conocimiento artificial y a los sistemas capaces de realizar tareas que normalmente requieren inteligencia humana.

El Aprendizaje Automático (Machine Learning - ML) es un subcampo de la IA donde el sistema aprende a partir del datos para mejorar su rend",3652.09,104.07,3439.3,25,168,48.85,892,7.78,
2026-06-02T17:48:20.937725,exp_b_top_k_top_k=80,phi4-mini:latest,12,"Explica en menos de 100 palabras la diferencia entre Inteligencia Artificial, Ma",0.5,0.75,80,"La **Inteligencia Artificial (IA)** es el conjunto general de sistemas capaces de realizar tareas que requieren inteligencia humana como el razonamiento y el aprendizaje.

El **Machine Learning** es un subcampo de la IA donde los algoritmos aprenden a partir del datos sin ser explícitamente programa",2390.08,100.83,2211.51,25,109,49.29,564,8.34,
2026-06-02T17:48:23.381942,exp_b_top_k_top_k=80,phi4-mini:latest,13,"Explica en menos de 100 palabras la diferencia entre Inteligencia Artificial, Ma",0.5,0.75,80,"La Inteligencia Artificial (IA) se refiere a sistemas que pueden realizar tareas con inteligencia humana, como el aprendizaje y el razonamiento.

El Machine Learning es un subconjunto de la IA donde los algoritmos aprenden de datos para tomar decisiones o predicciones sin ser explícitamente programa",2436.37,105.16,2249.56,25,110,48.9,574,8.66,
2026-06-02T17:48:25.787516,exp_b_top_k_top_k=80,phi4-mini:latest,14,"Explica en menos de 100 palabras la diferencia entre Inteligencia Artificial, Ma",0.5,0.75,80,"La Inteligencia Artificial (IA) es el conjunto general de tecnologías que permiten a las máquinas simular comportamientos inteligentes. El Machine Learning (ML), un subconjunto del IA, implica al aprendizaje automático donde los algoritmos aprenden y mejoran con la experiencia sin ser explícitamente",2398.55,104.23,2215.04,25,109,49.21,587,8.49,
2026-06-02T17:48:29.138720,exp_b_top_k_top_k=80,phi4-mini:latest,15,"Explica en menos de 100 palabras la diferencia entre Inteligencia Artificial, Ma",0.5,0.75,80,"La Inteligencia Artificial (IA) es el conjunto general de tecnologías que permiten a las máquinas realizar tareas que normalmente requieren inteligencia humana.

El Aprendizaje Automático (Machine Learning o ML) es una subcampo de la IA donde los sistemas aprenden con experiencia sin ser explícitame",3343.82,103.63,3139.15,25,154,49.06,827,8.24,
2026-06-02T17:48:32.263940,exp_b_top_k_top_k=80,phi4-mini:latest,16,"Explica en menos de 100 palabras la diferencia entre Inteligencia Artificial, Ma",0.5,0.75,80,"La **Inteligencia Artificial (IA)** se refiere a sistemas capaces de realizar tareas que normalmente requieren inteligencia humana, como el razonamiento y las decisiones.

El **Machine Learning (ML)** es una subcampo de la IA donde los algoritmos aprenden con datos para mejorar su rendimiento en tar",3117.63,101.96,2920.46,25,143,48.96,766,8.42,
2026-06-02T17:48:35.992563,exp_b_top_k_top_k=80,phi4-mini:latest,17,"Explica en menos de 100 palabras la diferencia entre Inteligencia Artificial, Ma",0.5,0.75,80,"La **Inteligencia Artificial (IA)** se refiere al conjunto de tecnologías que permiten a las máquinas simular comportamientos inteligentes como los humanos, realizando tareas como el aprendizaje y la resolución de problemas.

El **Machine Learning** es un subconjunto del campo de la IA donde los sis",3721.08,101.93,3510.3,25,172,49.0,943,7.95,
2026-06-02T17:48:39.590724,exp_b_top_k_top_k=80,phi4-mini:latest,18,"Explica en menos de 100 palabras la diferencia entre Inteligencia Artificial, Ma",0.5,0.75,80,La **Inteligencia Artificial (IA)** se refiere a sistemas que realizan tareas típicas del cerebro humano como el razonamiento y aprender con ejemplos. El **Machine Learning** es una rama de la IA donde los algoritmos aprenden automáticamente identificando patrones en datos sin ser explícitamente pro,3590.37,103.68,3377.86,25,165,48.85,860,8.05,
2026-06-02T17:48:42.400869,exp_b_top_k_top_k=80,phi4-mini:latest,19,"Explica en menos de 100 palabras la diferencia entre Inteligencia Artificial, Ma",0.5,0.75,80,"La **Inteligencia Artificial (IA)** es el estudio de las máquinas capaces de realizar tareas que requieren inteligencia humana, como el razonamiento y aprender.

El **Machine Learning** es un subconjunto de la IA donde los algoritmos aprenden a partir del datos sin ser explícitamente programados par",2802.87,103.65,2609.83,25,128,49.05,697,8.59,
2026-06-02T17:48:46.732964,exp_b_top_k_top_k=80,phi4-mini:latest,20,"Explica en menos de 100 palabras la diferencia entre Inteligencia Artificial, Ma",0.5,0.75,80,La Inteligencia Artificial (IA) es el campo general que busca crear máquinas capaces de realizar tareas que normalmente requieren inteligencia humana. El Aprendizaje Automático (Machine Learning o ML) se trata del subcampo dentro de la IA donde los sistemas aprenden y mejoran su rendimiento con la e,4323.57,103.73,4095.48,25,200,48.83,1053,8.16,
2026-06-02T17:48:49.772578,exp_b_top_k_top_k=80,phi4-mini:latest,21,"Explica en menos de 100 palabras la diferencia entre Inteligencia Artificial, Ma",0.5,0.75,80,"La Inteligencia Artificial (IA) es el conjunto amplio de tecnologías que permiten a los sistemas simular inteligencia humana para realizar tareas sin intervención directa del humano.

Machine Learning (ML), un subconjunto de IA, se refiere al aprendizaje automático donde los algoritmos aprenden y me",3031.77,103.91,2834.66,25,139,49.04,776,8.26,
2026-06-02T17:48:52.917800,exp_b_top_k_top_k=80,phi4-mini:latest,22,"Explica en menos de 100 palabras la diferencia entre Inteligencia Artificial, Ma",0.5,0.75,80,"La Inteligencia Artificial (IA) se refiere a sistemas que pueden realizar tareas típicas del razonamiento humano como aprender, percibir y comprender el lenguaje natural.

Machine Learning es una rama de la IA donde los algoritmos aprenden de datos para hacer predicciones o tomar decisiones sin ser ",3137.44,102.46,2938.31,25,144,49.01,784,8.36,
2026-06-02T17:48:55.811310,exp_b_top_k_top_k=80,phi4-mini:latest,23,"Explica en menos de 100 palabras la diferencia entre Inteligencia Artificial, Ma",0.5,0.75,80,"La Inteligencia Artificial (IA) es el conjunto general de sistemas capaces de realizar tareas que normalmente requieren inteligencia humana, como el razonamiento y el aprendizaje.

El Aprendizaje Automático (Machine Learning o ML), una rama de la IA, se refiere a algoritmos diseñados para mejorar co",2885.95,103.42,2692.53,25,132,49.02,684,8.52,
2026-06-02T17:48:58.576624,exp_b_top_k_top_k=80,phi4-mini:latest,24,"Explica en menos de 100 palabras la diferencia entre Inteligencia Artificial, Ma",0.5,0.75,80,"La Inteligencia Artificial (IA) es el amplio campo que busca crear máquinas capaces de realizar tareas que requieren inteligencia humana. El Aprendizaje Automático (Machine Learning o ML), una rama del IA, permite a las máquinas aprender de datos para tomar decisiones sin ser programadas explícitame",2756.9,105.22,2564.75,25,126,49.13,690,8.48,
2026-06-02T17:49:01.655106,exp_b_top_k_top_k=80,phi4-mini:latest,25,"Explica en menos de 100 palabras la diferencia entre Inteligencia Artificial, Ma",0.5,0.75,80,La Inteligencia Artificial (IA) es el campo amplio que estudia sistemas capaces de realizar tareas que requieren inteligencia humana como razonamiento y aprendizaje. El Aprendizaje Automático (Machine Learning o ML) es una subrama del IA donde los algoritmos aprenden de datos para mejorar su rendimi,3065.83,103.57,2860.14,25,137,47.9,718,8.38,
2026-06-02T17:49:06.062519,exp_b_top_k_top_k=80,phi4-mini:latest,26,"Explica en menos de 100 palabras la diferencia entre Inteligencia Artificial, Ma",0.5,0.75,80,"La **Inteligencia Artificial (IA)** es el campo general que estudia y crea máquinas capaces de realizar tareas que normalmente requieren inteligencia humana.

El **Machine Learning (ML)** es una subrama del IA donde los sistemas aprenden a partir de datos para tomar decisiones o realizar tareas sin ",4398.1,115.75,4151.9,25,200,48.17,1057,8.2,
2026-06-02T17:49:10.426248,exp_b_top_k_top_k=80,phi4-mini:latest,27,"Explica en menos de 100 palabras la diferencia entre Inteligencia Artificial, Ma",0.5,0.75,80,"La Inteligencia Artificial (IA) se refiere a sistemas que realizan tareas típicas de seres humanos como el razonamiento y aprendizaje. El Aprendizaje Automático es una rama del campo científico de la inteligencia artificial; involucra algoritmos con los cuales las máquinas aprenden automáticamente, ",4356.2,102.72,4124.34,25,200,48.49,1069,7.45,
2026-06-02T17:49:14.326337,exp_b_top_k_top_k=80,phi4-mini:latest,28,"Explica en menos de 100 palabras la diferencia entre Inteligencia Artificial, Ma",0.5,0.75,80,"La Inteligencia Artificial (IA) es el campo general que trata sobre crear máquinas capaces de realizar tareas que normalmente requieren inteligencia humana.

El Aprendizaje Automático (ML), una rama del IA, implica entrenar a las computadoras para aprender patrones y tomar decisiones sin ser program",3892.25,101.83,3673.49,25,179,48.73,975,7.63,
2026-06-02T17:49:17.364996,exp_b_top_k_top_k=80,phi4-mini:latest,29,"Explica en menos de 100 palabras la diferencia entre Inteligencia Artificial, Ma",0.5,0.75,80,"La Inteligencia Artificial (IA) es el campo general que busca crear máquinas capaces de realizar tareas que normalmente requieren inteligencia humana.

Machine Learning (ML), una rama del IA, se centra en desarrollar algoritmos con los cuales las máquinas pueden aprender y mejorar a partir de datos ",3029.92,104.71,2829.03,25,138,48.78,747,8.41,
2026-06-02T17:49:20.402670,exp_b_top_k_top_k=80,phi4-mini:latest,30,"Explica en menos de 100 palabras la diferencia entre Inteligencia Artificial, Ma",0.5,0.75,80,"La Inteligencia Artificial (IA) es el concepto general para crear máquinas que puedan realizar tareas típicas de humanos con inteligencia y habilidades como aprendizaje, razonamiento y resolución de problemas.

El Aprendizaje Automático (Machine Learning o ML), una rama del IA, implica a las computa",3030.28,104.78,2830.86,25,138,48.75,765,8.13,
2026-06-02T17:49:23.035514,exp_b_top_k_top_k=80,phi4-mini:latest,31,"Explica en menos de 100 palabras la diferencia entre Inteligencia Artificial, Ma",0.5,0.75,80,"La **Inteligencia Artificial (IA)** se refiere a las sistemas capaces de realizar tareas que normalmente requieren inteligencia humana, como el reconocimiento de voz o imágenes.

El **Machine Learning** es una rama del aprendizaje automático donde los algoritmos aprenden y mejoran mediante la experi",2622.92,105.94,2431.5,25,119,48.94,670,8.56,
2026-06-02T17:49:25.758317,exp_b_top_k_top_k=80,phi4-mini:latest,32,"Explica en menos de 100 palabras la diferencia entre Inteligencia Artificial, Ma",0.5,0.75,80,"La **Inteligencia Artificial (IA)** es el conjunto general de sistemas capaces de realizar tareas que normalmente requieren inteligencia humana.

El **Machine Learning** es una subrama de la IA donde los algoritmos aprenden y mejoran a través del análisis de datos sin ser explícitamente programados ",2714.71,104.64,2518.84,25,122,48.43,665,8.36,
2026-06-02T17:49:28.800105,exp_b_top_k_top_k=80,phi4-mini:latest,33,"Explica en menos de 100 palabras la diferencia entre Inteligencia Artificial, Ma",0.5,0.75,80,"La Inteligencia Artificial (IA) se refiere a sistemas que pueden realizar tareas típicamente humanas como aprender y razonar, con el objetivo de simular comportamientos inteligentes. El Aprendizaje Automático es una rama del campo más amplio de la inteligencia artificial; involucra al sistema aprend",3033.93,99.97,2837.7,25,138,48.63,724,7.74,
2026-06-02T17:49:31.181682,exp_b_top_k_top_k=80,phi4-mini:latest,34,"Explica en menos de 100 palabras la diferencia entre Inteligencia Artificial, Ma",0.5,0.75,80,"La Inteligencia Artificial (IA) se refiere al conjunto de tecnologías que permiten a las máquinas simular comportamientos inteligentes como humanos. El Aprendizaje Automático (Machine Learning, ML), es un subconjunto del campo más amplio de IA; implica entrenar algoritmos con datos para hacer predic",2372.25,105.94,2187.72,25,107,48.91,560,8.31,
2026-06-02T17:49:33.752802,exp_b_top_k_top_k=80,phi4-mini:latest,35,"Explica en menos de 100 palabras la diferencia entre Inteligencia Artificial, Ma",0.5,0.75,80,"La **Inteligencia Artificial (IA)** se refiere a sistemas capaces de realizar tareas que requieren inteligencia humana como el aprendizaje, resolución de problemas y toma de decisiones.

El **Machine Learning (ML)** es una subcampo de la IA donde los algoritmos aprenden automáticamente de datos sin ",2563.67,102.3,2379.74,25,117,49.17,635,8.32,
2026-06-02T17:49:36.237877,exp_b_top_k_top_k=80,phi4-mini:latest,36,"Explica en menos de 100 palabras la diferencia entre Inteligencia Artificial, Ma",0.5,0.75,80,"La Inteligencia Artificial (IA) se refiere a las máquinas que pueden realizar tareas que requieren inteligencia humana como el aprendizaje, razonamiento y percepción del entorno. El Aprendizaje Automático (Machine Learning o ML), es un subcampo de la IA donde los sistemas aprenden a partir de datos ",2477.92,103.44,2294.35,25,113,49.25,592,8.32,
2026-06-02T17:49:38.766573,exp_b_top_k_top_k=80,phi4-mini:latest,37,"Explica en menos de 100 palabras la diferencia entre Inteligencia Artificial, Ma",0.5,0.75,80,"La Inteligencia Artificial (IA) es el campo que estudia las máquinas capaces de realizar tareas con inteligencia humana.

El Aprendizaje Automático (Machine Learning), una rama del ámbito más amplio de la IA, se refiere al proceso mediante el cual los sistemas computacionales aprenden y mejoran su r",2521.68,103.35,2337.09,25,115,49.21,599,8.33,
2026-06-02T17:49:41.572946,exp_b_top_k_top_k=80,phi4-mini:latest,38,"Explica en menos de 100 palabras la diferencia entre Inteligencia Artificial, Ma",0.5,0.75,80,"La **Inteligencia Artificial (IA)** se refiere a sistemas que realizan tareas típicas del intelecto humano: como el razonamiento, aprender y comprender el lenguaje natural.

El **Machine Learning** es un subconjunto de la IA donde los algoritmos aprenden con datos para mejorar su rendimiento en una ",2798.38,103.34,2604.34,25,127,48.76,684,8.66,
2026-06-02T17:49:45.957831,exp_b_top_k_top_k=80,phi4-mini:latest,39,"Explica en menos de 100 palabras la diferencia entre Inteligencia Artificial, Ma",0.5,0.75,80,"La Inteligencia Artificial (IA) se refiere a sistemas capaces de realizar tareas que normalmente requieren inteligencia humana, como el reconocimiento de voz o lenguaje natural.

El Aprendizaje Automático (Machine Learning) es un subconjunto del campo de la IA donde los algoritmos aprenden y mejoran",4376.53,104.03,4141.38,25,200,48.29,1083,8.18,
2026-06-02T17:49:50.282683,exp_b_top_k_top_k=80,phi4-mini:latest,40,"Explica en menos de 100 palabras la diferencia entre Inteligencia Artificial, Ma",0.5,0.75,80,"La **Inteligencia Artificial (IA)** se refiere a sistemas que realizan tareas típicas del cerebro humano: aprender, reconocer patrones, entender el lenguaje natural y tomar decisiones.

El **Machine Learning** es una rama de la IA enfocada en desarrollar algoritmos capaces de mejorar con la experien",4316.88,102.97,4086.96,25,200,48.94,1083,8.27,
2026-06-02T17:49:52.481434,exp_b_top_k_top_k=80,phi4-mini:latest,41,"Explica en menos de 100 palabras la diferencia entre Inteligencia Artificial, Ma",0.5,0.75,80,"La Inteligencia Artificial (IA) es el campo general enfocado en crear máquinas capaces de realizar tareas que normalmente requieren inteligencia humana. El Machine Learning (ML), una rama del IA, implica entrenar algoritmos con datos para aprender y mejorar sin codificación explícita; busca patrones",2190.72,102.79,2014.65,25,99,49.14,528,8.08,
2026-06-02T17:49:55.915106,exp_b_top_k_top_k=80,phi4-mini:latest,42,"Explica en menos de 100 palabras la diferencia entre Inteligencia Artificial, Ma",0.5,0.75,80,"La Inteligencia Artificial (IA) se refiere a sistemas capaces de realizar tareas que normalmente requieren inteligencia humana, como el razonamiento y la toma de decisiones.

Machine Learning es una rama del campo más amplio de la IA, donde los algoritmos aprenden con datos para mejorar su rendimien",3424.5,104.9,3214.3,25,157,48.84,840,7.69,
2026-06-02T17:49:58.670532,exp_b_top_k_top_k=80,phi4-mini:latest,43,"Explica en menos de 100 palabras la diferencia entre Inteligencia Artificial, Ma",0.5,0.75,80,"La Inteligencia Artificial (IA) es el término general para tecnologías computacionales que imitan habilidades humanas como aprender y razonar.

El Aprendizaje Automático (Machine Learning - ML) es una rama del campo de la IA donde los sistemas aprenden a partir de datos, mejorando su rendimiento con",2743.9,123.87,2532.76,25,123,48.56,643,8.59,
2026-06-02T17:50:01.919459,exp_b_top_k_top_k=80,phi4-mini:latest,44,"Explica en menos de 100 palabras la diferencia entre Inteligencia Artificial, Ma",0.5,0.75,80,"La **Inteligencia Artificial (IA)** es el campo del conocimiento que trata sobre crear máquinas capaces de realizar tareas que normalmente requieren inteligencia humana.

El **Machine Learning** es una rama dentro de la IA donde los sistemas aprenden a partir de datos para mejorar su rendimiento en ",3240.28,101.4,3037.82,25,148,48.72,826,7.86,
2026-06-02T17:50:05.659171,exp_b_top_k_top_k=80,phi4-mini:latest,45,"Explica en menos de 100 palabras la diferencia entre Inteligencia Artificial, Ma",0.5,0.75,80,"La **Inteligencia Artificial (IA)** se refiere a sistemas capaces de realizar tareas que normalmente requieren inteligencia humana, como el reconocimiento de voz o lenguaje natural.

El **Machine Learning** es una subdisciplina de la IA donde los algoritmos aprenden de datos para hacer predicciones ",3718.85,105.07,3475.07,25,164,47.19,857,8.71,
2026-06-02T17:50:08.622870,exp_b_top_k_top_k=80,phi4-mini:latest,46,"Explica en menos de 100 palabras la diferencia entre Inteligencia Artificial, Ma",0.5,0.75,80,"La Inteligencia Artificial (IA) es el campo general que busca crear máquinas capaces de realizar tareas típicamente humanas, como pensar, aprender y resolver problemas.

El Aprendizaje Automático (ML), una rama del IA, implica desarrollar algoritmos para permitir a las máquinas aprender con los dato",2954.64,117.26,2737.68,25,132,48.22,709,7.97,
2026-06-02T17:50:11.098974,exp_b_top_k_top_k=80,phi4-mini:latest,47,"Explica en menos de 100 palabras la diferencia entre Inteligencia Artificial, Ma",0.5,0.75,80,"La Inteligencia Artificial (IA) se refiere a sistemas capaces de realizar tareas que normalmente requieren inteligencia humana, como el razonamiento y aprender con experiencias.

Machine Learning es una rama del campo de la IA donde los algoritmos aprenden a partir de datos para tomar decisiones o p",2467.53,103.72,2274.32,25,109,47.93,613,8.63,
2026-06-02T17:50:14.264996,exp_b_top_k_top_k=80,phi4-mini:latest,48,"Explica en menos de 100 palabras la diferencia entre Inteligencia Artificial, Ma",0.5,0.75,80,"La Inteligencia Artificial (IA) se refiere a sistemas capaces de realizar tareas que normalmente requieren inteligencia humana. El Machine Learning es una subcampo del IA donde los algoritmos aprenden y mejoran con el tiempo sin instrucciones explícitas, usando datos para predecir resultados futuros",3157.6,104.01,2948.44,25,143,48.5,771,8.14,
2026-06-02T17:50:17.444753,exp_b_top_k_top_k=80,phi4-mini:latest,49,"Explica en menos de 100 palabras la diferencia entre Inteligencia Artificial, Ma",0.5,0.75,80,"La **Inteligencia Artificial (IA)** se refiere a sistemas que realizan tareas típicas del cerebro humano como el aprendizaje, razonamiento y percepción. El **Machine Learning** es un subconjunto de la IA donde los algoritmos aprenden a partir de datos para mejorar su rendimiento con el tiempo sin se",3170.02,101.93,2968.72,25,145,48.84,749,8.38,
2026-06-02T17:50:20.425071,exp_b_top_k_top_k=80,phi4-mini:latest,50,"Explica en menos de 100 palabras la diferencia entre Inteligencia Artificial, Ma",0.5,0.75,80,"La Inteligencia Artificial (IA) es el campo general que se ocupa del desarrollo de sistemas capaces de realizar tareas que normalmente requieren inteligencia humana. El Aprendizaje Automático (Machine Learning, ML) es una rama dentro de la IA enfocada en desarrollar algoritmos para permitir a las má",2972.1,104.8,2771.13,25,135,48.72,709,8.52,
2026-06-02T17:50:23.317474,exp_b_top_k_top_k=80,phi4-mini:latest,51,"Explica en menos de 100 palabras la diferencia entre Inteligencia Artificial, Ma",0.5,0.75,80,"La **Inteligencia Artificial (IA)** es el campo del conocimiento computacional que busca crear máquinas capaces de realizar tareas que normalmente requieren inteligencia humana.

El **Machine Learning** es una subrama de la IA donde los sistemas aprenden a partir de datos y mejoran su rendimiento co",2884.45,103.78,2671.36,25,129,48.29,689,7.95,
2026-06-02T17:50:27.652547,exp_b_top_k_top_k=80,phi4-mini:latest,52,"Explica en menos de 100 palabras la diferencia entre Inteligencia Artificial, Ma",0.5,0.75,80,"La **Inteligencia Artificial (IA)** se refiere al campo del conocimiento computacional donde los sistemas son diseñados para realizar tareas que normalmente requieren inteligencia humana, como el razonamiento y la toma de decisiones.

El **Machine Learning** es una subdisciplina de la IA que permite",4325.66,101.94,4094.88,25,199,48.6,1073,8.33,
2026-06-02T17:50:30.882884,exp_b_top_k_top_k=80,phi4-mini:latest,53,"Explica en menos de 100 palabras la diferencia entre Inteligencia Artificial, Ma",0.5,0.75,80,"La **Inteligencia Artificial (IA)** se refiere a sistemas inteligentes que imitan comportamientos humanos y pueden realizar tareas como el aprendizaje, razonamiento y resolución de problemas.

El **Machine Learning (ML)** es una subrama del campo científico de la computación, donde los algoritmos ap",3222.9,103.79,3019.29,25,147,48.69,777,8.48,
2026-06-02T17:50:33.592292,exp_b_top_k_top_k=80,phi4-mini:latest,54,"Explica en menos de 100 palabras la diferencia entre Inteligencia Artificial, Ma",0.5,0.75,80,"La **Inteligencia Artificial (IA)** se refiere a sistemas capaces de realizar tareas que normalmente requieren inteligencia humana, como el reconocimiento de voz o lenguaje natural.

El **Machine Learning** es una subcampo del IA donde los algoritmos aprenden y mejoran con la experiencia sin ser exp",2692.42,103.29,2493.09,25,120,48.13,627,8.21,
2026-06-02T17:50:36.554812,exp_b_top_k_top_k=80,phi4-mini:latest,55,"Explica en menos de 100 palabras la diferencia entre Inteligencia Artificial, Ma",0.5,0.75,80,"La Inteligencia Artificial (IA) es el estudio del desarrollo de sistemas capaces de realizar tareas que normalmente requieren inteligencia humana.

El Aprendizaje Automático (Machine Learning o ML) se trata de algoritmos que aprenden y mejoran su rendimiento a través de la experiencia sin ser explíc",2953.28,109.9,2748.79,25,134,48.75,698,8.48,
2026-06-02T17:50:38.814489,exp_b_top_k_top_k=80,phi4-mini:latest,56,"Explica en menos de 100 palabras la diferencia entre Inteligencia Artificial, Ma",0.5,0.75,80,"La Inteligencia Artificial (IA) es el conjunto general de tecnologías que permiten a las máquinas simular comportamientos inteligentes. El Machine Learning (ML), una rama del IA, permite que los sistemas aprenden y mejoran con la experiencia sin ser explícitamente programados para hacerlo. La IA Gen",2251.19,101.59,2072.9,25,102,49.21,539,8.14,
2026-06-02T17:50:41.605984,exp_b_top_k_top_k=80,phi4-mini:latest,57,"Explica en menos de 100 palabras la diferencia entre Inteligencia Artificial, Ma",0.5,0.75,80,"La Inteligencia Artificial (IA) es el campo general que busca crear máquinas capaces de realizar tareas que normalmente requieren inteligencia humana. El Aprendizaje Automático (Machine Learning o ML), un subconjunto de IA, implica a las máquinas aprendiendo y mejorando con la experiencia sin codifi",2780.18,101.2,2588.22,25,127,49.07,674,8.49,
2026-06-02T17:50:44.881871,exp_b_top_k_top_k=80,phi4-mini:latest,58,"Explica en menos de 100 palabras la diferencia entre Inteligencia Artificial, Ma",0.5,0.75,80,"La **Inteligencia Artificial (IA)** es el estudio del comportamiento inteligente por parte de máquinas, con sistemas diseñados para realizar tareas que normalmente requieren inteligencia humana.

El **Machine Learning** es un subconjunto de la IA donde los algoritmos aprenden a partir de datos y mej",3268.11,103.54,3061.86,25,150,48.99,787,8.23,
2026-06-02T17:50:47.871077,exp_b_top_k_top_k=80,phi4-mini:latest,59,"Explica en menos de 100 palabras la diferencia entre Inteligencia Artificial, Ma",0.5,0.75,80,La Inteligencia Artificial (IA) se refiere al conjunto de tecnologías que permiten a los sistemas simular comportamientos humanos como el pensamiento y el aprendizaje. El Aprendizaje Automático (Machine Learning - ML) es una rama del campo más amplio de la IA; implica entrenar algoritmos con datos p,2981.83,104.64,2782.82,25,136,48.87,725,8.18,
2026-06-02T17:50:50.560278,exp_b_top_k_top_k=80,phi4-mini:latest,60,"Explica en menos de 100 palabras la diferencia entre Inteligencia Artificial, Ma",0.5,0.75,80,"La Inteligencia Artificial (IA) es el conjunto amplio de tecnologías que permiten a las máquinas simular comportamientos inteligentes. El Aprendizaje Automático (Machine Learning), una rama del campo de la IA, se refiere al proceso mediante el cual sistemas computacionales aprenden y mejoran su rend",2680.62,103.3,2488.69,25,121,48.62,625,8.73,
2026-06-02T17:50:52.895162,exp_b_top_k_top_k=80,phi4-mini:latest,61,"Explica en menos de 100 palabras la diferencia entre Inteligencia Artificial, Ma",0.5,0.75,80,La Inteligencia Artificial (IA) es el estudio del desarrollo de máquinas capaces de realizar tareas que normalmente requieren inteligencia humana. El Aprendizaje Automático (Machine Learning o ML) es una subparte de la IA donde los sistemas aprenden a partir de datos y mejoran su rendimiento con más,2327.09,102.52,2147.21,25,105,48.9,539,8.32,
2026-06-02T17:50:55.158879,exp_b_top_k_top_k=80,phi4-mini:latest,62,"Explica en menos de 100 palabras la diferencia entre Inteligencia Artificial, Ma",0.5,0.75,80,"La **Inteligencia Artificial (IA)** se refiere a sistemas que realizan tareas típicamente humanas como aprender, razonar y reconocer patrones de datos.

El **Machine Learning** es una subcampo de la IA donde los algoritmos aprenden automáticamente del datos sin ser explícitamente programados para ha",2255.71,103.77,2074.79,25,102,49.16,524,8.14,
2026-06-02T17:50:58.407926,exp_b_top_k_top_k=80,phi4-mini:latest,63,"Explica en menos de 100 palabras la diferencia entre Inteligencia Artificial, Ma",0.5,0.75,80,"La Inteligencia Artificial (IA) es el conocimiento general sobre las máquinas que pueden realizar tareas inteligentes con poca o ninguna ayuda humana.

El Aprendizaje Automático (Machine Learning - ML), una rama de la IA, se refiere al proceso mediante el cual los sistemas aprenden a partir del dato",3240.06,100.14,3038.83,25,148,48.7,784,8.12,
2026-06-02T17:51:01.720107,exp_b_top_k_top_k=80,phi4-mini:latest,64,"Explica en menos de 100 palabras la diferencia entre Inteligencia Artificial, Ma",0.5,0.75,80,"La Inteligencia Artificial (IA) es el campo general que busca crear máquinas capaces de realizar tareas con inteligencia humana como reconocer voz o visión, aprender y razonar.

Machine Learning (ML), una subrama de IA, se centra en desarrollar algoritmos para permitir a las máquinas aprender del da",3297.41,101.59,3091.13,25,149,48.2,801,8.45,
2026-06-02T17:51:04.522602,exp_b_top_k_top_k=80,phi4-mini:latest,65,"Explica en menos de 100 palabras la diferencia entre Inteligencia Artificial, Ma",0.5,0.75,80,"La Inteligencia Artificial (IA) se refiere a sistemas que realizan tareas típicas de seres humanos como el razonamiento y aprender del entorno. El Aprendizaje Automático (Machine Learning), una rama de la IA, involucra al sistema aprendiendo de datos para mejorar con el tiempo sin ser explícitamente",2790.18,109.54,2571.83,25,124,48.21,657,8.66,
2026-06-02T17:51:07.206882,exp_b_top_k_top_k=80,phi4-mini:latest,66,"Explica en menos de 100 palabras la diferencia entre Inteligencia Artificial, Ma",0.5,0.75,80,"La Inteligencia Artificial (IA) se refiere al conjunto de tecnologías que permiten a las máquinas simular comportamientos inteligentes como humanos, incluyendo el razonamiento y el aprendizaje.

El Aprendizaje Automático es un subcampo del campo más amplio de la inteligencia artificial; implica algo",2675.57,106.42,2481.79,25,121,48.76,682,8.26,
2026-06-02T17:51:11.474161,exp_b_top_k_top_k=80,phi4-mini:latest,67,"Explica en menos de 100 palabras la diferencia entre Inteligencia Artificial, Ma",0.5,0.75,80,"La **Inteligencia Artificial (IA)** se refiere al campo general enfocado en crear máquinas capaces de realizar tareas que normalmente requieren inteligencia humana.

El **Machine Learning** es una subdisciplina dentro del ámbito de la IA donde los sistemas aprenden y mejoran su rendimiento mediante ",4258.94,99.47,4029.24,25,194,48.15,1040,8.32,
2026-06-02T17:51:13.744669,exp_b_top_k_top_k=80,phi4-mini:latest,68,"Explica en menos de 100 palabras la diferencia entre Inteligencia Artificial, Ma",0.5,0.75,80,"La Inteligencia Artificial (IA) es el conjunto general de tecnologías para crear máquinas que imitan inteligencia humana.

Machine Learning (ML), un subconjunto del IA, se centra en diseñar algoritmos capaces de aprender y mejorar su rendimiento con la experiencia sin ser explícitamente programados.",2261.63,102.02,2082.38,25,102,48.98,550,8.5,
2026-06-02T17:51:17.060841,exp_b_top_k_top_k=80,phi4-mini:latest,69,"Explica en menos de 100 palabras la diferencia entre Inteligencia Artificial, Ma",0.5,0.75,80,"La **Inteligencia Artificial (IA)** es el campo general que se ocupa del desarrollo de sistemas capaces de realizar tareas que normalmente requieren inteligencia humana.

El **Machine Learning (ML)** es una subrama de la IA donde los algoritmos aprenden a partir de datos sin ser explicitamente progr",3307.77,98.99,3108.95,25,152,48.89,776,8.16,
2026-06-02T17:51:19.993097,exp_b_top_k_top_k=80,phi4-mini:latest,70,"Explica en menos de 100 palabras la diferencia entre Inteligencia Artificial, Ma",0.5,0.75,80,"La **Inteligencia Artificial (IA)** se refiere a las tecnologías que permiten crear máquinas capaces de realizar tareas típicas del razonamiento humano.

El **Machine Learning** es una subcampo de la IA donde los sistemas aprenden de datos y mejoran con el tiempo sin ser explícitamente programados p",2924.92,103.36,2730.95,25,134,49.07,679,7.85,
2026-06-02T17:51:23.195051,exp_b_top_k_top_k=80,phi4-mini:latest,71,"Explica en menos de 100 palabras la diferencia entre Inteligencia Artificial, Ma",0.5,0.75,80,"La Inteligencia Artificial (IA) es el término general para sistemas que realizan tareas típicamente humanas, como aprender y tomar decisiones. El Aprendizaje Automático (Machine Learning o ML) se refiere a un subcampo dentro de la IA donde los algoritmos aprenden de datos sin ser explícitamente prog",3192.99,101.61,2986.47,25,145,48.55,738,8.5,
2026-06-02T17:51:26.076225,exp_b_top_k_top_k=80,phi4-mini:latest,72,"Explica en menos de 100 palabras la diferencia entre Inteligencia Artificial, Ma",0.5,0.75,80,La **Inteligencia Artificial (IA)** se refiere a las máquinas capaces de realizar tareas que normalmente requieren inteligencia humana. El **Machine Learning** es un subconjunto del IA donde los sistemas aprenden y mejoran sus habilidades con la experiencia sin ser explícitamente programados para ha,2873.96,106.72,2675.9,25,131,48.96,683,8.51,
2026-06-02T17:51:29.865394,exp_b_top_k_top_k=80,phi4-mini:latest,73,"Explica en menos de 100 palabras la diferencia entre Inteligencia Artificial, Ma",0.5,0.75,80,"La Inteligencia Artificial (IA) se refiere a sistemas que realizan tareas típicas de seres humanos como el razonamiento y la toma de decisiones autónomas.

El Machine Learning es una subdisciplina del campo científico más amplio de inteligencia artificial; implica desarrollar algoritmos capaces de a",3781.08,105.84,3563.55,25,174,48.83,954,7.84,
2026-06-02T17:51:34.017044,exp_b_top_k_top_k=80,phi4-mini:latest,74,"Explica en menos de 100 palabras la diferencia entre Inteligencia Artificial, Ma",0.5,0.75,80,"La **Inteligencia Artificial (IA)** es el campo general que trata sobre crear máquinas capaces de realizar tareas que requieren inteligencia humana.

El **Machine Learning** (ML) es una subpáramo dentro de la IA donde los sistemas aprenden y mejoran su rendimiento con la experiencia, sin ser explíci",4143.58,104.84,3918.17,25,191,48.75,979,7.91,
2026-06-02T17:51:37.245660,exp_b_top_k_top_k=80,phi4-mini:latest,75,"Explica en menos de 100 palabras la diferencia entre Inteligencia Artificial, Ma",0.5,0.75,80,"La Inteligencia Artificial (IA) es el campo general que trata con máquinas simulando inteligencia humana para realizar tareas complejas. El Aprendizaje Automático (Machine Learning o ML), un subconjunto del IA, se refiere a algoritmos diseñados para aprender de datos y mejorar su rendimiento sin pro",3220.55,102.34,3019.15,25,147,48.69,748,8.12,
2026-06-02T17:51:41.365010,exp_b_top_k_top_k=80,phi4-mini:latest,76,"Explica en menos de 100 palabras la diferencia entre Inteligencia Artificial, Ma",0.5,0.75,80,"La Inteligencia Artificial (IA) se refiere al conjunto general de tecnologías que permiten a las máquinas simular procesos intelectuales humanos como el aprendizaje, la resolución de problemas y la toma de decisiones. El Machine Learning es un subconjunto del campo de la IA donde los sistemas aprend",4111.35,103.04,3889.86,25,190,48.84,1016,7.99,
2026-06-02T17:51:43.881507,exp_b_top_k_top_k=80,phi4-mini:latest,77,"Explica en menos de 100 palabras la diferencia entre Inteligencia Artificial, Ma",0.5,0.75,80,La Inteligencia Artificial (IA) se refiere al campo general que busca crear máquinas capaces de realizar tareas que normalmente requieren inteligencia humana. El Aprendizaje Automático (Machine Learning - ML) es una subárea de IA donde las máquinas aprenden a partir del datos y mejoran su rendimient,2508.86,104.84,2322.22,25,114,49.09,600,8.17,
2026-06-02T17:51:48.206959,exp_b_top_k_top_k=80,phi4-mini:latest,78,"Explica en menos de 100 palabras la diferencia entre Inteligencia Artificial, Ma",0.5,0.75,80,"La Inteligencia Artificial (IA) es el campo que busca crear máquinas capaces de realizar tareas que requieren inteligencia humana. El Aprendizaje Automático (Machine Learning o ML) es una rama del IA donde los algoritmos aprenden a partir de datos para tomar decisiones y mejorar con la experiencia, ",4316.63,105.65,4088.1,25,200,48.92,1015,7.69,
2026-06-02T17:51:51.039171,exp_b_top_k_top_k=80,phi4-mini:latest,79,"Explica en menos de 100 palabras la diferencia entre Inteligencia Artificial, Ma",0.5,0.75,80,"La **Inteligencia Artificial (IA)** se refiere a sistemas que realizan tareas típicas del razonamiento humano como el aprendizaje y la resolución de problemas.

El **Machine Learning** es una subrama de la IA donde los algoritmos aprenden de datos para tomar decisiones o realizar predicciones sin se",2823.64,108.16,2627.15,25,129,49.1,661,8.24,
2026-06-02T17:51:53.469456,exp_b_top_k_top_k=80,phi4-mini:latest,80,"Explica en menos de 100 palabras la diferencia entre Inteligencia Artificial, Ma",0.5,0.75,80,"La Inteligencia Artificial (IA) se refiere al desarrollo de máquinas capaces de realizar tareas que normalmente requieren inteligencia humana, como el razonamiento y aprender del entorno.

El Machine Learning es una subcampo de la IA donde los sistemas aprenden a partir de datos sin ser explícitamen",2421.96,105.07,2238.23,25,110,49.15,582,7.83,
2026-06-02T17:51:57.811578,exp_b_top_k_top_k=80,phi4-mini:latest,81,"Explica en menos de 100 palabras la diferencia entre Inteligencia Artificial, Ma",0.5,0.75,80,"La Inteligencia Artificial (IA) es el conocimiento computacional sobre cómo realizar tareas que usualmente requieren inteligencia humana. El Aprendizaje Automático (Machine Learning o ML), un subconjunto de IA, se refiere a algoritmos que aprenden y mejoran con la experiencia sin codificación explíc",4333.35,103.52,4103.8,25,200,48.74,994,8.06,
2026-06-02T17:52:00.089378,exp_b_top_k_top_k=80,phi4-mini:latest,82,"Explica en menos de 100 palabras la diferencia entre Inteligencia Artificial, Ma",0.5,0.75,80,"La Inteligencia Artificial (IA) se refiere a sistemas capaces de realizar tareas que requieren inteligencia humana como el razonamiento y aprender del entorno. El Aprendizaje Automático (Machine Learning o ML), es un subcampo de la IA donde los algoritmos aprenden con datos, mejorando su rendimiento",2270.61,103.16,2092.65,25,103,49.22,517,8.7,
2026-06-02T17:52:03.601601,exp_b_top_k_top_k=80,phi4-mini:latest,83,"Explica en menos de 100 palabras la diferencia entre Inteligencia Artificial, Ma",0.5,0.75,80,"La Inteligencia Artificial (IA) se refiere a sistemas capaces de realizar tareas que normalmente requieren inteligencia humana, como el razonamiento y el aprendizaje.

El Aprendizaje Automático es una rama del campo de la IA donde los algoritmos aprenden con experiencia sin instrucciones explícitas;",3504.86,103.06,3295.98,25,161,48.85,846,8.07,
2026-06-02T17:52:06.050445,exp_b_top_k_top_k=80,phi4-mini:latest,84,"Explica en menos de 100 palabras la diferencia entre Inteligencia Artificial, Ma",0.5,0.75,80,"La Inteligencia Artificial (IA) se refiere al estudio del comportamiento inteligente por parte de las máquinas y su desarrollo para realizar tareas que requieren inteligencia humana.

Machine Learning es una rama específica dentro de la IA donde los sistemas aprenden a partir de datos sin instruccio",2442.37,103.11,2260.01,25,111,49.11,635,8.52,
2026-06-02T17:52:09.173540,exp_b_top_k_top_k=80,phi4-mini:latest,85,"Explica en menos de 100 palabras la diferencia entre Inteligencia Artificial, Ma",0.5,0.75,80,"La Inteligencia Artificial (IA) se refiere al diseño de sistemas que pueden realizar tareas típicamente humanas, como aprender y tomar decisiones. El Aprendizaje Automático es un campo dentro de la IA donde los algoritmos aprenden a partir del datos sin ser explícitamente programados para cada tarea",3116.37,104.0,2917.04,25,143,49.02,778,8.18,
2026-06-02T17:52:13.499801,exp_b_top_k_top_k=80,phi4-mini:latest,86,"Explica en menos de 100 palabras la diferencia entre Inteligencia Artificial, Ma",0.5,0.75,80,"La Inteligencia Artificial (IA) es el estudio del desarrollo de máquinas capaces de realizar tareas que normalmente requieren inteligencia humana.

El Aprendizaje Automático (Machine Learning - ML) es un subconjunto de IA donde los sistemas aprenden y mejoran a partir de datos sin ser explícitamente",4318.07,103.81,4090.67,25,200,48.89,1043,7.78,
2026-06-02T17:52:16.157644,exp_b_top_k_top_k=80,phi4-mini:latest,87,"Explica en menos de 100 palabras la diferencia entre Inteligencia Artificial, Ma",0.5,0.75,80,La **Inteligencia Artificial (IA)** es el campo general que trata con las máquinas simulando comportamientos inteligentes. El **Machine Learning** se considera una subrama de la IA donde los algoritmos aprenden a partir del datos y mejoran su desempeño sin ser explícitamente programados para cada ta,2650.41,102.82,2464.39,25,121,49.1,605,7.98,
2026-06-02T17:52:18.584533,exp_b_top_k_top_k=80,phi4-mini:latest,88,"Explica en menos de 100 palabras la diferencia entre Inteligencia Artificial, Ma",0.5,0.75,80,"La **Inteligencia Artificial (IA)** es el campo general que trata sobre crear máquinas capaces de realizar tareas que requieren inteligencia humana.

El **Machine Learning (ML)** es una subrama de la IA enfocada en desarrollar algoritmos que permiten a las máquinas aprender de datos, identificando p",2419.31,103.96,2237.0,25,110,49.17,579,7.9,
2026-06-02T17:52:21.672765,exp_b_top_k_top_k=80,phi4-mini:latest,89,"Explica en menos de 100 palabras la diferencia entre Inteligencia Artificial, Ma",0.5,0.75,80,"La **Inteligencia Artificial (IA)** es el estudio del comportamiento inteligente por computadora o sistemas automatizados.

El **Machine Learning** es una subdisciplina de la IA que permite a los algoritmos aprender y mejorar con datos sin ser explícitamente programados para cada tarea específica, u",3081.32,104.31,2881.32,25,141,48.94,767,8.54,
2026-06-02T17:52:24.498210,exp_b_top_k_top_k=80,phi4-mini:latest,90,"Explica en menos de 100 palabras la diferencia entre Inteligencia Artificial, Ma",0.5,0.75,80,"La Inteligencia Artificial (IA) es el conjunto general de sistemas capaces de realizar tareas que normalmente requieren inteligencia humana, como reconocer voz o lenguaje natural.

Machine Learning (ML), un subconjunto del campo más amplio de IA, se refiere a algoritmos que aprenden y mejoran su ren",2818.61,104.06,2626.71,25,129,49.11,700,8.6,
2026-06-02T17:52:27.239160,exp_b_top_k_top_k=80,phi4-mini:latest,91,"Explica en menos de 100 palabras la diferencia entre Inteligencia Artificial, Ma",0.5,0.75,80,"La Inteligencia Artificial (IA) es el conjunto general de tecnologías diseñadas para simular funciones humanas como aprender, razonar y percibir. El Aprendizaje Automático (Machine Learning o ML), un subconjunto de IA, se refiere al proceso mediante el cual las máquinas aprenden a partir del datos s",2733.78,107.03,2540.83,25,125,49.2,612,8.38,
2026-06-02T17:52:29.898492,exp_b_top_k_top_k=80,phi4-mini:latest,92,"Explica en menos de 100 palabras la diferencia entre Inteligencia Artificial, Ma",0.5,0.75,80,"La Inteligencia Artificial (IA) es el conjunto amplio de tecnologías que permiten a los sistemas simular procesos inteligentes similares al comportamiento humano.

El Aprendizaje Automático (Machine Learning), una rama del campo de la IA, se refiere específicamente a algoritmos capaces de mejorar co",2651.86,104.06,2463.73,25,121,49.11,685,8.72,
2026-06-02T17:52:34.225327,exp_b_top_k_top_k=80,phi4-mini:latest,93,"Explica en menos de 100 palabras la diferencia entre Inteligencia Artificial, Ma",0.5,0.75,80,"La **Inteligencia Artificial (IA)** se refiere a las máquinas capaces de realizar tareas que normalmente requieren inteligencia humana, como el razonamiento y aprender.

El **Machine Learning** es una rama del IA donde los sistemas aprenden automáticamente de datos sin ser explícitamente programados",4320.23,102.77,4090.24,25,200,48.9,1043,7.47,
2026-06-02T17:52:36.904520,exp_b_top_k_top_k=80,phi4-mini:latest,94,"Explica en menos de 100 palabras la diferencia entre Inteligencia Artificial, Ma",0.5,0.75,80,"La Inteligencia Artificial (IA) es el término general para tecnologías que realizan tareas típicamente humanas, como aprender y tomar decisiones.

Machine Learning (ML), una rama del aprendizaje automático dentro de la IA, se trata de crear modelos con los cuales las máquinas pueden aprender a parti",2672.18,105.51,2482.39,25,122,49.15,680,8.87,
2026-06-02T17:52:39.520651,exp_b_top_k_top_k=80,phi4-mini:latest,95,"Explica en menos de 100 palabras la diferencia entre Inteligencia Artificial, Ma",0.5,0.75,80,"La **Inteligencia Artificial (IA)** es el estudio del comportamiento inteligente por parte de máquinas con fines específicos y predefinidos.

El **Machine Learning** es una subrama de la IA que permite a las computadoras aprender de datos sin ser explícitamente programadas, mejorando su rendimiento ",2609.01,104.17,2421.79,25,119,49.14,609,8.04,
2026-06-02T17:52:42.177752,exp_b_top_k_top_k=80,phi4-mini:latest,96,"Explica en menos de 100 palabras la diferencia entre Inteligencia Artificial, Ma",0.5,0.75,80,"La **Inteligencia Artificial (IA)** es el estudio del comportamiento inteligente por parte de máquinas y sistemas para realizar tareas que normalmente requieren inteligencia humana.

El **Machine Learning** es una subrama de la IA donde los algoritmos aprenden a partir de datos sin ser explicitament",2649.8,102.36,2463.76,25,121,49.11,639,7.99,
2026-06-02T17:52:44.896018,exp_b_top_k_top_k=80,phi4-mini:latest,97,"Explica en menos de 100 palabras la diferencia entre Inteligencia Artificial, Ma",0.5,0.75,80,"La IA se refiere a sistemas que realizan tareas típicas de inteligencia humana como el razonamiento y el aprendizaje. El ML es un subconjunto del IA donde los algoritmos aprenden automáticamente de datos para tomar decisiones sin ser explícitamente programados con reglas específicas.

Por otro lado,",2711.14,103.33,2523.5,25,124,49.14,690,7.87,
2026-06-02T17:52:48.248376,exp_b_top_k_top_k=80,phi4-mini:latest,98,"Explica en menos de 100 palabras la diferencia entre Inteligencia Artificial, Ma",0.5,0.75,80,"La **Inteligencia Artificial (IA)** se refiere a las tecnologías que permiten a los sistemas simular comportamientos inteligentes humanos como el razonamiento y la percepción.

El **Machine Learning** es una subcategoría del campo de la IA en la cual algoritmos aprenden automáticamente con base en d",3342.08,103.52,3137.64,25,154,49.08,813,8.49,
2026-06-02T17:52:51.314867,exp_b_top_k_top_k=80,phi4-mini:latest,99,"Explica en menos de 100 palabras la diferencia entre Inteligencia Artificial, Ma",0.5,0.75,80,"La **Inteligencia Artificial (IA)** se refiere a sistemas y algoritmos diseñados para realizar tareas que requieren inteligencia humana, como el reconocimiento de voz o lenguaje natural.

El **Machine Learning (ML)** es un subcampo de la IA donde los sistemas aprenden automáticamente del datos sin i",3057.22,103.93,2857.94,25,139,48.64,745,8.3,
2026-06-02T17:52:53.869101,exp_b_top_k_top_k=80,phi4-mini:latest,100,"Explica en menos de 100 palabras la diferencia entre Inteligencia Artificial, Ma",0.5,0.75,80,La **Inteligencia Artificial (IA)** se refiere a sistemas capaces de realizar tareas que normalmente requieren inteligencia humana. El **Machine Learning** es un subcampo de la IA donde los algoritmos aprenden y mejoran su rendimiento con el tiempo mediante datos sin ser explícitamente programados p,2547.2,104.31,2359.97,25,116,49.15,611,8.46,
