timestamp,experiment_id,model,cycle,prompt,temperature,top_p,top_k,response,total_duration_ms,load_duration_ms,eval_duration_ms,prompt_eval_count,eval_count,tokens_per_second,response_chars,quality_score,notes
2026-06-02T16:45:12.148163,exp_a,gemma3:4b,1,"Explica en menos de 100 palabras la diferencia entre Inteligencia Artificial, Ma",0.7,0.9,40,"Claro, aquí te lo explico:

*   **Inteligencia Artificial (IA)** es el concepto amplio de crear máquinas que imiten el pensamiento humano.
*   **Machine Learning (ML)** es un subconjunto de la IA que permite a las máquinas aprender de los datos sin programación explícita.
*   **IA Generativa** es un",3616.38,241.03,3202.79,33,133,41.53,542,7.61,
2026-06-02T16:45:15.466794,exp_a,gemma3:4b,2,"Explica en menos de 100 palabras la diferencia entre Inteligencia Artificial, Ma",0.7,0.9,40,"Claro, aquí tienes una explicación en menos de 100 palabras:

*   **Inteligencia Artificial (IA)** es el concepto general de crear máquinas que puedan imitar la inteligencia humana.
*   **Machine Learning (ML)** es un *tipo* de IA que permite a las máquinas aprender de los datos sin ser programadas ",3311.29,200.07,3043.88,33,141,46.32,571,7.62,
2026-06-02T16:45:18.685385,exp_a,gemma3:4b,3,"Explica en menos de 100 palabras la diferencia entre Inteligencia Artificial, Ma",0.7,0.9,40,"Claro, aquí tienes una explicación en menos de 100 palabras:

*   **Inteligencia Artificial (IA)** es el concepto general de crear máquinas que imiten la inteligencia humana.
*   **Machine Learning (ML)** es un subconjunto de la IA que permite a las máquinas aprender de los datos sin programación ex",3211.38,201.1,2944.78,33,136,46.18,555,7.57,
2026-06-02T16:45:22.049371,exp_a,gemma3:4b,4,"Explica en menos de 100 palabras la diferencia entre Inteligencia Artificial, Ma",0.7,0.9,40,"Aquí te presento una explicación en menos de 100 palabras:

*   **Inteligencia Artificial (IA)** es el concepto general de crear máquinas que imiten la inteligencia humana.
*   **Machine Learning (ML)** es un *tipo* de IA que permite a las máquinas aprender de los datos sin ser programadas explícita",3355.98,191.1,3097.37,33,143,46.17,587,7.63,
2026-06-02T16:45:25.501265,exp_a,gemma3:4b,5,"Explica en menos de 100 palabras la diferencia entre Inteligencia Artificial, Ma",0.7,0.9,40,"Claro, aquí tienes una explicación en menos de 100 palabras:

*   **Inteligencia Artificial (IA)** es el concepto amplio de crear máquinas que puedan imitar la inteligencia humana.
*   **Machine Learning (ML)** es un *tipo* de IA que permite a las máquinas aprender de los datos sin programación expl",3445.64,203.52,3173.69,33,147,46.32,593,7.53,
2026-06-02T16:45:29.117236,exp_a,gemma3:4b,6,"Explica en menos de 100 palabras la diferencia entre Inteligencia Artificial, Ma",0.7,0.9,40,"Claro, aquí tienes una explicación en menos de 100 palabras:

*   **Inteligencia Artificial (IA)** es el concepto amplio de crear máquinas que puedan imitar la inteligencia humana.
*   **Machine Learning (ML)** es un subconjunto de la IA que se enfoca en permitir que las máquinas aprendan de los dat",3609.88,197.15,3331.17,33,144,43.23,588,7.49,
2026-06-02T16:45:32.808157,exp_a,gemma3:4b,7,"Explica en menos de 100 palabras la diferencia entre Inteligencia Artificial, Ma",0.7,0.9,40,"Claro, aquí tienes una explicación en menos de 100 palabras:

*   **Inteligencia Artificial (IA)** es el concepto general de crear máquinas que imiten la inteligencia humana.
*   **Machine Learning (ML)** es una *técnica* para lograr la IA, donde las máquinas aprenden de los datos sin programación e",3686.45,229.44,3366.91,33,139,41.28,550,7.63,
2026-06-02T16:45:36.060535,exp_a,gemma3:4b,8,"Explica en menos de 100 palabras la diferencia entre Inteligencia Artificial, Ma",0.7,0.9,40,"Aquí tienes una explicación en menos de 100 palabras:

*   **Inteligencia Artificial (IA)** es el concepto general de crear máquinas que puedan imitar la inteligencia humana.
*   **Machine Learning (ML)** es un *tipo* de IA que permite a las máquinas aprender de los datos sin ser programadas explíci",3245.76,199.47,2978.66,33,136,45.66,559,7.62,
2026-06-02T16:45:39.686923,exp_a,gemma3:4b,9,"Explica en menos de 100 palabras la diferencia entre Inteligencia Artificial, Ma",0.7,0.9,40,"Claro, aquí tienes una explicación en menos de 100 palabras:

*   **Inteligencia Artificial (IA)** es el concepto general de crear máquinas que puedan imitar la inteligencia humana.
*   **Machine Learning (ML)** es un subconjunto de la IA que se enfoca en permitir que las máquinas aprendan de los da",3619.97,200.36,3347.25,33,155,46.31,631,7.46,
2026-06-02T16:45:43.009315,exp_a,gemma3:4b,10,"Explica en menos de 100 palabras la diferencia entre Inteligencia Artificial, Ma",0.7,0.9,40,"Claro, aquí tienes una explicación en menos de 100 palabras:

*   **Inteligencia Artificial (IA)** es el concepto general de crear máquinas que imiten la inteligencia humana.
*   **Machine Learning (ML)** es una *forma* de IA donde las máquinas aprenden de los datos sin ser programadas explícitament",3316.36,204.42,3045.0,33,141,46.31,558,7.61,
2026-06-02T16:45:46.242295,exp_a,gemma3:4b,11,"Explica en menos de 100 palabras la diferencia entre Inteligencia Artificial, Ma",0.7,0.9,40,"Claro, aquí tienes una explicación en menos de 100 palabras:

*   **Inteligencia Artificial (IA)** es el concepto general de crear máquinas que imitan la inteligencia humana.
*   **Machine Learning (ML)** es un subconjunto de la IA que permite a las máquinas aprender de los datos sin ser programadas",3226.62,200.81,2960.03,33,137,46.28,563,7.6,
2026-06-02T16:45:50.013662,exp_a,gemma3:4b,12,"Explica en menos de 100 palabras la diferencia entre Inteligencia Artificial, Ma",0.7,0.9,40,"Claro, aquí tienes una explicación en menos de 100 palabras:

*   **Inteligencia Artificial (IA)** es el concepto general de crear máquinas que imiten la inteligencia humana.
*   **Machine Learning (ML)** es un *tipo* de IA que permite a las máquinas aprender de los datos sin ser programadas explíci",3765.56,196.74,3481.29,33,145,41.65,582,7.54,
2026-06-02T16:45:53.519192,exp_a,gemma3:4b,13,"Explica en menos de 100 palabras la diferencia entre Inteligencia Artificial, Ma",0.7,0.9,40,"Aquí te va una explicación en menos de 100 palabras:

*   **Inteligencia Artificial (IA)** es el concepto general de crear máquinas que puedan imitar la inteligencia humana.
*   **Machine Learning (ML)** es un *tipo* de IA que permite a las máquinas aprender de los datos sin ser programadas explícit",3501.23,230.67,3179.79,33,138,43.4,549,7.59,
2026-06-02T16:45:57.031992,exp_a,gemma3:4b,14,"Explica en menos de 100 palabras la diferencia entre Inteligencia Artificial, Ma",0.7,0.9,40,"Aquí tienes una explicación en menos de 100 palabras de las diferencias entre IA, Machine Learning e IA Generativa:

*   **Inteligencia Artificial (IA)** es el concepto general de crear máquinas que puedan imitar la inteligencia humana.
*   **Machine Learning (ML)** es un subconjunto de la IA que pe",3504.62,190.81,3244.05,33,150,46.24,622,7.5,
2026-06-02T16:46:00.151304,exp_a,gemma3:4b,15,"Explica en menos de 100 palabras la diferencia entre Inteligencia Artificial, Ma",0.7,0.9,40,"Claro, aquí te lo explico:

*   **Inteligencia Artificial (IA)** es el concepto general de crear máquinas que imiten la inteligencia humana.
*   **Machine Learning (ML)** es un *tipo* de IA que permite a las máquinas aprender de datos sin ser programadas explícitamente.
*   **IA Generativa** es un s",3113.38,204.27,2841.4,33,131,46.1,518,7.67,
2026-06-02T16:46:03.777256,exp_a,gemma3:4b,16,"Explica en menos de 100 palabras la diferencia entre Inteligencia Artificial, Ma",0.7,0.9,40,"Claro, aquí tienes una explicación en menos de 100 palabras:

*   **Inteligencia Artificial (IA)** es el concepto general de crear máquinas que imiten la inteligencia humana.
*   **Machine Learning (ML)** es un subconjunto de la IA que se enfoca en permitir que las máquinas aprendan de los datos sin",3619.27,195.15,3351.03,33,154,45.96,625,7.48,
2026-06-02T16:46:07.137458,exp_a,gemma3:4b,17,"Explica en menos de 100 palabras la diferencia entre Inteligencia Artificial, Ma",0.7,0.9,40,"Claro, aquí tienes una explicación en menos de 100 palabras:

*   **Inteligencia Artificial (IA)** es el concepto general de crear máquinas que imiten la inteligencia humana.
*   **Machine Learning (ML)** es un *tipo* de IA que permite a las máquinas aprender de los datos sin ser programadas explíci",3353.7,193.17,3091.73,33,143,46.25,573,7.6,
2026-06-02T16:46:10.496625,exp_a,gemma3:4b,18,"Explica en menos de 100 palabras la diferencia entre Inteligencia Artificial, Ma",0.7,0.9,40,"Claro, aquí tienes una explicación en menos de 100 palabras:

*   **Inteligencia Artificial (IA)** es el concepto general de crear máquinas que imitan la inteligencia humana.
*   **Machine Learning (ML)** es un subconjunto de la IA que permite a las máquinas aprender de los datos sin programación ex",3353.22,196.74,3089.12,33,137,44.35,561,7.6,
2026-06-02T16:46:14.356610,exp_a,gemma3:4b,19,"Explica en menos de 100 palabras la diferencia entre Inteligencia Artificial, Ma",0.7,0.9,40,"Claro, aquí tienes una explicación en menos de 100 palabras:

*   **Inteligencia Artificial (IA)** es el concepto general de crear máquinas que puedan realizar tareas que normalmente requieren inteligencia humana.
*   **Machine Learning (ML)** es un subconjunto de la IA que permite a las máquinas ap",3855.64,232.47,3528.58,33,146,41.38,624,7.63,
2026-06-02T16:46:17.683328,exp_a,gemma3:4b,20,"Explica en menos de 100 palabras la diferencia entre Inteligencia Artificial, Ma",0.7,0.9,40,"Claro, aquí tienes una explicación en menos de 100 palabras:

*   **Inteligencia Artificial (IA)** es el concepto general de crear máquinas que puedan imitar la inteligencia humana.
*   **Machine Learning (ML)** es un subconjunto de la IA que permite a las máquinas aprender de los datos sin ser prog",3320.72,204.03,3048.89,33,140,45.92,574,7.59,
2026-06-02T16:46:21.060844,exp_a,gemma3:4b,21,"Explica en menos de 100 palabras la diferencia entre Inteligencia Artificial, Ma",0.7,0.9,40,"Claro, aquí tienes una explicación en menos de 100 palabras:

*   **Inteligencia Artificial (IA)** es el concepto general de crear máquinas que imiten la inteligencia humana.
*   **Machine Learning (ML)** es un subconjunto de la IA que permite a las máquinas aprender de los datos sin ser programadas",3370.83,195.55,3106.87,33,143,46.03,578,7.56,
2026-06-02T16:46:25.208519,exp_a,gemma3:4b,22,"Explica en menos de 100 palabras la diferencia entre Inteligencia Artificial, Ma",0.7,0.9,40,"Aquí tienes una explicación en menos de 100 palabras de las diferencias entre IA, Machine Learning y IA Generativa:

*   **Inteligencia Artificial (IA)** es el concepto general de crear máquinas que imiten la inteligencia humana.
*   **Machine Learning (ML)** es un *tipo* de IA que permite a las máq",4131.58,236.47,3790.34,33,156,41.16,640,7.5,
2026-06-02T16:46:29.185015,exp_a,gemma3:4b,23,"Explica en menos de 100 palabras la diferencia entre Inteligencia Artificial, Ma",0.7,0.9,40,"Claro, aquí tienes una explicación en menos de 100 palabras:

*   **Inteligencia Artificial (IA)** es el concepto general de crear máquinas que puedan imitar la inteligencia humana.
*   **Machine Learning (ML)** es un subconjunto de la IA que se centra en permitir que las máquinas aprendan de los da",3971.62,242.55,3631.08,33,149,41.03,604,7.48,
2026-06-02T16:46:32.977858,exp_a,gemma3:4b,24,"Explica en menos de 100 palabras la diferencia entre Inteligencia Artificial, Ma",0.7,0.9,40,"Claro, aquí tienes una explicación en menos de 100 palabras:

*   **Inteligencia Artificial (IA)** es el concepto general de crear máquinas que puedan imitar la inteligencia humana.
*   **Machine Learning (ML)** es un subconjunto de la IA que permite a las máquinas aprender de los datos sin ser prog",3788.98,241.4,3451.64,33,141,40.85,574,7.59,
2026-06-02T16:46:37.222683,exp_a,gemma3:4b,25,"Explica en menos de 100 palabras la diferencia entre Inteligencia Artificial, Ma",0.7,0.9,40,"Claro, aquí tienes una explicación en menos de 100 palabras:

*   **Inteligencia Artificial (IA)** es el concepto general de crear máquinas que puedan imitar la inteligencia humana.
*   **Machine Learning (ML)** es un subconjunto de la IA que se centra en permitir que las máquinas aprendan de los da",4232.93,269.05,3850.88,33,156,40.51,643,7.48,
2026-06-02T16:46:41.307563,exp_a,gemma3:4b,26,"Explica en menos de 100 palabras la diferencia entre Inteligencia Artificial, Ma",0.7,0.9,40,"Claro, aquí tienes una explicación en menos de 100 palabras:

*   **Inteligencia Artificial (IA)** es el concepto general de crear máquinas que imiten la inteligencia humana.
*   **Machine Learning (ML)** es un subconjunto de la IA que permite a las máquinas aprender de los datos sin ser programadas",4078.57,249.87,3729.36,33,151,40.49,615,7.53,
2026-06-02T16:46:44.565697,exp_a,gemma3:4b,27,"Explica en menos de 100 palabras la diferencia entre Inteligencia Artificial, Ma",0.7,0.9,40,"Aquí te explico la diferencia en menos de 100 palabras:

*   **Inteligencia Artificial (IA)** es el concepto amplio de crear máquinas que simulen la inteligencia humana.
*   **Machine Learning (ML)** es un *tipo* de IA que permite a las máquinas aprender de los datos sin ser programadas explícitamen",3251.6,194.99,2990.47,33,137,45.81,559,7.61,
2026-06-02T16:46:47.950032,exp_a,gemma3:4b,28,"Explica en menos de 100 palabras la diferencia entre Inteligencia Artificial, Ma",0.7,0.9,40,"Claro, aquí tienes una explicación en menos de 100 palabras:

*   **Inteligencia Artificial (IA)** es el concepto general de crear máquinas que imiten la inteligencia humana.
*   **Machine Learning (ML)** es un subconjunto de la IA que permite a las máquinas aprender de los datos sin ser programadas",3377.55,189.31,3120.29,33,144,46.15,587,7.58,
2026-06-02T16:46:51.270073,exp_a,gemma3:4b,29,"Explica en menos de 100 palabras la diferencia entre Inteligencia Artificial, Ma",0.7,0.9,40,"Claro, aquí te lo explico en menos de 100 palabras:

*   **Inteligencia Artificial (IA)** es el concepto general de crear máquinas que imiten la inteligencia humana.
*   **Machine Learning (ML)** es un *tipo* de IA que permite a las máquinas aprender de los datos sin ser programadas explícitamente.
",3313.57,199.46,3047.9,33,141,46.26,560,7.66,
2026-06-02T16:46:54.611461,exp_a,gemma3:4b,30,"Explica en menos de 100 palabras la diferencia entre Inteligencia Artificial, Ma",0.7,0.9,40,"Claro, aquí tienes una explicación en menos de 100 palabras:

*   **Inteligencia Artificial (IA)** es el concepto general de crear máquinas que imiten el pensamiento humano.
*   **Machine Learning (ML)** es un subconjunto de la IA que permite a las máquinas aprender de los datos sin ser programadas ",3335.3,197.78,3070.16,33,141,45.93,575,7.59,
2026-06-02T16:46:58.124128,exp_a,gemma3:4b,31,"Explica en menos de 100 palabras la diferencia entre Inteligencia Artificial, Ma",0.7,0.9,40,"Claro, aquí tienes una explicación en menos de 100 palabras:

*   **Inteligencia Artificial (IA)** es el concepto general de crear máquinas que puedan imitar la inteligencia humana.
*   **Machine Learning (ML)** es un *tipo* de IA que permite a las máquinas aprender de los datos sin ser programadas ",3505.8,201.07,3234.26,33,149,46.07,594,7.53,
2026-06-02T16:47:01.441476,exp_a,gemma3:4b,32,"Explica en menos de 100 palabras la diferencia entre Inteligencia Artificial, Ma",0.7,0.9,40,"Claro, aquí tienes una explicación en menos de 100 palabras:

*   **Inteligencia Artificial (IA)** es el concepto general de crear máquinas que imiten la inteligencia humana.
*   **Machine Learning (ML)** es un *tipo* de IA que permite a las máquinas aprender de los datos sin programación explícita.",3311.06,194.46,3049.34,33,141,46.24,569,7.61,
2026-06-02T16:47:04.951037,exp_a,gemma3:4b,33,"Explica en menos de 100 palabras la diferencia entre Inteligencia Artificial, Ma",0.7,0.9,40,"Claro, aquí te explico la diferencia en menos de 100 palabras:

*   **Inteligencia Artificial (IA)** es el concepto general de crear máquinas que imitan la inteligencia humana.
*   **Machine Learning (ML)** es una *forma* de lograr la IA. Se trata de entrenar a las máquinas para aprender de los dato",3502.63,193.53,3235.54,33,148,45.74,580,8.1,
2026-06-02T16:47:08.412604,exp_a,gemma3:4b,34,"Explica en menos de 100 palabras la diferencia entre Inteligencia Artificial, Ma",0.7,0.9,40,"Claro, aquí tienes una explicación en menos de 100 palabras:

*   **Inteligencia Artificial (IA)** es el concepto general de crear máquinas que puedan imitar la inteligencia humana.
*   **Machine Learning (ML)** es un subconjunto de la IA que se centra en permitir que las máquinas aprendan de los da",3454.89,197.7,3187.55,33,146,45.8,603,7.5,
2026-06-02T16:47:11.913590,exp_a,gemma3:4b,35,"Explica en menos de 100 palabras la diferencia entre Inteligencia Artificial, Ma",0.7,0.9,40,"Claro, aquí tienes una explicación en menos de 100 palabras:

*   **Inteligencia Artificial (IA)** es el concepto general de crear máquinas que imiten la inteligencia humana.
*   **Machine Learning (ML)** es un subconjunto de la IA que permite a las máquinas aprender de los datos sin ser programadas",3494.22,194.28,3230.16,33,149,46.13,600,7.5,
2026-06-02T16:47:15.164501,exp_a,gemma3:4b,36,"Explica en menos de 100 palabras la diferencia entre Inteligencia Artificial, Ma",0.7,0.9,40,"Aquí te lo explico en menos de 100 palabras:

*   **Inteligencia Artificial (IA)** es el concepto amplio de crear máquinas que puedan imitar la inteligencia humana.
*   **Machine Learning (ML)** es un *tipo* de IA que permite a las máquinas aprender de los datos sin ser programadas explícitamente.
*",3244.2,197.09,2981.43,33,138,46.29,537,7.63,
2026-06-02T16:47:18.565468,exp_a,gemma3:4b,37,"Explica en menos de 100 palabras la diferencia entre Inteligencia Artificial, Ma",0.7,0.9,40,"Claro, aquí tienes una explicación en menos de 100 palabras:

*   **Inteligencia Artificial (IA)** es el concepto general de crear máquinas que puedan imitar la inteligencia humana.
*   **Machine Learning (ML)** es un *tipo* de IA que permite a las máquinas aprender de los datos sin ser programadas ",3394.92,203.84,3121.11,33,144,46.14,575,7.62,
2026-06-02T16:47:21.986359,exp_a,gemma3:4b,38,"Explica en menos de 100 palabras la diferencia entre Inteligencia Artificial, Ma",0.7,0.9,40,"Claro, aquí te lo explico en menos de 100 palabras:

*   **Inteligencia Artificial (IA)** es el concepto general de crear máquinas que imiten la inteligencia humana.
*   **Machine Learning (ML)** es un *tipo* de IA que permite a las máquinas aprender de los datos sin ser programadas explícitamente.
",3414.39,192.29,3153.6,33,145,45.98,565,7.62,
2026-06-02T16:47:25.274792,exp_a,gemma3:4b,39,"Explica en menos de 100 palabras la diferencia entre Inteligencia Artificial, Ma",0.7,0.9,40,"Claro, aquí tienes una explicación en menos de 100 palabras:

*   **Inteligencia Artificial (IA)** es el concepto general de crear máquinas que imiten la inteligencia humana.
*   **Machine Learning (ML)** es un *tipo* de IA que permite a las máquinas aprender de los datos sin ser explícitamente prog",3281.79,192.16,3020.42,33,139,46.02,563,7.62,
2026-06-02T16:47:28.849748,exp_a,gemma3:4b,40,"Explica en menos de 100 palabras la diferencia entre Inteligencia Artificial, Ma",0.7,0.9,40,"Aquí tienes una explicación en menos de 100 palabras de la diferencia entre IA, Machine Learning y IA Generativa:

*   **Inteligencia Artificial (IA)** es el concepto amplio de crear máquinas que puedan imitar la inteligencia humana.
*   **Machine Learning (ML)** es un *tipo* de IA que permite a las",3567.88,198.73,3299.15,33,153,46.38,624,7.54,
2026-06-02T16:47:32.141418,exp_a,gemma3:4b,41,"Explica en menos de 100 palabras la diferencia entre Inteligencia Artificial, Ma",0.7,0.9,40,"Claro, aquí tienes una explicación en menos de 100 palabras:

*   **Inteligencia Artificial (IA)** es el concepto general de crear máquinas que imiten la inteligencia humana.
*   **Machine Learning (ML)** es un *tipo* de IA que permite a las máquinas aprender de los datos sin ser programadas explíci",3285.55,201.03,3017.95,33,140,46.39,560,7.62,
2026-06-02T16:47:35.656199,exp_a,gemma3:4b,42,"Explica en menos de 100 palabras la diferencia entre Inteligencia Artificial, Ma",0.7,0.9,40,"Claro, aquí tienes una explicación en menos de 100 palabras:

*   **Inteligencia Artificial (IA)** es el concepto amplio de crear máquinas que puedan imitar la inteligencia humana.
*   **Machine Learning (ML)** es un subconjunto de la IA que se enfoca en permitir que las máquinas aprendan de los dat",3508.8,202.18,3237.06,33,150,46.34,609,7.55,
2026-06-02T16:47:39.167302,exp_a,gemma3:4b,43,"Explica en menos de 100 palabras la diferencia entre Inteligencia Artificial, Ma",0.7,0.9,40,"Claro, aquí tienes una explicación en menos de 100 palabras:

*   **Inteligencia Artificial (IA)** es el concepto general de crear máquinas que puedan imitar la inteligencia humana.
*   **Machine Learning (ML)** es un subconjunto de la IA que permite a las máquinas aprender de los datos sin ser prog",3504.33,195.62,3238.99,33,150,46.31,609,7.52,
2026-06-02T16:47:42.484372,exp_a,gemma3:4b,44,"Explica en menos de 100 palabras la diferencia entre Inteligencia Artificial, Ma",0.7,0.9,40,"Claro, aquí tienes una explicación en menos de 100 palabras:

*   **Inteligencia Artificial (IA)** es el concepto general de crear máquinas que imiten la inteligencia humana.
*   **Machine Learning (ML)** es una *técnica* para lograr la IA, donde las máquinas aprenden de datos sin ser programadas ex",3310.88,196.66,3047.95,33,141,46.26,562,7.69,
2026-06-02T16:47:46.517434,exp_a,gemma3:4b,45,"Explica en menos de 100 palabras la diferencia entre Inteligencia Artificial, Ma",0.7,0.9,40,"Claro, aquí tienes una explicación en menos de 100 palabras:

*   **Inteligencia Artificial (IA)** es el concepto general de crear máquinas que puedan imitar la inteligencia humana.
*   **Machine Learning (ML)** es un subconjunto de la IA que se centra en permitir que las máquinas aprendan de los da",4022.61,204.5,3722.81,33,154,41.37,629,7.48,
2026-06-02T16:47:50.505480,exp_a,gemma3:4b,46,"Explica en menos de 100 palabras la diferencia entre Inteligencia Artificial, Ma",0.7,0.9,40,"Aquí tienes una explicación en menos de 100 palabras de las diferencias entre IA, Machine Learning e IA Generativa:

*   **Inteligencia Artificial (IA)** es el concepto general de crear máquinas que puedan imitar la inteligencia humana.
*   **Machine Learning (ML)** es un *tipo* de IA que permite a ",3981.94,228.19,3653.02,33,152,41.61,633,7.57,
2026-06-02T16:47:54.320862,exp_a,gemma3:4b,47,"Explica en menos de 100 palabras la diferencia entre Inteligencia Artificial, Ma",0.7,0.9,40,"Claro, aquí tienes una explicación en menos de 100 palabras:

*   **Inteligencia Artificial (IA)** es el concepto general de crear máquinas que puedan imitar la inteligencia humana.
*   **Machine Learning (ML)** es un subconjunto de la IA que permite a las máquinas aprender de los datos sin ser prog",3810.89,226.32,3489.28,33,144,41.27,585,7.59,
2026-06-02T16:47:58.098844,exp_a,gemma3:4b,48,"Explica en menos de 100 palabras la diferencia entre Inteligencia Artificial, Ma",0.7,0.9,40,"Claro, aquí tienes una explicación en menos de 100 palabras:

*   **Inteligencia Artificial (IA)** es el concepto general de crear máquinas que puedan imitar la inteligencia humana.
*   **Machine Learning (ML)** es un subconjunto de la IA que permite a las máquinas aprender de los datos sin ser prog",3763.24,222.63,3454.93,33,142,41.1,580,7.57,
2026-06-02T16:48:02.052086,exp_a,gemma3:4b,49,"Explica en menos de 100 palabras la diferencia entre Inteligencia Artificial, Ma",0.7,0.9,40,"Claro, aquí tienes una explicación en menos de 100 palabras:

*   **Inteligencia Artificial (IA)** es el concepto general de crear máquinas que imitan la inteligencia humana.
*   **Machine Learning (ML)** es un subconjunto de la IA que permite a las máquinas aprender de los datos sin programación ex",3944.15,232.53,3610.6,33,147,40.71,598,7.51,
2026-06-02T16:48:05.620895,exp_a,gemma3:4b,50,"Explica en menos de 100 palabras la diferencia entre Inteligencia Artificial, Ma",0.7,0.9,40,"Claro, aquí tienes una explicación en menos de 100 palabras:

*   **Inteligencia Artificial (IA)** es el concepto general de crear máquinas que imiten la inteligencia humana.
*   **Machine Learning (ML)** es un subconjunto de la IA que permite a las máquinas aprender de los datos sin programación ex",3562.96,298.9,3186.99,33,141,44.24,573,7.55,
2026-06-02T16:48:09.119092,exp_a,gemma3:4b,51,"Explica en menos de 100 palabras la diferencia entre Inteligencia Artificial, Ma",0.7,0.9,40,"Claro, aquí tienes una explicación en menos de 100 palabras:

*   **Inteligencia Artificial (IA)** es el concepto general de crear máquinas que imiten el pensamiento humano.
*   **Machine Learning (ML)** es un subconjunto de la IA que se enfoca en permitir que las máquinas aprendan de los datos sin ",3492.0,196.17,3225.71,33,149,46.19,612,7.54,
2026-06-02T16:48:13.047088,exp_a,gemma3:4b,52,"Explica en menos de 100 palabras la diferencia entre Inteligencia Artificial, Ma",0.7,0.9,40,"Claro, aquí tienes una explicación en menos de 100 palabras:

*   **Inteligencia Artificial (IA)** es el concepto general de crear máquinas que imitan la inteligencia humana.
*   **Machine Learning (ML)** es un subconjunto de la IA que se centra en permitir que las máquinas aprendan de los datos sin",3921.78,202.79,3635.87,33,158,43.46,635,7.41,
2026-06-02T16:48:17.013322,exp_a,gemma3:4b,53,"Explica en menos de 100 palabras la diferencia entre Inteligencia Artificial, Ma",0.7,0.9,40,"Aquí tienes una explicación en menos de 100 palabras de la diferencia entre estos conceptos:

*   **Inteligencia Artificial (IA):** Es el concepto general de crear máquinas que puedan realizar tareas que normalmente requieren inteligencia humana.
*   **Machine Learning (ML):** Es un subconjunto de l",3954.38,225.96,3628.67,33,149,41.06,638,7.57,
2026-06-02T16:48:20.798844,exp_a,gemma3:4b,54,"Explica en menos de 100 palabras la diferencia entre Inteligencia Artificial, Ma",0.7,0.9,40,"Aquí te va una explicación en menos de 100 palabras:

*   **Inteligencia Artificial (IA)** es el concepto general de crear máquinas que imiten la inteligencia humana.
*   **Machine Learning (ML)** es un *tipo* de IA que permite a las máquinas aprender de datos sin ser programadas explícitamente.
*  ",3780.79,232.16,3457.23,33,142,41.07,570,7.55,
2026-06-02T16:48:24.355288,exp_a,gemma3:4b,55,"Explica en menos de 100 palabras la diferencia entre Inteligencia Artificial, Ma",0.7,0.9,40,"Claro, aquí tienes una explicación en menos de 100 palabras:

*   **Inteligencia Artificial (IA)** es el concepto general de crear máquinas que puedan imitar la inteligencia humana.
*   **Machine Learning (ML)** es un *tipo* de IA que permite a las máquinas aprender de los datos sin ser programadas ",3547.47,249.44,3214.85,33,137,42.61,556,7.59,
2026-06-02T16:48:27.705114,exp_a,gemma3:4b,56,"Explica en menos de 100 palabras la diferencia entre Inteligencia Artificial, Ma",0.7,0.9,40,"Claro, aquí tienes una explicación en menos de 100 palabras:

*   **Inteligencia Artificial (IA)** es el concepto general de crear máquinas que puedan imitar la inteligencia humana.
*   **Machine Learning (ML)** es un *tipo* de IA que permite a las máquinas aprender de los datos sin ser programadas ",3343.59,200.3,3075.26,33,142,46.17,571,7.62,
2026-06-02T16:48:31.118050,exp_a,gemma3:4b,57,"Explica en menos de 100 palabras la diferencia entre Inteligencia Artificial, Ma",0.7,0.9,40,"Claro, aquí tienes una explicación en menos de 100 palabras:

*   **Inteligencia Artificial (IA)** es el concepto general de crear máquinas que imiten la inteligencia humana.
*   **Machine Learning (ML)** es un subconjunto de la IA que permite a las máquinas aprender de los datos sin ser programadas",3406.54,201.24,3135.65,33,145,46.24,582,7.5,
2026-06-02T16:48:34.556885,exp_a,gemma3:4b,58,"Explica en menos de 100 palabras la diferencia entre Inteligencia Artificial, Ma",0.7,0.9,40,"Claro, aquí tienes una explicación en menos de 100 palabras:

*   **Inteligencia Artificial (IA)** es el concepto general de crear máquinas que imiten la inteligencia humana.
*   **Machine Learning (ML)** es un *tipo* de IA que permite a las máquinas aprender de los datos sin ser programadas explíci",3432.12,195.22,3167.89,33,147,46.4,577,7.56,
2026-06-02T16:48:38.038789,exp_a,gemma3:4b,59,"Explica en menos de 100 palabras la diferencia entre Inteligencia Artificial, Ma",0.7,0.9,40,"Claro, aquí tienes una explicación en menos de 100 palabras:

*   **Inteligencia Artificial (IA)** es el concepto general de crear máquinas que imiten la inteligencia humana.
*   **Machine Learning (ML)** es un *tipo* de IA que permite a las máquinas aprender de los datos sin ser programadas explíci",3475.78,197.4,3209.5,33,149,46.42,591,7.53,
2026-06-02T16:48:41.484865,exp_a,gemma3:4b,60,"Explica en menos de 100 palabras la diferencia entre Inteligencia Artificial, Ma",0.7,0.9,40,"Claro, aquí te explico la diferencia en menos de 100 palabras:

*   **Inteligencia Artificial (IA)** es el concepto general de crear máquinas que imiten el pensamiento humano.
*   **Machine Learning (ML)** es un subconjunto de la IA que permite a las máquinas aprender de los datos sin ser programada",3439.65,199.38,3171.77,33,147,46.35,588,7.52,
2026-06-02T16:48:44.889315,exp_a,gemma3:4b,61,"Explica en menos de 100 palabras la diferencia entre Inteligencia Artificial, Ma",0.7,0.9,40,"Claro, aquí te explico la diferencia en menos de 100 palabras:

*   **Inteligencia Artificial (IA)** es el concepto general de crear máquinas que imitan la inteligencia humana.
*   **Machine Learning (ML)** es un *tipo* de IA que permite a las máquinas aprender de los datos sin ser programadas explí",3397.51,199.76,3128.8,33,144,46.02,574,7.67,
2026-06-02T16:48:48.746322,exp_a,gemma3:4b,62,"Explica en menos de 100 palabras la diferencia entre Inteligencia Artificial, Ma",0.7,0.9,40,"Claro, aquí tienes una explicación en menos de 100 palabras:

*   **Inteligencia Artificial (IA)** es el concepto general de crear máquinas que puedan realizar tareas que normalmente requieren inteligencia humana.
*   **Machine Learning (ML)** es un subconjunto de la IA que se centra en permitir que",3852.92,231.59,3525.7,33,145,41.13,624,7.54,
2026-06-02T16:48:52.233790,exp_a,gemma3:4b,63,"Explica en menos de 100 palabras la diferencia entre Inteligencia Artificial, Ma",0.7,0.9,40,"Claro, aquí tienes una explicación en menos de 100 palabras:

*   **Inteligencia Artificial (IA)** es el concepto general de crear máquinas que imiten la inteligencia humana.
*   **Machine Learning (ML)** es un *tipo* de IA que permite a las máquinas aprender de los datos sin ser programadas explíci",3483.55,232.4,3178.66,33,143,44.99,575,7.61,
2026-06-02T16:48:55.741199,exp_a,gemma3:4b,64,"Explica en menos de 100 palabras la diferencia entre Inteligencia Artificial, Ma",0.7,0.9,40,"Claro, aquí tienes una explicación en menos de 100 palabras:

*   **Inteligencia Artificial (IA)** es el concepto general de crear máquinas que puedan imitar la inteligencia humana.
*   **Machine Learning (ML)** es un subconjunto de la IA que se centra en permitir que las máquinas aprendan de los da",3501.31,200.66,3228.8,33,147,45.53,606,7.48,
2026-06-02T16:48:59.488083,exp_a,gemma3:4b,65,"Explica en menos de 100 palabras la diferencia entre Inteligencia Artificial, Ma",0.7,0.9,40,"Claro, aquí tienes una explicación en menos de 100 palabras:

*   **Inteligencia Artificial (IA)** es el concepto general de crear máquinas que imiten la inteligencia humana.
*   **Machine Learning (ML)** es un *tipo* de IA que permite a las máquinas aprender de los datos sin ser programadas explíci",3738.71,239.7,3396.37,33,140,41.22,573,7.58,
2026-06-02T16:49:03.392791,exp_a,gemma3:4b,66,"Explica en menos de 100 palabras la diferencia entre Inteligencia Artificial, Ma",0.7,0.9,40,"Claro, aquí tienes una explicación en menos de 100 palabras:

*   **Inteligencia Artificial (IA)** es el concepto general de crear máquinas que puedan imitar la inteligencia humana.
*   **Machine Learning (ML)** es un subconjunto de la IA que se centra en permitir que las máquinas aprendan de los da",3898.83,227.22,3570.21,33,147,41.17,599,7.49,
2026-06-02T16:49:06.929393,exp_a,gemma3:4b,67,"Explica en menos de 100 palabras la diferencia entre Inteligencia Artificial, Ma",0.7,0.9,40,"Claro, aquí te explico la diferencia en menos de 100 palabras:

*   **Inteligencia Artificial (IA)** es el concepto general de crear máquinas que puedan imitar la inteligencia humana.
*   **Machine Learning (ML)** es un *tipo* de IA que permite a las máquinas aprender de los datos sin ser programada",3530.26,234.25,3222.01,33,146,45.31,583,7.63,
2026-06-02T16:49:11.051501,exp_a,gemma3:4b,68,"Explica en menos de 100 palabras la diferencia entre Inteligencia Artificial, Ma",0.7,0.9,40,"Claro, aquí tienes una explicación en menos de 100 palabras:

*   **Inteligencia Artificial (IA)** es el concepto general de crear máquinas que puedan imitar la inteligencia humana.
*   **Machine Learning (ML)** es un subconjunto de la IA que se enfoca en permitir que las máquinas aprendan de los da",4117.21,238.07,3776.96,33,155,41.04,630,7.46,
2026-06-02T16:49:14.734853,exp_a,gemma3:4b,69,"Explica en menos de 100 palabras la diferencia entre Inteligencia Artificial, Ma",0.7,0.9,40,"Claro, aquí te lo explico:

*   **Inteligencia Artificial (IA)** es el concepto amplio de crear máquinas que imiten la inteligencia humana.
*   **Machine Learning (ML)** es un subconjunto de la IA que permite a las máquinas aprender de los datos sin ser programadas explícitamente.
*   **IA Generativ",3678.68,229.93,3355.98,33,138,41.12,552,7.56,
2026-06-02T16:49:18.381475,exp_a,gemma3:4b,70,"Explica en menos de 100 palabras la diferencia entre Inteligencia Artificial, Ma",0.7,0.9,40,"Claro, aquí tienes una explicación en menos de 100 palabras:

*   **Inteligencia Artificial (IA)** es el concepto general de crear máquinas que puedan imitar la inteligencia humana.
*   **Machine Learning (ML)** es un *tipo* de IA que permite a las máquinas aprender de los datos sin programación exp",3641.92,228.26,3328.34,33,138,41.46,552,7.61,
2026-06-02T16:49:21.732851,exp_a,gemma3:4b,71,"Explica en menos de 100 palabras la diferencia entre Inteligencia Artificial, Ma",0.7,0.9,40,"Claro, aquí tienes una explicación en menos de 100 palabras:

*   **Inteligencia Artificial (IA)** es el concepto general de crear máquinas que imiten el pensamiento humano.
*   **Machine Learning (ML)** es un *tipo* de IA que permite a las máquinas aprender de los datos sin ser programadas explícit",3343.74,203.89,3071.04,33,141,45.91,558,7.64,
2026-06-02T16:49:25.221333,exp_a,gemma3:4b,72,"Explica en menos de 100 palabras la diferencia entre Inteligencia Artificial, Ma",0.7,0.9,40,"Claro, aquí tienes una explicación en menos de 100 palabras:

*   **Inteligencia Artificial (IA)** es el concepto general de crear máquinas que imiten la inteligencia humana.
*   **Machine Learning (ML)** es un *tipo* de IA que permite a las máquinas aprender de los datos sin ser programadas explíci",3481.48,200.86,3210.54,33,148,46.1,582,7.59,
2026-06-02T16:49:28.606945,exp_a,gemma3:4b,73,"Explica en menos de 100 palabras la diferencia entre Inteligencia Artificial, Ma",0.7,0.9,40,"Claro, aquí tienes una explicación en menos de 100 palabras:

*   **Inteligencia Artificial (IA)** es el concepto general de crear máquinas que imiten la inteligencia humana.
*   **Machine Learning (ML)** es un subconjunto de la IA que permite a las máquinas aprender de los datos sin ser programadas",3376.51,200.75,3107.41,33,143,46.02,583,7.59,
2026-06-02T16:49:31.812135,exp_a,gemma3:4b,74,"Explica en menos de 100 palabras la diferencia entre Inteligencia Artificial, Ma",0.7,0.9,40,"Claro, aquí te lo explico:

*   **Inteligencia Artificial (IA)** es el concepto general de crear máquinas que imiten la inteligencia humana.
*   **Machine Learning (ML)** es un subconjunto de la IA que permite a las máquinas aprender de los datos sin ser programadas explícitamente.
*   **IA Generati",3196.24,197.67,2933.18,33,135,46.03,532,7.58,
2026-06-02T16:49:35.345464,exp_a,gemma3:4b,75,"Explica en menos de 100 palabras la diferencia entre Inteligencia Artificial, Ma",0.7,0.9,40,"Claro, aquí te explico la diferencia en menos de 100 palabras:

*   **Inteligencia Artificial (IA)** es el concepto general de crear máquinas que imiten la inteligencia humana.
*   **Machine Learning (ML)** es un subconjunto de la IA que permite a las máquinas aprender de los datos sin ser programad",3521.16,191.35,3251.14,33,145,44.6,582,7.5,
2026-06-02T16:49:39.378991,exp_a,gemma3:4b,76,"Explica en menos de 100 palabras la diferencia entre Inteligencia Artificial, Ma",0.7,0.9,40,"Claro, aquí te lo explico en menos de 100 palabras:

*   **Inteligencia Artificial (IA)** es el concepto general de crear máquinas que imiten la inteligencia humana.
*   **Machine Learning (ML)** es un subconjunto de la IA que permite a las máquinas aprender de los datos sin programación explícita.
",4019.17,231.02,3622.25,33,139,38.37,556,7.65,
2026-06-02T16:49:42.975167,exp_a,gemma3:4b,77,"Explica en menos de 100 palabras la diferencia entre Inteligencia Artificial, Ma",0.7,0.9,40,"Aquí tienes una explicación en menos de 100 palabras:

*   **Inteligencia Artificial (IA)** es el concepto general de crear máquinas que imiten la inteligencia humana.
*   **Machine Learning (ML)** es un *tipo* de IA que permite a las máquinas aprender de los datos sin ser programadas explícitamente",3588.23,245.08,3251.99,33,137,42.13,547,7.6,
2026-06-02T16:49:46.835253,exp_a,gemma3:4b,78,"Explica en menos de 100 palabras la diferencia entre Inteligencia Artificial, Ma",0.7,0.9,40,"Claro, aquí tienes una explicación en menos de 100 palabras:

*   **Inteligencia Artificial (IA)** es el concepto general de crear máquinas que imiten la inteligencia humana.
*   **Machine Learning (ML)** es un *tipo* de IA que permite a las máquinas aprender de los datos sin ser programadas explíci",3848.1,198.33,3537.49,33,150,42.4,596,7.56,
2026-06-02T16:49:50.460196,exp_a,gemma3:4b,79,"Explica en menos de 100 palabras la diferencia entre Inteligencia Artificial, Ma",0.7,0.9,40,"Claro, aquí tienes una explicación en menos de 100 palabras:

*   **Inteligencia Artificial (IA)** es el concepto general de crear máquinas que imiten la inteligencia humana.
*   **Machine Learning (ML)** es un subconjunto de la IA que se enfoca en permitir que las máquinas aprendan de los datos sin",3616.6,259.89,3284.52,33,149,45.36,606,7.53,
2026-06-02T16:49:54.164219,exp_a,gemma3:4b,80,"Explica en menos de 100 palabras la diferencia entre Inteligencia Artificial, Ma",0.7,0.9,40,"Claro, aquí tienes una explicación en menos de 100 palabras:

*   **Inteligencia Artificial (IA)** es el concepto general de crear máquinas que puedan imitar la inteligencia humana.
*   **Machine Learning (ML)** es un subconjunto de la IA que permite a las máquinas aprender de los datos sin ser prog",3696.25,196.27,3390.85,33,140,41.29,574,7.6,
2026-06-02T16:49:58.042036,exp_a,gemma3:4b,81,"Explica en menos de 100 palabras la diferencia entre Inteligencia Artificial, Ma",0.7,0.9,40,"Claro, aquí tienes una explicación en menos de 100 palabras:

*   **Inteligencia Artificial (IA)** es el concepto general de crear máquinas que puedan imitar la inteligencia humana.
*   **Machine Learning (ML)** es un subconjunto de la IA que se centra en permitir que las máquinas aprendan de los da",3873.0,233.27,3538.56,33,145,40.98,595,7.53,
2026-06-02T16:50:01.695902,exp_a,gemma3:4b,82,"Explica en menos de 100 palabras la diferencia entre Inteligencia Artificial, Ma",0.7,0.9,40,"Claro, aquí tienes una explicación en menos de 100 palabras:

*   **Inteligencia Artificial (IA)** es el concepto general de crear máquinas que imiten el pensamiento humano.
*   **Machine Learning (ML)** es un subconjunto de la IA que se centra en permitir que las máquinas aprendan de los datos sin ",3645.64,192.61,3381.17,33,156,46.14,636,7.47,
2026-06-02T16:50:05.401060,exp_a,gemma3:4b,83,"Explica en menos de 100 palabras la diferencia entre Inteligencia Artificial, Ma",0.7,0.9,40,"Aquí tienes una explicación en menos de 100 palabras de la diferencia entre IA, Machine Learning y IA Generativa:

*   **Inteligencia Artificial (IA)** es el concepto general de crear máquinas que puedan imitar la inteligencia humana.
*   **Machine Learning (ML)** es un *tipo* de IA que permite a la",3698.51,203.17,3421.67,33,158,46.18,647,7.54,
2026-06-02T16:50:09.032881,exp_a,gemma3:4b,84,"Explica en menos de 100 palabras la diferencia entre Inteligencia Artificial, Ma",0.7,0.9,40,"Claro, aquí tienes una explicación en menos de 100 palabras:

*   **Inteligencia Artificial (IA)** es el concepto general de crear máquinas que puedan realizar tareas que normalmente requieren inteligencia humana.
*   **Machine Learning (ML)** es un subconjunto de la IA que permite a las máquinas ap",3624.18,202.71,3342.52,33,146,43.68,617,7.63,
2026-06-02T16:50:12.771563,exp_a,gemma3:4b,85,"Explica en menos de 100 palabras la diferencia entre Inteligencia Artificial, Ma",0.7,0.9,40,"Claro, aquí te explico la diferencia en menos de 100 palabras:

*   **Inteligencia Artificial (IA)** es el concepto general de crear máquinas que imiten la inteligencia humana.
*   **Machine Learning (ML)** es un *tipo* de IA que permite a las máquinas aprender de datos sin ser programadas explícita",3733.93,235.01,3410.5,33,144,42.22,570,7.64,
2026-06-02T16:50:16.851580,exp_a,gemma3:4b,86,"Explica en menos de 100 palabras la diferencia entre Inteligencia Artificial, Ma",0.7,0.9,40,"Aquí tienes una explicación de la diferencia entre IA, Machine Learning y IA Generativa en menos de 100 palabras:

*   **Inteligencia Artificial (IA)** es el concepto amplio de crear máquinas que puedan imitar la inteligencia humana.
*   **Machine Learning (ML)** es un *tipo* de IA que permite a las",4061.7,258.97,3705.74,33,153,41.29,643,7.48,
2026-06-02T16:50:20.789477,exp_a,gemma3:4b,87,"Explica en menos de 100 palabras la diferencia entre Inteligencia Artificial, Ma",0.7,0.9,40,"Aquí tienes una explicación en menos de 100 palabras de la diferencia entre IA, Machine Learning y IA Generativa:

*   **Inteligencia Artificial (IA)** es el concepto general de crear máquinas que imitan la inteligencia humana.
*   **Machine Learning (ML)** es un *tipo* de IA que permite a las máqui",3931.82,226.18,3606.97,33,149,41.31,617,7.55,
2026-06-02T16:50:24.550105,exp_a,gemma3:4b,88,"Explica en menos de 100 palabras la diferencia entre Inteligencia Artificial, Ma",0.7,0.9,40,"Claro, aquí tienes una explicación en menos de 100 palabras:

*   **Inteligencia Artificial (IA)** es el concepto general de crear máquinas que imiten la inteligencia humana.
*   **Machine Learning (ML)** es un subconjunto de la IA que permite a las máquinas aprender de los datos sin ser programadas",3755.29,230.65,3439.62,33,141,40.99,582,7.54,
2026-06-02T16:50:28.523343,exp_a,gemma3:4b,89,"Explica en menos de 100 palabras la diferencia entre Inteligencia Artificial, Ma",0.7,0.9,40,"Claro, aquí tienes una explicación en menos de 100 palabras:

*   **Inteligencia Artificial (IA)** es el concepto general de crear máquinas que puedan imitar la inteligencia humana.
*   **Machine Learning (ML)** es un *tipo* de IA que permite a las máquinas aprender de los datos sin ser programadas ",3968.01,252.43,3621.84,33,146,40.31,590,7.62,
2026-06-02T16:50:32.415835,exp_a,gemma3:4b,90,"Explica en menos de 100 palabras la diferencia entre Inteligencia Artificial, Ma",0.7,0.9,40,"Claro, aquí te explico la diferencia en menos de 100 palabras:

*   **Inteligencia Artificial (IA)** es el concepto general de crear máquinas que imiten la inteligencia humana.
*   **Machine Learning (ML)** es una *técnica* para lograr la IA.  Se alimenta a las máquinas con datos para que aprendan y",3882.97,234.06,3556.19,33,146,41.06,569,7.69,
2026-06-02T16:50:36.524850,exp_a,gemma3:4b,91,"Explica en menos de 100 palabras la diferencia entre Inteligencia Artificial, Ma",0.7,0.9,40,"Claro, aquí tienes una explicación en menos de 100 palabras:

*   **Inteligencia Artificial (IA)** es el concepto general de crear máquinas que imiten la inteligencia humana.
*   **Machine Learning (ML)** es una *técnica* para lograr la IA, donde las máquinas aprenden de datos sin ser explícitamente",4103.92,230.54,3736.75,33,143,38.27,556,7.64,
2026-06-02T16:50:40.598701,exp_a,gemma3:4b,92,"Explica en menos de 100 palabras la diferencia entre Inteligencia Artificial, Ma",0.7,0.9,40,"Claro, aquí tienes una explicación en menos de 100 palabras:

*   **Inteligencia Artificial (IA)** es el concepto general de crear máquinas que puedan imitar la inteligencia humana.
*   **Machine Learning (ML)** es un *tipo* de IA que permite a las máquinas aprender de los datos sin ser programadas ",4054.1,287.67,3629.8,33,141,38.85,565,7.64,
2026-06-02T16:50:44.548600,exp_a,gemma3:4b,93,"Explica en menos de 100 palabras la diferencia entre Inteligencia Artificial, Ma",0.7,0.9,40,"Claro, aquí tienes una explicación en menos de 100 palabras:

*   **Inteligencia Artificial (IA)** es el concepto general de crear máquinas que puedan imitar la inteligencia humana.
*   **Machine Learning (ML)** es un subconjunto de la IA que se centra en permitir que las máquinas aprendan de los da",3938.37,250.75,3584.32,33,145,40.45,587,7.48,
2026-06-02T16:50:48.503186,exp_a,gemma3:4b,94,"Explica en menos de 100 palabras la diferencia entre Inteligencia Artificial, Ma",0.7,0.9,40,"Claro, aquí tienes una explicación en menos de 100 palabras:

*   **Inteligencia Artificial (IA)** es el concepto general de crear máquinas que imiten la inteligencia humana.
*   **Machine Learning (ML)** es un *tipo* de IA que permite a las máquinas aprender de los datos sin ser explícitamente prog",3942.99,239.3,3599.03,33,143,39.73,574,7.62,
2026-06-02T16:50:52.270785,exp_a,gemma3:4b,95,"Explica en menos de 100 palabras la diferencia entre Inteligencia Artificial, Ma",0.7,0.9,40,"Claro, aquí te lo explico en menos de 100 palabras:

*   **Inteligencia Artificial (IA)** es el concepto general de crear máquinas que puedan imitar la inteligencia humana.
*   **Machine Learning (ML)** es un subconjunto de la IA que se enfoca en permitir que las máquinas aprendan de los datos sin s",3759.96,256.06,3405.04,33,145,42.58,567,7.52,
2026-06-02T16:50:56.050262,exp_a,gemma3:4b,96,"Explica en menos de 100 palabras la diferencia entre Inteligencia Artificial, Ma",0.7,0.9,40,"Aquí te va una explicación en menos de 100 palabras:

*   **Inteligencia Artificial (IA)** es el concepto general de crear máquinas que imiten el pensamiento humano.
*   **Machine Learning (ML)** es un subconjunto de la IA que permite a las máquinas aprender de los datos sin ser programadas explícit",3772.09,231.09,3443.21,33,143,41.53,583,7.54,
2026-06-02T16:50:59.881734,exp_a,gemma3:4b,97,"Explica en menos de 100 palabras la diferencia entre Inteligencia Artificial, Ma",0.7,0.9,40,"Claro, aquí tienes una explicación en menos de 100 palabras:

*   **Inteligencia Artificial (IA)** es el concepto general de crear máquinas que imiten la inteligencia humana.
*   **Machine Learning (ML)** es un subconjunto de la IA que se centra en permitir que las máquinas aprendan de los datos sin",3823.81,229.57,3495.33,33,145,41.48,598,7.52,
2026-06-02T16:51:03.462000,exp_a,gemma3:4b,98,"Explica en menos de 100 palabras la diferencia entre Inteligencia Artificial, Ma",0.7,0.9,40,"Aquí tienes una explicación en menos de 100 palabras de la diferencia entre estos conceptos:

*   **Inteligencia Artificial (IA)** es el concepto general de crear máquinas que puedan imitar la inteligencia humana.
*   **Machine Learning (ML)** es un *subconjunto* de la IA que permite a las máquinas ",3574.69,207.63,3296.18,33,152,46.11,620,7.54,
2026-06-02T16:51:07.131123,exp_a,gemma3:4b,99,"Explica en menos de 100 palabras la diferencia entre Inteligencia Artificial, Ma",0.7,0.9,40,"Claro, aquí tienes una explicación en menos de 100 palabras:

*   **Inteligencia Artificial (IA)** es el concepto general de crear máquinas que imiten el pensamiento humano.
*   **Machine Learning (ML)** es un subconjunto de la IA que permite a las máquinas aprender de los datos sin ser programadas ",3662.64,203.35,3362.19,33,141,41.94,576,7.57,
2026-06-02T16:51:10.635421,exp_a,gemma3:4b,100,"Explica en menos de 100 palabras la diferencia entre Inteligencia Artificial, Ma",0.7,0.9,40,"Claro, aquí te lo explico en menos de 100 palabras:

*   **Inteligencia Artificial (IA)** es el concepto general de crear máquinas que puedan imitar la inteligencia humana.
*   **Machine Learning (ML)** es un *tipo* de IA que permite a las máquinas aprender de los datos sin ser programadas explícita",3499.6,234.31,3187.98,33,145,45.48,573,7.68,
2026-06-02T16:51:19.497687,exp_a,phi4-mini:latest,1,"Explica en menos de 100 palabras la diferencia entre Inteligencia Artificial, Ma",0.7,0.9,40,"La Inteligencia Artificial (IA) es el conjunto general que abarca todo lo relacionado con las máquinas imitando comportamientos inteligentes. El Machine Learning (ML), un subconjunto del IA, se trata de algoritmos aprendiendo y mejorando su rendimiento a partir de datos sin instrucciones explícitas.",8845.88,1078.36,4061.9,25,200,49.24,1025,8.26,
2026-06-02T16:51:21.702044,exp_a,phi4-mini:latest,2,"Explica en menos de 100 palabras la diferencia entre Inteligencia Artificial, Ma",0.7,0.9,40,"La **Inteligencia Artificial (IA)** se refiere a sistemas que realizan tareas usualmente requeridas para la inteligencia humana, como reconocer el habla o textos.

El **Machine Learning** es una rama del aprendizaje automático donde los algoritmos aprenden de datos y mejoran con cada nueva informaci",2194.14,110.19,2010.73,25,100,49.73,507,8.74,
2026-06-02T16:51:25.225066,exp_a,phi4-mini:latest,3,"Explica en menos de 100 palabras la diferencia entre Inteligencia Artificial, Ma",0.7,0.9,40,"La Inteligencia Artificial (IA) se refiere al desarrollo del software con capacidad para realizar tareas que requieren inteligencia humana, como el pensamiento crítico y la resolución de problemas.

Machine Learning es un subcampo de la IA donde los sistemas aprenden a partir de datos sin ser explic",3515.52,104.39,3309.58,25,164,49.55,934,8.44,
2026-06-02T16:51:28.237274,exp_a,phi4-mini:latest,4,"Explica en menos de 100 palabras la diferencia entre Inteligencia Artificial, Ma",0.7,0.9,40,"La Inteligencia Artificial (IA) es el conjunto general de tecnologías que permiten a las máquinas simular comportamientos humanos y realizar tareas complejas automáticamente.

El Aprendizaje Automático (ML), un subcampo de la IA, implica entrenamiento de modelos con datos para identificar patrones y",3003.99,99.21,2812.32,25,139,49.43,768,8.3,
2026-06-02T16:51:31.114242,exp_a,phi4-mini:latest,5,"Explica en menos de 100 palabras la diferencia entre Inteligencia Artificial, Ma",0.7,0.9,40,"La **Inteligencia Artificial (IA)** se refiere a sistemas que realizan tareas normalmente requieren inteligencia humana: aprendizaje, percepción, resolución de problemas y entendimiento del lenguaje natural.

El **Machine Learning** es una subrama de IA donde los algoritmos aprenden automáticamente ",2867.91,93.98,2682.18,25,131,48.84,734,8.69,
2026-06-02T16:51:33.678145,exp_a,phi4-mini:latest,6,"Explica en menos de 100 palabras la diferencia entre Inteligencia Artificial, Ma",0.7,0.9,40,"La Inteligencia Artificial (IA) es el conjunto general de tecnologías para crear máquinas capaces de realizar tareas que requieren inteligencia humana.

Machine Learning es una rama específica dentro del campo de la IA; se trata de desarrollar algoritmos capaces de aprender y mejorar con datos sin s",2556.89,101.68,2372.11,25,116,48.9,625,8.25,
2026-06-02T16:51:35.725766,exp_a,phi4-mini:latest,7,"Explica en menos de 100 palabras la diferencia entre Inteligencia Artificial, Ma",0.7,0.9,40,"La Inteligencia Artificial (IA) es el conjunto general de técnicas que permiten a las máquinas simular procesos intelectuales humanos. El Machine Learning (ML), un subconjunto de IA, implica entrenar algoritmos con datos para mejorar su rendimiento en tareas específicas sin codificarlos explícitamen",2037.44,97.8,1868.29,25,92,49.24,473,8.02,
2026-06-02T16:51:38.618878,exp_a,phi4-mini:latest,8,"Explica en menos de 100 palabras la diferencia entre Inteligencia Artificial, Ma",0.7,0.9,40,"La Inteligencia Artificial (IA) es el campo que estudia las máquinas capaces de realizar tareas que normalmente requieren inteligencia humana.

Machine Learning (ML), un subconjunto del IA, involucra enseñar a los sistemas computacionales para aprender y tomar decisiones de forma autónoma mediante e",2882.23,100.24,2680.67,25,130,48.5,660,8.34,
2026-06-02T16:51:41.702643,exp_a,phi4-mini:latest,9,"Explica en menos de 100 palabras la diferencia entre Inteligencia Artificial, Ma",0.7,0.9,40,"La **Inteligencia Artificial (IA)** es el término general para sistemas capaces de realizar tareas que normalmente requieren inteligencia humana, como reconocer patrones y tomar decisiones.

El **Machine Learning (ML)** es un subconjunto del campo de la IA donde los algoritmos aprenden a partir de d",3073.43,119.24,2856.54,25,140,49.01,728,8.4,
2026-06-02T16:51:46.046045,exp_a,phi4-mini:latest,10,"Explica en menos de 100 palabras la diferencia entre Inteligencia Artificial, Ma",0.7,0.9,40,"La **Inteligencia Artificial (IA)** es el conjunto de sistemas capaces de realizar tareas que generalmente requieren inteligencia humana, como comprender lenguaje natural o reconocer imágenes.

El **Machine Learning** es un subcampo de la IA donde los algoritmos aprenden a partir del datos y mejoran",4330.85,94.63,4103.9,25,200,48.73,1099,8.62,
2026-06-02T16:51:49.789976,exp_a,phi4-mini:latest,11,"Explica en menos de 100 palabras la diferencia entre Inteligencia Artificial, Ma",0.7,0.9,40,"La **Inteligencia Artificial (IA)** se refiere a sistemas capaces de realizar tareas que requieren inteligencia humana, como el razonamiento y aprender.

**Machine Learning (ML)** es una rama de la IA donde los algoritmos aprenden de datos para tomar decisiones o predicciones sin ser explícitamente ",3731.17,97.58,3508.03,25,170,48.46,829,8.09,
2026-06-02T16:51:52.448497,exp_a,phi4-mini:latest,12,"Explica en menos de 100 palabras la diferencia entre Inteligencia Artificial, Ma",0.7,0.9,40,"La Inteligencia Artificial (IA) es el campo que se ocupa del desarrollo y uso de sistemas capaces de realizar tareas con inteligencia humana como reconocer voz o visión. El Aprendizaje Automático (Machine Learning, ML), una rama de la IA, implica al sistema aprender a partir de datos para mejorar su",2639.81,114.09,2435.86,25,117,48.03,607,8.1,
2026-06-02T16:51:56.802641,exp_a,phi4-mini:latest,13,"Explica en menos de 100 palabras la diferencia entre Inteligencia Artificial, Ma",0.7,0.9,40,"La Inteligencia Artificial (IA) es el campo general que busca crear máquinas capaces de acciones inteligentes.

Machine Learning (ML), una rama del AI, implica entrenar algoritmos con grandes cantidades de datos para hacer predicciones o tomar decisiones sin instrucciones explícitas.

La IA generati",4343.1,99.88,4110.59,25,200,48.65,1113,8.17,
2026-06-02T16:51:59.407979,exp_a,phi4-mini:latest,14,"Explica en menos de 100 palabras la diferencia entre Inteligencia Artificial, Ma",0.7,0.9,40,La Inteligencia Artificial (IA) es el conocimiento y las capacidades computacionales para realizar tareas que normalmente requieren inteligencia humana. El Aprendizaje Automático (Machine Learning - ML) se refiere a un subconjunto del IA donde los sistemas aprenden de datos sin ser explícitamente co,2590.79,112.63,2396.65,25,119,49.65,609,8.43,
2026-06-02T16:52:02.020017,exp_a,phi4-mini:latest,15,"Explica en menos de 100 palabras la diferencia entre Inteligencia Artificial, Ma",0.7,0.9,40,"Inteligencia Artificial (IA) se refiere al diseño inteligente mediante programas informáticos que pueden realizar tareas típicas del razonamiento humano.

Machine Learning es una rama de la IA donde los algoritmos aprenden y mejoran a partir de datos sin codificación explícita, identificando patrone",2602.02,98.73,2416.54,25,119,49.24,613,8.35,
2026-06-02T16:52:04.714080,exp_a,phi4-mini:latest,16,"Explica en menos de 100 palabras la diferencia entre Inteligencia Artificial, Ma",0.7,0.9,40,La Inteligencia Artificial (IA) se refiere a sistemas o programas que muestran inteligencia artificial y pueden realizar tareas que normalmente requieren inteligencia humana. El Aprendizaje Automático es un subcampo del campo más amplio de los Sistemas Autónomos: el aprendizaje automático implica en,2686.38,100.73,2498.6,25,123,49.23,715,8.18,
2026-06-02T16:52:08.383290,exp_a,phi4-mini:latest,17,"Explica en menos de 100 palabras la diferencia entre Inteligencia Artificial, Ma",0.7,0.9,40,"La IA se refiere a sistemas que imitan capacidades mentales humanas como aprender, razonar y percibir, con técnicas variadas desde reglas codificadas hasta redes neuronales.

Machine Learning (ML), un subconjunto de IA, es el proceso automático por el cual las máquinas aprenden de datos para tomar d",3657.61,100.54,3442.0,25,168,48.81,874,7.45,
2026-06-02T16:52:12.381717,exp_a,phi4-mini:latest,18,"Explica en menos de 100 palabras la diferencia entre Inteligencia Artificial, Ma",0.7,0.9,40,"La **Inteligencia Artificial (IA)** se refiere al diseño de sistemas computacionales capaces de realizar tareas que normalmente requieren inteligencia humana, como el razonamiento y el aprendizaje.

El **Machine Learning (ML)** es una subrama de la IA donde los algoritmos aprenden automáticamente de",3986.55,104.41,3753.69,25,181,48.22,988,8.12,
2026-06-02T16:52:16.495895,exp_a,phi4-mini:latest,19,"Explica en menos de 100 palabras la diferencia entre Inteligencia Artificial, Ma",0.7,0.9,40,"La IA (Inteligencia Artificial) es el campo general que busca crear máquinas capaces de realizar tareas típicas del razonamiento humano, como aprender y comprender información.

El Machine Learning es una rama dentro de la IA que se enfoca en desarrollar algoritmos para permitir a las computadoras a",4104.07,106.23,3876.06,25,191,49.28,986,7.94,
2026-06-02T16:52:20.701441,exp_a,phi4-mini:latest,20,"Explica en menos de 100 palabras la diferencia entre Inteligencia Artificial, Ma",0.7,0.9,40,"La **Inteligencia Artificial (IA)** se refiere a las tecnologías para simular el comportamiento humano inteligente, con sistemas capaces de percibir, aprender y razonar.

El **Machine Learning (ML)** es una subdisciplina del IA donde los algoritmos aprenden de datos sin ser explícitamente codificado",4196.54,104.32,3969.96,25,196,49.37,1000,8.26,
2026-06-02T16:52:23.555603,exp_a,phi4-mini:latest,21,"Explica en menos de 100 palabras la diferencia entre Inteligencia Artificial, Ma",0.7,0.9,40,"La **Inteligencia Artificial (IA)** es el campo que se ocupa del desarrollo de sistemas capaces de realizar tareas típicamente humanas: reconocer voz o escritura, entender lenguaje natural y hacer decisiones inteligentes.

El **Machine Learning** forma parte de la IA; es una técnica para crear model",2836.15,99.04,2635.18,25,127,48.19,647,8.6,
2026-06-02T16:52:26.734272,exp_a,phi4-mini:latest,22,"Explica en menos de 100 palabras la diferencia entre Inteligencia Artificial, Ma",0.7,0.9,40,"La **Inteligencia Artificial (IA)** abarca sistemas o programas diseñados para realizar tareas que típicamente requieren inteligencia humana, como el reconocimiento de voz y el procesamiento del lenguaje natural.

El **Machine Learning** es un subconjunto de la IA enfocado en desarrollar algoritmos ",3166.76,120.88,2942.7,25,143,48.59,781,8.56,
2026-06-02T16:52:31.082355,exp_a,phi4-mini:latest,23,"Explica en menos de 100 palabras la diferencia entre Inteligencia Artificial, Ma",0.7,0.9,40,"La Inteligencia Artificial (IA) se refiere a sistemas capaces de realizar tareas que requieren inteligencia humana, como el aprendizaje y la toma de decisiones. El Machine Learning es una subcategoría del campo científico de la IA en los que los algoritmos aprenden a partir de datos para mejorar su ",4339.13,103.65,4104.88,25,200,48.72,1043,8.17,
2026-06-02T16:52:33.577461,exp_a,phi4-mini:latest,24,"Explica en menos de 100 palabras la diferencia entre Inteligencia Artificial, Ma",0.7,0.9,40,La Inteligencia Artificial (IA) comprende tecnologías que permiten a los sistemas simular comportamientos humanos con inteligencia como el razonamiento y la percepción del entorno. El Aprendizaje Automático es una rama específica dentro de la IA donde se alimenta al sistema datos para aprender patro,2486.84,94.31,2307.06,25,114,49.41,621,8.27,
2026-06-02T16:52:37.273386,exp_a,phi4-mini:latest,25,"Explica en menos de 100 palabras la diferencia entre Inteligencia Artificial, Ma",0.7,0.9,40,"La **Inteligencia Artificial (IA)** se refiere a sistemas y algoritmos diseñados para imitar funciones inteligentes del comportamiento humano, como el aprendizaje, reconocimiento de patrones, comprensión del lenguaje natural, resolución de problemas etc.

El **Machine Learning** es una rama dentro d",3685.12,105.78,3460.98,25,165,47.67,878,8.73,
2026-06-02T16:52:41.053641,exp_a,phi4-mini:latest,26,"Explica en menos de 100 palabras la diferencia entre Inteligencia Artificial, Ma",0.7,0.9,40,"La Inteligencia Artificial (IA) es el concepto general para crear máquinas con inteligencia humana. El Aprendizaje Automático (Machine Learning o ML por sus siglas en inglés), una rama del campo de la IA, implica que las computadoras aprenden a partir de datos y mejoran su rendimiento sin codificaci",3766.49,100.82,3545.37,25,170,47.95,811,8.81,
2026-06-02T16:52:44.203106,exp_a,phi4-mini:latest,27,"Explica en menos de 100 palabras la diferencia entre Inteligencia Artificial, Ma",0.7,0.9,40,"La **Inteligencia Artificial (IA)** se refiere al conocimiento computacional con el objetivo de imitar comportamientos humanos para realizar tareas que normalmente requieren inteligencia humana.

El **Machine Learning** es una rama del aprendizaje automático dentro de la IA; implica entrenar algorit",3137.99,111.83,2924.15,25,143,48.9,772,8.62,
2026-06-02T16:52:47.061904,exp_a,phi4-mini:latest,28,"Explica en menos de 100 palabras la diferencia entre Inteligencia Artificial, Ma",0.7,0.9,40,La inteligencia artificial (IA) es el estudio del desarrollo de máquinas capaces de realizar tareas que requieren inteligencia humana; el aprendizaje automático (Machine Learning o ML) es un subconjunto de IA donde las máquinas aprenden a partir de datos sin ser explícitamente programadas para una t,2848.29,102.3,2657.24,25,132,49.68,659,8.5,
2026-06-02T16:52:51.348479,exp_a,phi4-mini:latest,29,"Explica en menos de 100 palabras la diferencia entre Inteligencia Artificial, Ma",0.7,0.9,40,"La Inteligencia Artificial (IA) es el conjunto general de tecnologías que crean máquinas capaces de realizar tareas que requieren inteligencia humana, como aprender, razonar y reconocer patrones.

El Aprendizaje Automático (ML), un subconjunto del IA, involucra algoritmos diseñados para tomar decisi",4278.81,106.35,4047.89,25,200,49.41,1047,7.77,
2026-06-02T16:52:53.492856,exp_a,phi4-mini:latest,30,"Explica en menos de 100 palabras la diferencia entre Inteligencia Artificial, Ma",0.7,0.9,40,La Inteligencia Artificial (IA) se refiere al conjunto general de sistemas que exhiben comportamientos inteligentes; el Machine Learning es un subconjunto de IA donde los algoritmos aprenden a partir del datos para hacer predicciones o tomar decisiones sin ser explicitamente programados con reglas e,2137.81,97.79,1965.4,25,97,49.35,526,8.48,
2026-06-02T16:52:57.071431,exp_a,phi4-mini:latest,31,"Explica en menos de 100 palabras la diferencia entre Inteligencia Artificial, Ma",0.7,0.9,40,"La IA se refiere a sistemas capaces de realizar tareas que requieren inteligencia humana como el aprendizaje, razonamiento y reconocimiento de patrones. El Machine Learning es una subrama del campo de la IA que permite a las máquinas aprender con datos sin reglas explícitas escritas; mejora su rendi",3562.17,101.56,3345.5,25,161,48.12,914,7.55,
2026-06-02T16:52:59.968235,exp_a,phi4-mini:latest,32,"Explica en menos de 100 palabras la diferencia entre Inteligencia Artificial, Ma",0.7,0.9,40,"La **Inteligencia Artificial (IA)** es el conjunto general de sistemas capaces de realizar tareas que requieren inteligencia humana, como reconocer lenguaje natural o tomar decisiones.

El **Machine Learning** es una rama específica de la IA donde los algoritmos aprenden y mejoran con la experiencia",2885.13,123.14,2666.53,25,129,48.38,691,8.31,
2026-06-02T16:53:02.702517,exp_a,phi4-mini:latest,33,"Explica en menos de 100 palabras la diferencia entre Inteligencia Artificial, Ma",0.7,0.9,40,"La **Inteligencia Artificial (IA)** es el campo general del estudio sobre sistemas cognitivos artificiales.

El **Machine Learning** es una subdisciplina dentro de la IA enfocada en crear modelos que aprenden a partir de datos y mejoran con la experiencia sin codificación explícita.

Por otro lado, ",2727.63,102.16,2533.35,25,124,48.95,597,8.23,
2026-06-02T16:53:05.259601,exp_a,phi4-mini:latest,34,"Explica en menos de 100 palabras la diferencia entre Inteligencia Artificial, Ma",0.7,0.9,40,"La **Inteligencia Artificial (IA)** es el campo general enfocado en desarrollar máquinas capaces de realizar tareas que requieren inteligencia humana.

El **Machine Learning** es una subrama de la IA donde los sistemas aprenden a tomar decisiones y mejorar su desempeño con base en datos, sin estar e",2545.3,102.51,2356.66,25,115,48.8,621,8.13,
2026-06-02T16:53:09.565732,exp_a,phi4-mini:latest,35,"Explica en menos de 100 palabras la diferencia entre Inteligencia Artificial, Ma",0.7,0.9,40,"La Inteligencia Artificial (IA) se refiere a sistemas que realizan tareas que normalmente requieren inteligencia humana, como el aprendizaje y reconocimiento del habla. El Aprendizaje Automático es un subconjunto de la IA donde los algoritmos aprenden de datos para mejorar su rendimiento con menos i",4296.65,112.5,4060.87,25,200,49.25,1078,8.12,
2026-06-02T16:53:12.007735,exp_a,phi4-mini:latest,36,"Explica en menos de 100 palabras la diferencia entre Inteligencia Artificial, Ma",0.7,0.9,40,"La inteligencia artificial (IA) es el campo general que trata con crear máquinas capaces de acciones inteligentes.

Machine learning se refiere al subcampo dentro del área más amplia de IA; involucra a las computadoras aprendiendo y mejorando su rendimiento realizando tareas sin ser explícitamente p",2434.08,97.38,2253.3,25,111,49.26,627,8.63,
2026-06-02T16:53:15.043896,exp_a,phi4-mini:latest,37,"Explica en menos de 100 palabras la diferencia entre Inteligencia Artificial, Ma",0.7,0.9,40,La Inteligencia Artificial (IA) se refiere al conjunto de tecnologías que permiten a las máquinas simular comportamientos inteligentes y realizar tareas típicamente humanas; el Machine Learning es un subconjunto del campo de la IA donde los algoritmos aprenden directamente de datos sin necesidad de ,3028.69,100.96,2833.58,25,140,49.41,772,8.01,
2026-06-02T16:53:18.141132,exp_a,phi4-mini:latest,38,"Explica en menos de 100 palabras la diferencia entre Inteligencia Artificial, Ma",0.7,0.9,40,"La **Inteligencia Artificial (IA)** abarca el desarrollo de máquinas capaces de realizar tareas que requieren inteligencia humana como aprender, razonar y percibir.

El **Machine Learning** es un subcampo de la IA donde los sistemas aprenden automáticamente del datos para mejorar su rendimiento en u",3089.93,100.36,2890.84,25,142,49.12,781,8.3,
2026-06-02T16:53:21.689166,exp_a,phi4-mini:latest,39,"Explica en menos de 100 palabras la diferencia entre Inteligencia Artificial, Ma",0.7,0.9,40,"La **Inteligencia Artificial (IA)** se refiere al desarrollo de máquinas capaces de realizar tareas que requieren inteligencia humana, como el razonamiento y las decisiones.

**Machine Learning (ML)** es un subconjunto del campo de la IA donde los sistemas aprenden a partir del datos sin ser explíci",3539.13,93.5,3338.19,25,164,49.13,863,8.03,
2026-06-02T16:53:26.027966,exp_a,phi4-mini:latest,40,"Explica en menos de 100 palabras la diferencia entre Inteligencia Artificial, Ma",0.7,0.9,40,"La Inteligencia Artificial (IA) se refiere a sistemas que imitan inteligencia humana para realizar tareas como pensar, aprender y resolver problemas. El Machine Learning es un subcampo de la IA donde los algoritmos aprenden de datos sin ser explícitamente programados; ajustan sus modelos con más dat",4331.06,103.91,4096.0,25,200,48.83,1036,8.05,
2026-06-02T16:53:29.094478,exp_a,phi4-mini:latest,41,"Explica en menos de 100 palabras la diferencia entre Inteligencia Artificial, Ma",0.7,0.9,40,"La Inteligencia Artificial (IA) es el estudio del diseño de sistemas capaces de realizar tareas que generalmente requieren inteligencia humana; incluye capacidades como el aprendizaje y reconocimiento de patrones.

Machine Learning (ML), una rama de la IA, implica crear modelos para analizar datos e",3050.21,96.39,2852.01,25,139,48.74,729,8.52,
2026-06-02T16:53:32.560094,exp_a,phi4-mini:latest,42,"Explica en menos de 100 palabras la diferencia entre Inteligencia Artificial, Ma",0.7,0.9,40,"La Inteligencia Artificial (IA) se refiere a todas las tecnologías que simulan procesos y comportamientos humanos como el aprendizaje, razonamiento o percepción. El Machine Learning es una subcategoría del campo más amplio de IA; implica al sistema aprender con la experiencia en lugar de seguir inst",3453.15,138.16,3193.59,25,156,48.85,819,8.16,
2026-06-02T16:53:35.078299,exp_a,phi4-mini:latest,43,"Explica en menos de 100 palabras la diferencia entre Inteligencia Artificial, Ma",0.7,0.9,40,La **Inteligencia Artificial (IA)** se refiere al conjunto de tecnologías y métodos diseñados para simular el pensamiento humano o comportamientos inteligentes. El **Machine Learning (ML)** es un subcampo del IA que se enfoca en desarrollar algoritmos capaces de aprender de datos sin ser explícitame,2510.6,108.05,2322.05,25,115,49.53,581,7.98,
2026-06-02T16:53:38.606020,exp_a,phi4-mini:latest,44,"Explica en menos de 100 palabras la diferencia entre Inteligencia Artificial, Ma",0.7,0.9,40,"La Inteligencia Artificial (IA) es el estudio del comportamiento inteligente por parte de máquinas y sistemas para lograr objetivos específicos. El Aprendizaje Automático (Machine Learning o ML) se trata de modelos matemáticos diseñados a partir de datos, capaces de aprender sin ser explícitamente p",3517.89,97.87,3312.65,25,163,49.21,841,8.39,
2026-06-02T16:53:40.757632,exp_a,phi4-mini:latest,45,"Explica en menos de 100 palabras la diferencia entre Inteligencia Artificial, Ma",0.7,0.9,40,"La inteligencia artificial (IA) comprende sistemas capaces de realizar tareas que requieren inteligencia humana, como el razonamiento y aprender del entorno.

Machine learning es un subconjunto de la IA donde los algoritmos aprenden a partir de datos sin ser explícitamente programados para hacerlo, ",2143.92,104.37,1966.98,25,97,49.31,547,8.48,
2026-06-02T16:53:44.325991,exp_a,phi4-mini:latest,46,"Explica en menos de 100 palabras la diferencia entre Inteligencia Artificial, Ma",0.7,0.9,40,"La Inteligencia Artificial (IA) es el conocimiento computacional sobre cualquier actividad que normalmente requiere inteligencia humana: aprendizaje, razonamiento, percepción, reconocimiento de patrones y lenguaje. El Aprendizaje Automático (Machine Learning, ML) es un subconjunto de la IA donde los",3561.38,100.36,3350.66,25,163,48.65,839,8.56,
2026-06-02T16:53:48.014052,exp_a,phi4-mini:latest,47,"Explica en menos de 100 palabras la diferencia entre Inteligencia Artificial, Ma",0.7,0.9,40,"La inteligencia artificial (IA) se refiere al diseño inteligente de máquinas para que puedan realizar tareas típicas de seres humanos con el propósito de imitar procesos cognitivos; es un campo amplio.

El aprendizaje automático (Machine Learning) es una rama específica del área más grande de la IA,",3678.28,96.61,3467.79,25,170,49.02,877,8.44,
2026-06-02T16:53:50.951751,exp_a,phi4-mini:latest,48,"Explica en menos de 100 palabras la diferencia entre Inteligencia Artificial, Ma",0.7,0.9,40,"La Inteligencia Artificial (IA) comprende sistemas capaces de realizar tareas que normalmente requieren inteligencia humana, como el aprendizaje y la resolución de problemas.

Machine Learning es una rama de la IA donde los algoritmos aprenden a partir del datos en lugar de por programación directa;",2928.89,106.01,2731.44,25,135,49.42,733,8.45,
2026-06-02T16:53:54.228283,exp_a,phi4-mini:latest,49,"Explica en menos de 100 palabras la diferencia entre Inteligencia Artificial, Ma",0.7,0.9,40,"La **Inteligencia Artificial (IA)** comprende todas las tecnologías que imitan funciones humanas como el aprendizaje, la percepción y la toma de decisiones; son sistemas impulsados por algoritmos con diversos niveles de complejidad.

El **Machine Learning** es una subcampo del campo más amplio de IA",3265.62,99.73,3064.85,25,151,49.27,780,8.55,
2026-06-02T16:53:58.600881,exp_a,phi4-mini:latest,50,"Explica en menos de 100 palabras la diferencia entre Inteligencia Artificial, Ma",0.7,0.9,40,"La Inteligencia Artificial (IA) es el área general que trata con crear máquinas capaces de realizar tareas típicamente humanas. El Aprendizaje Automático (Machine Learning o ML), un subconjunto del IA, implica a las máquinas aprendiendo de datos para tomar decisiones y mejorar sin ser programadas ex",4361.78,123.49,4106.02,25,200,48.71,1030,8.01,
2026-06-02T16:54:03.081622,exp_a,phi4-mini:latest,51,"Explica en menos de 100 palabras la diferencia entre Inteligencia Artificial, Ma",0.7,0.9,40,La Inteligencia Artificial (IA) se refiere al desarrollo de máquinas capaces de realizar tareas que requieren inteligencia humana. El aprendizaje automático es una rama específica del campo de la IA centrada en diseñar algoritmos para permitir a las máquinas aprender con datos y tomar decisiones sin,4466.84,111.77,4222.74,25,200,47.36,1092,7.97,
2026-06-02T16:54:05.869242,exp_a,phi4-mini:latest,52,"Explica en menos de 100 palabras la diferencia entre Inteligencia Artificial, Ma",0.7,0.9,40,"La **Inteligencia Artificial** (IA) es el estudio del comportamiento humano artificial y su inteligencia simulado por máquinas construidas para entender y replicar acciones humanas.

El **Machine Learning**, una rama de la IA, implica entrenar algoritmos con datos para que aprendan a identificar pat",2779.09,101.49,2585.57,25,124,47.96,654,8.11,
2026-06-02T16:54:09.155581,exp_a,phi4-mini:latest,53,"Explica en menos de 100 palabras la diferencia entre Inteligencia Artificial, Ma",0.7,0.9,40,"La **Inteligencia Artificial (IA)** se refiere al desarrollo y uso de sistemas inteligentes capaces de realizar tareas que normalmente requieren inteligencia humana, como el razonamiento, aprender a partir del entorno o reconocer patrones.

El **Machine Learning (ML)** es un subcampo de la IA que pe",3277.14,105.68,3051.37,25,144,47.19,777,7.95,
2026-06-02T16:54:11.748702,exp_a,phi4-mini:latest,54,"Explica en menos de 100 palabras la diferencia entre Inteligencia Artificial, Ma",0.7,0.9,40,"La **Inteligencia Artificial (IA)** se refiere al conjunto general de sistemas capaces de realizar tareas que normalmente requieren inteligencia humana.

El **Machine Learning (ML)** es un subconjunto de IA donde los algoritmos aprenden y mejoran su rendimiento con la exposición a datos, sin ser exp",2579.35,105.59,2376.88,25,111,46.7,559,7.72,
2026-06-02T16:54:13.757190,exp_a,phi4-mini:latest,55,"Explica en menos de 100 palabras la diferencia entre Inteligencia Artificial, Ma",0.7,0.9,40,"La Inteligencia Artificial (IA) se refiere a sistemas que pueden realizar tareas con inteligencia humana. El Machine Learning es una técnica dentro del campo de la IA donde los algoritmos aprenden y mejoran su rendimiento al procesar grandes cantidades de datos. La IA generativa, en cambio, es un ti",1997.33,116.42,1812.75,25,87,47.99,459,8.0,
2026-06-02T16:54:16.576595,exp_a,phi4-mini:latest,56,"Explica en menos de 100 palabras la diferencia entre Inteligencia Artificial, Ma",0.7,0.9,40,"La Inteligencia Artificial (IA) se refiere a las máquinas que realizan tareas usualmente requeridas para inteligencia humana como el aprendizaje, razonamiento y resolución de problemas. El Aprendizaje Automático (Machine Learning - ML), una rama de la IA, involucra algoritmos que permiten a los sist",2808.27,91.13,2624.66,25,124,47.24,657,8.5,
2026-06-02T16:54:19.882031,exp_a,phi4-mini:latest,57,"Explica en menos de 100 palabras la diferencia entre Inteligencia Artificial, Ma",0.7,0.9,40,"La **Inteligencia Artificial (IA)** es el área general que busca crear máquinas capaces de realizar tareas típicas del razonamiento humano, como reconocer voz y lenguaje natural.

El **Machine Learning (ML)** se trata de un subcampo dentro de la IA donde los algoritmos aprenden a partir de datos par",3287.76,104.6,3083.34,25,147,47.68,748,8.87,
2026-06-02T16:54:22.803601,exp_a,phi4-mini:latest,58,"Explica en menos de 100 palabras la diferencia entre Inteligencia Artificial, Ma",0.7,0.9,40,"La Inteligencia Artificial (IA) es el campo científico que trata sobre crear máquinas capaces de realizar tareas intelectualmente complejas como los humanos.

Machine Learning (ML), una subárea de la IA, se centra en desarrollar algoritmos automáticos para identificar patrones y tomar decisiones con",2904.86,95.93,2722.14,25,132,48.49,718,8.28,
2026-06-02T16:54:27.238870,exp_a,phi4-mini:latest,59,"Explica en menos de 100 palabras la diferencia entre Inteligencia Artificial, Ma",0.7,0.9,40,"La IA se refiere a las tecnologías que simulan comportamientos inteligentes de seres humanos para realizar tareas complejas. El Machine Learning es una subramas del campo científico de la IA enfocada en construir modelos estadísticos para predecir eventos futuros con base en datos históricos.

Por o",4423.18,101.01,4190.89,25,200,47.72,1055,7.34,
2026-06-02T16:54:30.465885,exp_a,phi4-mini:latest,60,"Explica en menos de 100 palabras la diferencia entre Inteligencia Artificial, Ma",0.7,0.9,40,"La IA se refiere a sistemas que pueden realizar tareas cognitivas similares al comportamiento humano. El aprendizaje automático (ML) es una rama del AI donde los algoritmos aprenden y mejoran con nuevas entradas sin ser explícitamente codificados para el propósito específico. La IA generativa, un su",3213.82,112.05,3000.7,25,145,48.32,792,7.56,
2026-06-02T16:54:34.883327,exp_a,phi4-mini:latest,61,"Explica en menos de 100 palabras la diferencia entre Inteligencia Artificial, Ma",0.7,0.9,40,La Inteligencia Artificial (IA) es el estudio del comportamiento inteligente por parte de máquinas. El Aprendizaje Automático (Machine Learning o ML) se trata de crear programas que pueden aprender y mejorar con los datos sin ser explícitamente programados para cada tarea específica; utilizan modelo,4398.71,93.59,4172.95,25,200,47.93,1143,8.22,
2026-06-02T16:54:39.270046,exp_a,phi4-mini:latest,62,"Explica en menos de 100 palabras la diferencia entre Inteligencia Artificial, Ma",0.7,0.9,40,"La Inteligencia Artificial (IA) es un campo amplio que se enfoca en crear máquinas capaces de realizar tareas que normalmente requieren inteligencia humana.

El Aprendizaje Automático (Machine Learning - ML) es una subdisciplina de la IA donde los sistemas aprenden y mejoran su rendimiento con el ti",4377.57,118.17,4135.34,25,200,48.36,1068,8.08,
2026-06-02T16:54:43.590283,exp_a,phi4-mini:latest,63,"Explica en menos de 100 palabras la diferencia entre Inteligencia Artificial, Ma",0.7,0.9,40,"La **Inteligencia Artificial (IA)** se refiere al desarrollo de máquinas capaces de realizar tareas que requieren inteligencia humana como el aprendizaje, el razonamiento y la percepción.

El **Machine Learning** es una subrama de la IA donde las máquinas aprenden a partir de datos sin ser explícita",4309.3,91.71,4100.33,25,199,48.53,1006,8.0,
2026-06-02T16:54:47.947672,exp_a,phi4-mini:latest,64,"Explica en menos de 100 palabras la diferencia entre Inteligencia Artificial, Ma",0.7,0.9,40,"La **Inteligencia Artificial** (IA) se refiere a sistemas que realizan tareas típicamente humanas, como pensar, aprender o resolver problemas, mediante algoritmos.

El **Machine Learning** es una rama del campo más amplio de los Sistemas Informáticos y la Inteligencia Artificial donde el sistema apr",4343.58,93.91,4130.78,25,200,48.42,1055,7.88,
2026-06-02T16:54:52.315882,exp_a,phi4-mini:latest,65,"Explica en menos de 100 palabras la diferencia entre Inteligencia Artificial, Ma",0.7,0.9,40,"La Inteligencia Artificial (IA) es el conjunto general de tecnologías computacionales diseñadas para simular habilidades humanas como aprender, razonar y reconocer lenguaje natural.

Machine Learning (ML), una rama del campo de las IA, implica desarrollar modelos que aprenden a partir de datos sin s",4357.84,94.45,4142.61,25,200,48.28,1056,8.19,
2026-06-02T16:54:56.586615,exp_a,phi4-mini:latest,66,"Explica en menos de 100 palabras la diferencia entre Inteligencia Artificial, Ma",0.7,0.9,40,"La IA se refiere a las computadoras que realizan tareas para simular inteligencia humana: aprendizaje automático (machine learning), donde los sistemas aprenden automáticamente sin instrucciones explícitas; y el Aprendizaje Profundo, una forma avanzada de machine learning con redes neuronales profun",4259.42,108.42,4031.28,25,195,48.37,1059,7.74,
2026-06-02T16:54:59.428146,exp_a,phi4-mini:latest,67,"Explica en menos de 100 palabras la diferencia entre Inteligencia Artificial, Ma",0.7,0.9,40,"La Inteligencia Artificial (IA) es el término general para tecnologías que imitan capacidades cognitivas humanas como aprender, razonar y reconocer patrones.

El Machine Learning es un subconjunto de IA donde los sistemas aprenden a identificar modelos o reglas dentro de datos sin ser explícitamente",2827.67,97.54,2644.86,25,129,48.77,703,8.22,
2026-06-02T16:55:02.622915,exp_a,phi4-mini:latest,68,"Explica en menos de 100 palabras la diferencia entre Inteligencia Artificial, Ma",0.7,0.9,40,"La Inteligencia Artificial (IA) es el conjunto general de tecnologías que permiten a las máquinas simular comportamientos inteligentes como los humanos.

El Aprendizaje Automático (Machine Learning - ML), una rama del campo de la IA, se refiere al proceso mediante el cual las computadoras aprenden c",3183.26,91.95,2997.37,25,145,48.38,810,8.47,
2026-06-02T16:55:04.938290,exp_a,phi4-mini:latest,69,"Explica en menos de 100 palabras la diferencia entre Inteligencia Artificial, Ma",0.7,0.9,40,"La Inteligencia Artificial (IA) es el término general para tecnologías que simulan capacidades mentales humanas, como pensar y aprender.

Machine Learning (ML) es un subconjunto del ámbito más amplio de las IA, donde los sistemas aprenden a través de datos sin ser explícitamente programados, mejoran",2300.98,100.25,2125.03,25,103,48.47,532,8.12,
2026-06-02T16:55:09.321877,exp_a,phi4-mini:latest,70,"Explica en menos de 100 palabras la diferencia entre Inteligencia Artificial, Ma",0.7,0.9,40,La **Inteligencia Artificial (IA)** se refiere a sistemas que realizan tareas típicas del intelecto humano como el razonamiento y el aprendizaje. El **Machine Learning (ML)** es una rama dentro de la IA donde los algoritmos aprenden de datos para hacer predicciones o tomar decisiones sin ser explíci,4373.02,99.17,4149.93,25,200,48.19,972,8.4,
2026-06-02T16:55:13.682136,exp_a,phi4-mini:latest,71,"Explica en menos de 100 palabras la diferencia entre Inteligencia Artificial, Ma",0.7,0.9,40,"La **Inteligencia Artificial (IA)** abarca tecnologías que permiten a las máquinas simular comportamientos inteligentes como los humanos; incluye desde el procesamiento del lenguaje hasta la toma de decisiones.

El **Machine Learning** es un subconjunto de IA, donde algoritmos aprenden y mejoran su ",4340.7,96.25,4124.53,25,200,48.49,1076,8.69,
2026-06-02T16:55:17.436460,exp_a,phi4-mini:latest,72,"Explica en menos de 100 palabras la diferencia entre Inteligencia Artificial, Ma",0.7,0.9,40,"La Inteligencia Artificial (IA) se refiere a sistemas capaces de realizar tareas que normalmente requieren inteligencia humana como el razonamiento, el aprendizaje y la percepción. El Machine Learning (ML), un subconjunto del AI, implica entrenar computadoras para aprender con datos sin codificar ex",3745.15,93.11,3546.89,25,172,48.49,906,7.95,
2026-06-02T16:55:21.202774,exp_a,phi4-mini:latest,73,"Explica en menos de 100 palabras la diferencia entre Inteligencia Artificial, Ma",0.7,0.9,40,"La **Inteligencia Artificial (IA)** se refiere a sistemas o programas capaces de realizar tareas que normalmente requieren inteligencia humana, como el reconocimiento de voz u imágenes.

El **Machine Learning (ML)** es una rama del IA donde los algoritmos aprenden y mejoran realizándose mediante la ",3751.57,103.78,3543.56,25,172,48.54,918,7.86,
2026-06-02T16:55:25.043367,exp_a,phi4-mini:latest,74,"Explica en menos de 100 palabras la diferencia entre Inteligencia Artificial, Ma",0.7,0.9,40,"La **Inteligencia Artificial (IA)** es el estudio del comportamiento humano y su intento por reproducirlo con máquinas inteligentes para hacerles mimetizarse como humanos.

El **Machine Learning** es una subcampos de la IA que se enfoca en crear sistemas capaces de aprender a partir de datos, mejora",3826.56,93.21,3626.79,25,176,48.53,894,8.08,
2026-06-02T16:55:27.522040,exp_a,phi4-mini:latest,75,"Explica en menos de 100 palabras la diferencia entre Inteligencia Artificial, Ma",0.7,0.9,40,"La Inteligencia Artificial (IA) es el conjunto general de sistemas que exhiben comportamientos inteligentes o capacidades similares a las humanas.

El Aprendizaje Automático (Machine Learning - ML) se trata específicamente del subcampo dentro de la IA donde los algoritmos aprenden y mejoran con expe",2465.02,96.2,2292.84,25,112,48.85,609,8.51,
2026-06-02T16:55:30.464517,exp_a,phi4-mini:latest,76,"Explica en menos de 100 palabras la diferencia entre Inteligencia Artificial, Ma",0.7,0.9,40,"La **Inteligencia Artificial** (IA) se refiere a los sistemas capaces de realizar tareas que normalmente requieren inteligencia humana, como el razonamiento y aprender con las experiencias.

El **Machine Learning** es una rama del campo de la IA donde los algoritmos aprenden a partir de datos para h",2929.97,91.88,2751.71,25,134,48.7,692,7.95,
2026-06-02T16:55:34.025120,exp_a,phi4-mini:latest,77,"Explica en menos de 100 palabras la diferencia entre Inteligencia Artificial, Ma",0.7,0.9,40,"La **Inteligencia Artificial (IA)** se refiere al conjunto de sistemas y procesos diseñados para imitar comportamientos inteligentes humanos como el razonamiento lógico, el aprendizaje, el procesamiento del lenguaje natural y las decisiones.

El **Machine Learning (ML)** es una rama específica dentr",3545.92,92.7,3354.1,25,163,48.6,859,8.64,
2026-06-02T16:55:37.698452,exp_a,phi4-mini:latest,78,"Explica en menos de 100 palabras la diferencia entre Inteligencia Artificial, Ma",0.7,0.9,40,"La **Inteligencia Artificial (IA)** se refiere a las tecnologías basadas en computadoras diseñadas para realizar tareas que normalmente requieren inteligencia humana, como el reconocimiento de voz y lenguaje natural.

El **Machine Learning** es una subpoblación del campo científico de la IA donde lo",3664.05,98.7,3463.0,25,168,48.51,907,8.56,
2026-06-02T16:55:42.055774,exp_a,phi4-mini:latest,79,"Explica en menos de 100 palabras la diferencia entre Inteligencia Artificial, Ma",0.7,0.9,40,"La **Inteligencia Artificial (IA)** se refiere a sistemas y computadoras capaces de realizar tareas que requieren inteligencia humana, como aprender, percibir, razonar o tomar decisiones.

El **Machine Learning** es una rama del IA donde los algoritmos aprenden hechos automatically desde grandes can",4343.58,93.69,4130.73,25,200,48.42,1068,8.06,
2026-06-02T16:55:46.403574,exp_a,phi4-mini:latest,80,"Explica en menos de 100 palabras la diferencia entre Inteligencia Artificial, Ma",0.7,0.9,40,"La Inteligencia Artificial (IA) se refiere a sistemas capaces de realizar tareas que normalmente requieren inteligencia humana: aprendizaje, razonamiento y comprensión del lenguaje natural.

El Machine Learning es una técnica dentro de la IA donde los algoritmos aprenden y mejoran con el tiempo desd",4334.44,94.78,4120.74,25,200,48.54,1070,8.32,
2026-06-02T16:55:48.795784,exp_a,phi4-mini:latest,81,"Explica en menos de 100 palabras la diferencia entre Inteligencia Artificial, Ma",0.7,0.9,40,"La inteligencia artificial (IA) se refiere a sistemas simulando tareas que requerirían inteligencia humana, con base en algoritmos matemáticos. El aprendizaje automático es una rama de la IA donde los programas aprenden y mejoran su rendimiento sin codificación explícita mediante el reconocimiento d",2378.89,94.49,2210.02,25,108,48.87,595,8.34,
2026-06-02T16:55:52.633512,exp_a,phi4-mini:latest,82,"Explica en menos de 100 palabras la diferencia entre Inteligencia Artificial, Ma",0.7,0.9,40,"La **Inteligencia Artificial (IA)** es el estudio del comportamiento inteligente por parte de máquinas con fines específicos. El **Machine Learning** se trata de algoritmos que permiten a las computadoras aprender y mejorar su rendimiento sin ser explícitamente programadas para cada tarea, basándose",3824.21,92.96,3624.27,25,176,48.56,918,8.0,
2026-06-02T16:55:55.539798,exp_a,phi4-mini:latest,83,"Explica en menos de 100 palabras la diferencia entre Inteligencia Artificial, Ma",0.7,0.9,40,"La Inteligencia Artificial (IA) se refiere al conjunto amplio de tecnologías computacionales diseñadas para realizar tareas que normalmente requieren inteligencia humana, como el razonamiento y aprender del entorno.

El aprendizaje automático es un subconjunto de la IA donde los sistemas aprenden a ",2892.74,93.49,2710.92,25,132,48.69,762,8.23,
2026-06-02T16:55:58.857456,exp_a,phi4-mini:latest,84,"Explica en menos de 100 palabras la diferencia entre Inteligencia Artificial, Ma",0.7,0.9,40,"La Inteligencia Artificial (IA) se refiere a sistemas que realizan tareas inteligentes típicamente realizadas por humanos: como pensar, aprender y razonar con inteligencia. El Aprendizaje Automático (Machine Learning, ML) es una subcamposidad de la IA donde el sistema aprende del datos para tomar de",3304.37,99.7,3110.43,25,151,48.55,807,8.13,
2026-06-02T16:56:01.595598,exp_a,phi4-mini:latest,85,"Explica en menos de 100 palabras la diferencia entre Inteligencia Artificial, Ma",0.7,0.9,40,La **Inteligencia Artificial (IA)** se refiere a sistemas capaces de realizar tareas que requieren inteligencia humana como el razonamiento y el aprendizaje. El **Machine Learning (ML)** es un subcampo del IA donde los algoritmos aprenden con la experiencia sin ser explícitamente programados para ha,2722.68,94.38,2545.9,25,124,48.71,613,8.31,
2026-06-02T16:56:05.594360,exp_a,phi4-mini:latest,86,"Explica en menos de 100 palabras la diferencia entre Inteligencia Artificial, Ma",0.7,0.9,40,"La **Inteligencia Artificial (IA)** se refiere a las tecnologías impulsadas por el software diseñadas para simular comportamientos humanos con inteligencia artificial. El **Machine Learning** es una rama del aprendizaje automático dentro de la IA donde los algoritmos aprenden a partir de datos, mejo",3984.01,101.47,3770.47,25,183,48.54,992,8.06,
2026-06-02T16:56:08.735345,exp_a,phi4-mini:latest,87,"Explica en menos de 100 palabras la diferencia entre Inteligencia Artificial, Ma",0.7,0.9,40,"La **Inteligencia Artificial (IA)** se refiere a las máquinas capaces de realizar tareas que normalmente requieren inteligencia humana, como el razonamiento y aprender con el tiempo.

El **Machine Learning (ML)** es un subconjunto del IA donde los algoritmos aprenden automáticamente de datos sin ins",3126.8,98.25,2937.37,25,143,48.68,740,8.32,
2026-06-02T16:56:12.290440,exp_a,phi4-mini:latest,88,"Explica en menos de 100 palabras la diferencia entre Inteligencia Artificial, Ma",0.7,0.9,40,"La **Inteligencia Artificial (IA)** se refiere al desarrollo y uso de sistemas inteligentes capaces de realizar tareas que normalmente requieren inteligencia humana.

El **Machine Learning** es una técnica dentro de la IA donde el sistema aprende a partir del datos sin ser explícitamente programado ",3541.86,93.27,3346.85,25,163,48.7,845,7.63,
2026-06-02T16:56:16.647676,exp_a,phi4-mini:latest,89,"Explica en menos de 100 palabras la diferencia entre Inteligencia Artificial, Ma",0.7,0.9,40,La Inteligencia Artificial (IA) es el conjunto general de sistemas capaces de realizar tareas que requieren inteligencia humana como razonamiento y aprendizaje. El Machine Learning (ML) es una subparte del campo de la IA donde los algoritmos aprendan a partir de datos para mejorar su rendimiento sin,4343.16,99.31,4126.28,25,200,48.47,1032,8.07,
2026-06-02T16:56:19.850430,exp_a,phi4-mini:latest,90,"Explica en menos de 100 palabras la diferencia entre Inteligencia Artificial, Ma",0.7,0.9,40,"La Inteligencia Artificial (IA) es el área amplia que busca crear máquinas capaces de comportarse como humanos; se puede considerar un término general para tecnologías avanzadas.

El Aprendizaje Automático (Machine Learning), una subárea de la IA, involucra a los sistemas aprendiendo y mejorando su ",3190.24,96.61,3000.41,25,146,48.66,770,8.21,
2026-06-02T16:56:23.136132,exp_a,phi4-mini:latest,91,"Explica en menos de 100 palabras la diferencia entre Inteligencia Artificial, Ma",0.7,0.9,40,"La **Inteligencia Artificial** (IA) se refiere a sistemas que realizan tareas típicas de humanos como el razonamiento y el aprendizaje, pero sin ser específicamente programadas para una tarea específica. El **Machine Learning** es un subconjunto de la IA donde los algoritmos aprenden e identifican p",3274.81,94.77,3083.67,25,148,47.99,796,8.42,
2026-06-02T16:56:25.364691,exp_a,phi4-mini:latest,92,"Explica en menos de 100 palabras la diferencia entre Inteligencia Artificial, Ma",0.7,0.9,40,"La Inteligencia Artificial (IA) se refiere a las sistemas capaces de realizar tareas que normalmente requieren inteligencia humana, como razonamiento y aprendizaje.

El Aprendizaje Automático es una rama del campo de la IA donde los algoritmos aprenden a partir de datos para tomar decisiones o accio",2221.08,102.38,2047.98,25,100,48.83,547,8.27,
2026-06-02T16:56:28.065840,exp_a,phi4-mini:latest,93,"Explica en menos de 100 palabras la diferencia entre Inteligencia Artificial, Ma",0.7,0.9,40,"La **Inteligencia Artificial (IA)** se refiere a los sistemas que simulan comportamientos inteligentes humanos para realizar tareas y actividades con inteligencia artificial o aprendizaje automático.

El **Machine Learning** es un subcampo del IA donde máquinas aprenden de datos sin ser explícitamen",2688.72,97.2,2510.08,25,122,48.6,679,8.31,
2026-06-02T16:56:31.247563,exp_a,phi4-mini:latest,94,"Explica en menos de 100 palabras la diferencia entre Inteligencia Artificial, Ma",0.7,0.9,40,"La inteligencia artificial (IA) es el conjunto amplio de tecnologías que imitan capacidades mentales humanas para realizar tareas y tomar decisiones por sí mismas.

El aprendizaje automático (Machine Learning o ML), una parte del campo de IA, se refiere al proceso mediante el cual las máquinas apren",3171.59,95.94,2983.33,25,145,48.6,820,8.19,
2026-06-02T16:56:35.373958,exp_a,phi4-mini:latest,95,"Explica en menos de 100 palabras la diferencia entre Inteligencia Artificial, Ma",0.7,0.9,40,"La Inteligencia Artificial (IA) abarca una amplia gama de tecnologías que imitan capacidades humanas para realizar tareas como el razonamiento, el procesamiento del lenguaje natural y reconocer patrones. El Machine Learning (ML), un subconjunto de IA, se centra en desarrollar modelos computacionales",4114.96,96.02,3907.62,25,189,48.37,1019,8.35,
2026-06-02T16:56:38.576307,exp_a,phi4-mini:latest,96,"Explica en menos de 100 palabras la diferencia entre Inteligencia Artificial, Ma",0.7,0.9,40,"La Inteligencia Artificial (IA) es el campo amplio que se ocupa del desarrollo de máquinas capaces de realizar tareas que generalmente requieren inteligencia humana. El Aprendizaje Automático (Machine Learning o ML) es una rama dentro de la IA donde los algoritmos aprenden a partir de datos, mejoran",3195.05,94.34,3009.41,25,147,48.85,774,8.72,
2026-06-02T16:56:41.287984,exp_a,phi4-mini:latest,97,"Explica en menos de 100 palabras la diferencia entre Inteligencia Artificial, Ma",0.7,0.9,40,"La **Inteligencia Artificial (IA)** es el campo general que estudia sistemas inteligentes capaces de realizar tareas que requieren inteligencia humana.

El **Machine Learning** es una subcategoría de IA donde los algoritmos aprenden a partir del datos sin instrucciones explícitas para hacerlo, mejor",2703.63,99.19,2523.83,25,124,49.13,680,8.65,
2026-06-02T16:56:43.910186,exp_a,phi4-mini:latest,98,"Explica en menos de 100 palabras la diferencia entre Inteligencia Artificial, Ma",0.7,0.9,40,"La **Inteligencia Artificial (IA)** es el estudio general sobre los sistemas que muestran comportamientos inteligentes. El **Machine Learning** es un subconjunto del IA donde las máquinas aprenden a partir de datos y mejoran su rendimiento con más información. La **IA Generativa**, específicamente, ",2613.31,95.93,2438.51,25,120,49.21,611,8.64,
2026-06-02T16:56:45.861400,exp_a,phi4-mini:latest,99,"Explica en menos de 100 palabras la diferencia entre Inteligencia Artificial, Ma",0.7,0.9,40,"La Inteligencia Artificial (IA) es el campo general que estudia máquinas capaces de realizar tareas que normalmente requieren inteligencia humana.

Machine Learning (ML), una rama del aprendizaje automático dentro de la IA, se centra en crear modelos predictivos para tomar decisiones basadas en dato",1939.92,95.6,1780.87,25,88,49.41,480,8.55,
2026-06-02T16:56:48.906999,exp_a,phi4-mini:latest,100,"Explica en menos de 100 palabras la diferencia entre Inteligencia Artificial, Ma",0.7,0.9,40,"La Inteligencia Artificial (IA) es el concepto general que abarca tecnologías para crear máquinas capaces de realizar tareas típicas de humanos inteligentes.

Machine Learning (ML), una rama del aprendizaje automático dentro de la IA, se refiere al proceso mediante el cual las computadoras aprenden ",3032.76,95.54,2849.29,25,140,49.14,771,8.6,
2026-06-02T16:56:54.784403,exp_a,llama3.2:3b,1,"Explica en menos de 100 palabras la diferencia entre Inteligencia Artificial, Ma",0.7,0.9,40,"¡Claro!

**Inteligencia Artificial (IA)**: Se refiere a la capacidad de un sistema para realizar tareas que normalmente requieren inteligencia humana, como aprender, razonar y tomar decisiones.

**Machine Learning**: Es una forma de Inteligencia Artificial que permite al sistema aprender de los dato",5861.19,750.03,2540.34,48,158,62.2,695,8.02,
2026-06-02T16:56:58.190058,exp_a,llama3.2:3b,2,"Explica en menos de 100 palabras la diferencia entre Inteligencia Artificial, Ma",0.7,0.9,40,"**Diferencias clave entre Inteligencia Artificial, Machine Learning y IA Generativa**

Las tres disciplinas mencionadas son interconectadas pero tienen objetivos y enfoques diferentes:

*   **Inteligencia Artificial (IA)**: Se refiere a la creación de sistemas capaces de realizar tareas que normalme",3392.04,91.4,3221.82,48,200,62.08,880,8.19,
2026-06-02T16:57:00.843168,exp_a,llama3.2:3b,3,"Explica en menos de 100 palabras la diferencia entre Inteligencia Artificial, Ma",0.7,0.9,40,"¡Claro! A continuación, te presento una explicación breve sobre las diferencias entre Inteligencia Artificial (IA), Machine Learning y IA Generativa:

**Inteligencia Artificial (IA)**: se refiere a la capacidad de una máquina para realizar tareas que normalmente requieren inteligencia humana, como r",2639.58,88.57,2487.12,48,155,62.32,689,7.82,
2026-06-02T16:57:03.611806,exp_a,llama3.2:3b,4,"Explica en menos de 100 palabras la diferencia entre Inteligencia Artificial, Ma",0.7,0.9,40,"Excelente pregunta!

La Inteligencia Artificial (IA) es un campo que busca crear sistemas capaces de pensar y aprender como los seres humanos.

Machine Learning (ML) es una subdisciplina de la IA que permite a los sistemas aprenden de datos y mejorar su rendimiento sin ser programados explícitamente",2755.53,87.94,2602.25,48,162,62.25,691,7.8,
2026-06-02T16:57:05.867632,exp_a,llama3.2:3b,5,"Explica en menos de 100 palabras la diferencia entre Inteligencia Artificial, Ma",0.7,0.9,40,"La inteligencia artificial (IA) es un campo amplio que busca crear sistemas capaces de simular y aprender a partir del comportamiento humano.

El **Machine Learning** es una subdisciplina de la IA que se enfoca en desarrollar algoritmos que aprenden a partir de datos, mejorando su rendimiento a medi",2244.43,86.84,2101.23,48,131,62.34,568,7.7,
2026-06-02T16:57:09.032927,exp_a,llama3.2:3b,6,"Explica en menos de 100 palabras la diferencia entre Inteligencia Artificial, Ma",0.7,0.9,40,"**Diferencias clave entre Inteligencia Artificial (IA), Machine Learning y IA Generativa)**

*   **Inteligencia Artificial (IA):** Se refiere a sistemas informáticos capaces de realizar tareas que normalmente requieren inteligencia humana, como resolver problemas, aprender y razonar. La IA puede ser",3152.47,86.93,2992.93,48,186,62.15,830,7.81,
2026-06-02T16:57:12.126687,exp_a,llama3.2:3b,7,"Explica en menos de 100 palabras la diferencia entre Inteligencia Artificial, Ma",0.7,0.9,40,"Claro, aquí te explico las diferencias entre Inteligencia Artificial (IA), Machine Learning (ML) y IA Generativa:

**Inteligencia Artificial (IA)**: Se refiere a sistemas que pueden realizar tareas específicas con alta precisión, como resolver problemas o completar tareas. No aprenden a sí mismos ni",3082.68,86.48,2925.12,48,182,62.22,770,8.16,
2026-06-02T16:57:14.476654,exp_a,llama3.2:3b,8,"Explica en menos de 100 palabras la diferencia entre Inteligencia Artificial, Ma",0.7,0.9,40,"Excelente pregunta!

La inteligencia artificial (IA) es un término genérico que se refiere a la creación de sistemas informáticos capaces de realizar tareas complejas, como aprender y adaptarse.

El machine learning (ML) es una subdisciplina de IA que se enfoca en el aprendizaje automático, utilizan",2337.67,86.36,2191.75,48,137,62.51,578,7.97,
2026-06-02T16:57:17.062888,exp_a,llama3.2:3b,9,"Explica en menos de 100 palabras la diferencia entre Inteligencia Artificial, Ma",0.7,0.9,40,"Claro, aquí te explico las diferencias:

**Inteligencia Artificial (IA)**: se refiere a la capacidad de una máquina para realizar tareas que normalmente requieren inteligencia humana, como la resolución de problemas o la toma de decisiones.

**Machine Learning**: es un tipo de IA que permite a las m",2574.0,90.43,2421.16,48,151,62.37,632,8.02,
2026-06-02T16:57:19.825234,exp_a,llama3.2:3b,10,"Explica en menos de 100 palabras la diferencia entre Inteligencia Artificial, Ma",0.7,0.9,40,"**Diferencias clave**

La Inteligencia Artificial (IA), el Machine Learning y la IA Generativa son términos relacionados pero no idénticos.

*   La **Inteligencia Artificial** se refiere a sistemas que imitan el pensamiento humano, utilizando algoritmos y técnicas de procesamiento de datos para reso",2750.63,85.61,2600.36,48,162,62.3,704,8.26,
2026-06-02T16:57:22.925664,exp_a,llama3.2:3b,11,"Explica en menos de 100 palabras la diferencia entre Inteligencia Artificial, Ma",0.7,0.9,40,"Claro, aquí te explico las diferencias entre estas tres tecnologías:

**Inteligencia Artificial (IA)**: La IA se refiere a sistemas informáticos diseñados para realizar tareas que normalmente requieren inteligencia humana, como reconocimiento de patrones, resolución de problemas y aprendizaje.

**Ma",3087.68,88.87,2926.94,48,182,62.18,817,8.14,
2026-06-02T16:57:25.445336,exp_a,llama3.2:3b,12,"Explica en menos de 100 palabras la diferencia entre Inteligencia Artificial, Ma",0.7,0.9,40,"Excelente pregunta!

La Inteligencia Artificial (IA) es un campo que busca crear sistemas capaces de simular pensamiento humano.

El Machine Learning (ML) es una subdisciplina de la IA que se enfoca en desarrollar algoritmos que permitan a los sistemas aprenden y mejoren su rendimiento sin ser progr",2507.62,87.59,2358.1,48,147,62.34,608,7.88,
2026-06-02T16:57:27.851138,exp_a,llama3.2:3b,13,"Explica en menos de 100 palabras la diferencia entre Inteligencia Artificial, Ma",0.7,0.9,40,"**Diferencias clave**

La Inteligencia Artificial (IA) se refiere a sistemas informáticos que pueden realizar tareas que normalmente requieren inteligencia humana, como aprender y razonar.

El **Machine Learning** es un subconjunto de la IA que permite a los sistemas aprenden de datos sin ser progra",2394.43,86.41,2247.74,48,140,62.28,596,7.72,
2026-06-02T16:57:31.251092,exp_a,llama3.2:3b,14,"Explica en menos de 100 palabras la diferencia entre Inteligencia Artificial, Ma",0.7,0.9,40,"¡Claro! A continuación, te presento una explicación concisa sobre las diferencias entre Inteligencia Artificial (IA), Machine Learning y IA Generativa:

*   **Inteligencia Artificial**: es el campo que busca crear sistemas capaces de realizar tareas que normalmente requieren la inteligencia humana. ",3390.78,86.04,3226.77,48,200,61.98,854,8.36,
2026-06-02T16:57:33.604332,exp_a,llama3.2:3b,15,"Explica en menos de 100 palabras la diferencia entre Inteligencia Artificial, Ma",0.7,0.9,40,"¡Claro! Aquí te explico las diferencias:

**Inteligencia Artificial (IA)**: es el campo general que aborda la creación de sistemas capaces de realizar tareas complejas con inteligencia humana.

**Machine Learning**: es un subconjunto de la IA que se enfoca en desarrollar algoritmos que permiten a lo",2343.02,88.88,2195.93,48,137,62.39,570,7.76,
2026-06-02T16:57:36.256368,exp_a,llama3.2:3b,16,"Explica en menos de 100 palabras la diferencia entre Inteligencia Artificial, Ma",0.7,0.9,40,"Claro, aquí te explico las diferencias entre Inteligencia Artificial (IA), Machine Learning y IA Generativa:

**Inteligencia Artificial**: Se refiere a sistemas que imitan el pensamiento humano, pero no necesariamente aprenden o toman decisiones como lo hacen los humanos.

**Machine Learning**: Es u",2642.37,86.47,2492.2,48,155,62.19,686,8.14,
2026-06-02T16:57:39.439801,exp_a,llama3.2:3b,17,"Explica en menos de 100 palabras la diferencia entre Inteligencia Artificial, Ma",0.7,0.9,40,"Claro, te explicaré las diferencias entre Inteligencia Artificial (IA), Machine Learning (ML) y IA Generativa:

*   **Inteligencia Artificial (IA)**: Se refiere al desarrollo de sistemas que pueden realizar tareas inteligentes sin necesidad de programación explícita. Puede incluir técnicas como la r",3176.22,86.92,3015.3,48,187,62.02,798,7.71,
2026-06-02T16:57:42.843780,exp_a,llama3.2:3b,18,"Explica en menos de 100 palabras la diferencia entre Inteligencia Artificial, Ma",0.7,0.9,40,"**Diferencias clave entre Inteligencia Artificial, Machine Learning y IA Generativa**

*   **Inteligencia Artificial (IA)**: se refiere al desarrollo de sistemas que pueden realizar tareas que normalmente requieren la inteligencia humana, como aprender, razonar y resolver problemas. La IA es un camp",3390.2,87.54,3223.22,48,200,62.05,867,7.52,
2026-06-02T16:57:46.279054,exp_a,llama3.2:3b,19,"Explica en menos de 100 palabras la diferencia entre Inteligencia Artificial, Ma",0.7,0.9,40,"Claro! A continuación, te explico las diferencias entre Inteligencia Artificial (IA), Machine Learning (ML) y IA Generativa:

- **Inteligencia Artificial (IA)**: Refiere a sistemas que pueden realizar tareas específicas, como resolver problemas o reconocer patrones, sin la intervención humana. La IA",3427.09,85.59,3257.81,48,200,61.39,849,8.24,
2026-06-02T16:57:48.831711,exp_a,llama3.2:3b,20,"Explica en menos de 100 palabras la diferencia entre Inteligencia Artificial, Ma",0.7,0.9,40,"¡Claro! A continuación, te explico las diferencias entre Inteligencia Artificial (IA), Machine Learning y IA Generativa:

* **Inteligencia Artificial**: Refiere a sistemas que imitan el pensamiento humano, pero no necesariamente aprenden ni toman decisiones de manera autónoma.
* **Machine Learning**",2531.49,101.87,2362.13,48,145,61.39,619,7.99,
2026-06-02T16:57:51.521490,exp_a,llama3.2:3b,21,"Explica en menos de 100 palabras la diferencia entre Inteligencia Artificial, Ma",0.7,0.9,40,"Claro, aquí te explico las diferencias entre Inteligencia Artificial (IA), Machine Learning y IA Generativa:

* **Inteligencia Artificial (IA)**: Se refiere a sistemas informáticos que pueden realizar tareas complejas con base en reglas y algoritmos. No aprenden ni imitan la inteligencia humana.
* *",2682.72,87.41,2523.35,48,151,59.84,662,7.77,
2026-06-02T16:57:54.394827,exp_a,llama3.2:3b,22,"Explica en menos de 100 palabras la diferencia entre Inteligencia Artificial, Ma",0.7,0.9,40,"La Inteligencia Artificial (IA) se refiere a un amplio campo que busca crear sistemas capaces de realizar tareas que normalmente requieren inteligencia humana, como aprender, razonar y tomar decisiones.

El **Machine Learning** es un subconjunto de la IA que se enfoca en el aprendizaje automático de",2866.75,89.25,2674.43,48,156,58.33,667,7.82,
2026-06-02T16:57:57.259066,exp_a,llama3.2:3b,23,"Explica en menos de 100 palabras la diferencia entre Inteligencia Artificial, Ma",0.7,0.9,40,"**Diferencias clave entre Inteligencia Artificial (IA), Machine Learning y IA Generativa**

Las tres tecnologías mencionadas son interconectadas pero tienen objetivos y aplicaciones específicas:

*   **Inteligencia Artificial (IA)** se refiere a sistemas capaces de realizar tareas que normalmente re",2856.78,91.44,2691.65,48,166,61.67,721,7.76,
2026-06-02T16:57:59.712789,exp_a,llama3.2:3b,24,"Explica en menos de 100 palabras la diferencia entre Inteligencia Artificial, Ma",0.7,0.9,40,"La Inteligencia Artificial (IA) es un campo que busca crear sistemas capaces de simular o mejorar el pensamiento humano.

El Machine Learning (ML) es una subdisciplina de IA que se enfoca en desarrollar algoritmos que pueden aprender a partir del datos y mejorar su rendimiento sin ser programados ex",2447.06,91.38,2287.91,48,141,61.63,582,7.47,
2026-06-02T16:58:02.457702,exp_a,llama3.2:3b,25,"Explica en menos de 100 palabras la diferencia entre Inteligencia Artificial, Ma",0.7,0.9,40,"Excelente pregunta!

Aquí te presento una breve explicación:

* **Inteligencia Artificial (IA)**: El objetivo es crear sistemas que puedan realizar tareas que normalmente requieren inteligencia humana, como resolver problemas o tomar decisiones.
* **Machine Learning (ML)**: Es un subconjunto de la I",2735.98,96.06,2568.13,48,158,61.52,684,7.76,
2026-06-02T16:58:05.252980,exp_a,llama3.2:3b,26,"Explica en menos de 100 palabras la diferencia entre Inteligencia Artificial, Ma",0.7,0.9,40,"¡Claro! A continuación, te explico las diferencias entre estas tres tecnologías:

**Inteligencia Artificial (IA)**: Se refiere a la creación de sistemas que pueden realizar tareas específicas de manera automática, como procesamiento de lenguaje natural o reconocimiento de patrones.

**Machine Learni",2786.03,93.32,2612.61,48,159,60.86,678,8.48,
2026-06-02T16:58:07.891230,exp_a,llama3.2:3b,27,"Explica en menos de 100 palabras la diferencia entre Inteligencia Artificial, Ma",0.7,0.9,40,"**Diferencias clave**

La Inteligencia Artificial (IA) se refiere a una amplia gama de técnicas y métodos para crear sistemas que puedan realizar tareas inteligentes sin ser conscientes.

El **Machine Learning** es un subconjunto de IA que se enfoca en la creación de algoritmos que pueden aprender y",2630.48,91.28,2469.04,48,152,61.56,666,7.74,
2026-06-02T16:58:10.754769,exp_a,llama3.2:3b,28,"Explica en menos de 100 palabras la diferencia entre Inteligencia Artificial, Ma",0.7,0.9,40,"**Diferencias clave**

La Inteligencia Artificial (IA), el Machine Learning y la IA Generativa son términos relacionados pero distintos.

*   **Inteligencia Artificial**: se refiere a la capacidad de una máquina para realizar tareas que normalmente requieren inteligencia humana, como razonamiento, a",2856.02,95.66,2687.73,48,166,61.76,688,8.4,
2026-06-02T16:58:13.457775,exp_a,llama3.2:3b,29,"Explica en menos de 100 palabras la diferencia entre Inteligencia Artificial, Ma",0.7,0.9,40,"Claro, aquí te explico las diferencias entre Inteligencia Artificial (IA), Machine Learning (ML) y IA Generativa:

- **Inteligencia Artificial (IA)**: se refiere a sistemas informáticos que pueden realizar tareas que normalmente requieren inteligencia humana, como razonar o aprender. La IA es un con",2695.1,93.61,2530.55,48,156,61.65,635,7.78,
2026-06-02T16:58:16.072337,exp_a,llama3.2:3b,30,"Explica en menos de 100 palabras la diferencia entre Inteligencia Artificial, Ma",0.7,0.9,40,"Claro, te explicaré las diferencias:

**Inteligencia Artificial (IA)**: se refiere a la capacidad de una máquina para realizar tareas que normalmente requieren inteligencia humana, como resolver problemas o aprender patrones.

**Machine Learning**: es un tipo de IA que permite a las máquinas aprende",2608.16,91.48,2446.48,48,151,61.72,648,8.1,
2026-06-02T16:58:18.740538,exp_a,llama3.2:3b,31,"Explica en menos de 100 palabras la diferencia entre Inteligencia Artificial, Ma",0.7,0.9,40,"¡Claro! A continuación te explico las diferencias clave entre Inteligencia Artificial (IA), Machine Learning y IA Generativa:

*   **Inteligencia Artificial (IA)**: Se refiere al desarrollo de sistemas informáticos que pueden realizar tareas específicas, como resolver problemas o tomar decisiones, s",2660.94,98.52,2494.51,48,154,61.74,651,7.95,
2026-06-02T16:58:21.971833,exp_a,llama3.2:3b,32,"Explica en menos de 100 palabras la diferencia entre Inteligencia Artificial, Ma",0.7,0.9,40,"¡Claro! A continuación, te explico las diferencias entre Inteligencia Artificial (IA), Machine Learning y IA Generativa:

* **Inteligencia Artificial**: se refiere a sistemas que pueden realizar tareas que normalmente requieren inteligencia humana, como el razonamiento o la resolución de problemas.
",3224.0,94.14,3049.03,48,188,61.66,833,7.84,
2026-06-02T16:58:24.537603,exp_a,llama3.2:3b,33,"Explica en menos de 100 palabras la diferencia entre Inteligencia Artificial, Ma",0.7,0.9,40,"Claro, te explicaré las diferencias entre Inteligencia Artificial (IA), Machine Learning y IA Generativa:

* **Inteligencia Artificial**: Se refiere al desarrollo de sistemas que pueden realizar tareas inteligentes de manera programada, como resolución de problemas o aprendizaje.
* **Machine Learnin",2559.82,95.07,2398.21,48,148,61.71,661,8.21,
2026-06-02T16:58:27.365846,exp_a,llama3.2:3b,34,"Explica en menos de 100 palabras la diferencia entre Inteligencia Artificial, Ma",0.7,0.9,40,"**Diferencias clave entre Inteligencia Artificial (IA), Machine Learning y IA Generativa**

*   **Inteligencia Artificial (IA)**: se refiere a sistemas informáticos que pueden realizar tareas inteligentes sin la necesidad de ser programados manualmente, mediante algoritmos y técnicas como el aprendi",2821.43,93.5,2656.09,48,164,61.74,695,8.0,
2026-06-02T16:58:29.804407,exp_a,llama3.2:3b,35,"Explica en menos de 100 palabras la diferencia entre Inteligencia Artificial, Ma",0.7,0.9,40,"¡Claro! A continuación, te presento una explicación breve sobre las diferencias entre Inteligencia Artificial (IA), Machine Learning y IA Generativa:

- **Inteligencia Artificial**: Se refiere al desarrollo de sistemas capaces de realizar tareas que normalmente requieren inteligencia humana, como ra",2430.88,98.1,2269.36,48,141,62.13,629,8.19,
2026-06-02T16:58:33.233979,exp_a,llama3.2:3b,36,"Explica en menos de 100 palabras la diferencia entre Inteligencia Artificial, Ma",0.7,0.9,40,"¡Claro! A continuación, te explico las diferencias entre estos conceptos relacionados con el aprendizaje y la inteligencia artificial:

* **Inteligencia Artificial (IA)**: se refiere a un campo de estudio que busca crear sistemas capaces de simular la intelligenza humana. La IA se enfoca en procesar",3422.18,95.19,3241.65,48,200,61.7,814,7.79,
2026-06-02T16:58:35.695510,exp_a,llama3.2:3b,37,"Explica en menos de 100 palabras la diferencia entre Inteligencia Artificial, Ma",0.7,0.9,40,"Claro, aquí te explico las diferencias entre Inteligencia Artificial (IA), Machine Learning y IA Generativa:

**Inteligencia Artificial (IA):** Se refiere a sistemas que pueden realizar tareas inteligentes sin la intervención humana, como resolver problemas o tomar decisiones.

**Machine Learning:**",2454.62,95.88,2293.8,48,142,61.91,633,8.26,
2026-06-02T16:58:37.817453,exp_a,llama3.2:3b,38,"Explica en menos de 100 palabras la diferencia entre Inteligencia Artificial, Ma",0.7,0.9,40,"**Diferencias clave**

La Inteligencia Artificial (IA) es un campo que busca crear sistemas capaces de simular la inteligencia humana.

El **Machine Learning** (ML) es una rama de la IA que se enfoca en desarrollar algoritmos que aprenden y mejoran su desempeño a través del análisis de datos y la re",2114.3,93.6,1962.73,48,122,62.16,479,7.51,
2026-06-02T16:58:41.261252,exp_a,llama3.2:3b,39,"Explica en menos de 100 palabras la diferencia entre Inteligencia Artificial, Ma",0.7,0.9,40,"**Inteligencia Artificial (IA) vs Machine Learning y IA Generativa**

La inteligencia artificial (IA) es un campo que busca crear sistemas capaces de simular la inteligencia humana a través del aprendizaje automático y procesamiento de información.

*   **Machine Learning**: Es una subrama de la IA ",3431.5,94.65,3251.42,48,200,61.51,861,7.6,
2026-06-02T16:58:44.218611,exp_a,llama3.2:3b,40,"Explica en menos de 100 palabras la diferencia entre Inteligencia Artificial, Ma",0.7,0.9,40,"Claro, te explico las diferencias:

**Inteligencia Artificial (IA)**: Se refiere al desarrollo de sistemas que pueden realizar tareas que normalmente requieren inteligencia humana, como el procesamiento de lenguaje natural o la reconocimiento de patrones.

**Machine Learning**: Es un subconjunto de ",2950.73,88.57,2784.56,48,172,61.77,745,8.3,
2026-06-02T16:58:47.447256,exp_a,llama3.2:3b,41,"Explica en menos de 100 palabras la diferencia entre Inteligencia Artificial, Ma",0.7,0.9,40,"¡Claro! A continuación, te explico las diferencias entre Inteligencia Artificial (IA), Machine Learning (ML) y IA Generativa:

- **Inteligencia Artificial (IA):** Se refiere al desarrollo de sistemas que pueden realizar tareas específicas con inteligencia humana, como resolver problemas o reconocer ",3221.28,90.44,3047.6,48,188,61.69,806,8.34,
2026-06-02T16:58:50.867673,exp_a,llama3.2:3b,42,"Explica en menos de 100 palabras la diferencia entre Inteligencia Artificial, Ma",0.7,0.9,40,"Excelente pregunta!

Aquí te explico las diferencias entre estas tres tecnologías:

* **Inteligencia Artificial (IA)**: Referse a la capacidad del software para realizar tareas que normalmente requieren inteligencia humana, como razonamiento y resolución de problemas. La IA se enfoca en crear algori",3413.67,91.28,3236.97,48,200,61.79,799,7.5,
2026-06-02T16:58:54.152777,exp_a,llama3.2:3b,43,"Explica en menos de 100 palabras la diferencia entre Inteligencia Artificial, Ma",0.7,0.9,40,"Claro, aquí te explico las diferencias entre Inteligencia Artificial (IA), Machine Learning y IA Generativa:

* **Inteligencia Artificial**: Refiere a sistemas que imitan el pensamiento humano, pero no necesariamente aprenden o toman decisiones.
* **Machine Learning**: Es un subconjunto de la IA que",3278.02,92.81,3103.64,48,192,61.86,838,7.77,
2026-06-02T16:58:56.503831,exp_a,llama3.2:3b,44,"Explica en menos de 100 palabras la diferencia entre Inteligencia Artificial, Ma",0.7,0.9,40,"¡Claro! A continuación, te explico las diferencias entre Inteligencia Artificial (IA), Machine Learning y IA Generativa:

**Inteligencia Artificial (IA)**: se refiere a la creación de sistemas que pueden realizar tareas específicas sin la intervención humana.

**Machine Learning**: es una subdiscipl",2343.94,93.21,2189.35,48,136,62.12,585,8.16,
2026-06-02T16:58:59.320555,exp_a,llama3.2:3b,45,"Explica en menos de 100 palabras la diferencia entre Inteligencia Artificial, Ma",0.7,0.9,40,"¡Claro!

**Inteligencia Artificial (IA)**: Se refiere al desarrollo de sistemas que pueden realizar tareas específicas con base en algoritmos y datos. No aprenden ni se adaptan a nuevos escenarios.

**Machine Learning**: Es una rama de la IA que permite a los sistemas aprender de sus datos y mejorar",2809.4,93.38,2642.83,48,163,61.68,684,8.15,
2026-06-02T16:59:01.340832,exp_a,llama3.2:3b,46,"Explica en menos de 100 palabras la diferencia entre Inteligencia Artificial, Ma",0.7,0.9,40,"La Inteligencia Artificial (IA) es un campo que busca crear sistemas capaces de pensar y actuar como los seres humanos.

El Machine Learning (ML) es una rama de la IA que se enfoca en desarrollar algoritmos que permitan a los sistemas aprender y mejorar su rendimiento automáticamente, sin necesidad ",2012.21,93.03,1863.05,48,116,62.26,499,7.99,
2026-06-02T16:59:03.812563,exp_a,llama3.2:3b,47,"Explica en menos de 100 palabras la diferencia entre Inteligencia Artificial, Ma",0.7,0.9,40,"La inteligencia artificial (IA) se refiere a sistemas capaces de realizar tareas que normalmente requerirían la intervención humana, como procesamiento de lenguaje natural o reconocimiento de patrones. El Machine Learning (ML) es un subconjunto de IA que permite a los sistemas aprenden y mejorar sin",2463.47,92.46,2305.19,48,143,62.03,603,8.29,
2026-06-02T16:59:07.125276,exp_a,llama3.2:3b,48,"Explica en menos de 100 palabras la diferencia entre Inteligencia Artificial, Ma",0.7,0.9,40,"**Diferencias clave entre Inteligencia Artificial (IA), Machine Learning y IA Generativa**

Las tecnologías de inteligencia artificial (IA) son sistemas informáticos que imitan el comportamiento humano. A continuación, se presentan las diferencias clave entre tres subáreas importantes:

*   **Inteli",3305.97,91.58,3132.66,48,194,61.93,864,8.0,
2026-06-02T16:59:09.785070,exp_a,llama3.2:3b,49,"Explica en menos de 100 palabras la diferencia entre Inteligencia Artificial, Ma",0.7,0.9,40,"Claro, aquí te explico las diferencias entre Inteligencia Artificial (IA), Machine Learning (ML) y IA Generativa:

*   **Inteligencia Artificial**: Se refiere al desarrollo de sistemas que pueden realizar tareas que normalmente requieren inteligencia humana, como la resolución de problemas o el apre",2652.16,95.36,2488.81,48,154,61.88,673,8.38,
2026-06-02T16:59:12.089591,exp_a,llama3.2:3b,50,"Explica en menos de 100 palabras la diferencia entre Inteligencia Artificial, Ma",0.7,0.9,40,"La Inteligencia Artificial (IA) es un campo que busca crear sistemas capaces de simular la inteligencia humana a través del procesamiento de información y aprendizaje.

El Machine Learning (ML) es una rama de la IA que se enfoca en el aprendizaje automático, donde los algoritmos se entrenan con dato",2298.09,92.47,2142.81,48,133,62.07,566,8.31,
2026-06-02T16:59:15.300940,exp_a,llama3.2:3b,51,"Explica en menos de 100 palabras la diferencia entre Inteligencia Artificial, Ma",0.7,0.9,40,"**Inteligencia Artificial (IA), Machine Learning y IA Generativa: ¿Qué son?**

La Inteligencia Artificial (IA) es el campo que busca crear sistemas capaces de pensar y aprender como los seres humanos. El Machine Learning es un subconjunto de la IA que se enfoca en desarrollar algoritmos que permitan",3204.81,93.21,3031.96,48,187,61.68,783,7.64,
2026-06-02T16:59:18.735272,exp_a,llama3.2:3b,52,"Explica en menos de 100 palabras la diferencia entre Inteligencia Artificial, Ma",0.7,0.9,40,"La Inteligencia Artificial (IA), el Machine Learning y la IA Generativa son términos relacionados pero no idénticos.

- **Inteligencia Artificial**: Se refiere a la creación de sistemas que pueden realizar tareas que normalmente requieren inteligencia humana, como razonamiento y aprendizaje. Puede s",3425.53,103.89,3236.18,48,200,61.8,880,8.26,
2026-06-02T16:59:21.079706,exp_a,llama3.2:3b,53,"Explica en menos de 100 palabras la diferencia entre Inteligencia Artificial, Ma",0.7,0.9,40,"La inteligencia artificial (IA) es un término amplio que abarca diversas técnicas y aplicaciones para crear sistemas capaces de tomar decisiones y realizar tareas con mayor eficiencia. 

El machine learning (ML) se enfoca en desarrollar algoritmos que permiten a los sistemas aprendan de datos, lo qu",2337.22,93.68,2180.54,48,136,62.37,590,7.74,
2026-06-02T16:59:23.671117,exp_a,llama3.2:3b,54,"Explica en menos de 100 palabras la diferencia entre Inteligencia Artificial, Ma",0.7,0.9,40,"Claro, te explico las diferencias entre Inteligencia Artificial (IA), Machine Learning y IA Generativa:

- **Inteligencia Artificial (IA)**: Se refiere a sistemas computacionales que pueden realizar tareas que normalmente requieren inteligencia humana, como resolución de problemas o aprendizaje. La ",2584.67,93.4,2424.8,48,150,61.86,663,7.98,
2026-06-02T16:59:27.102023,exp_a,llama3.2:3b,55,"Explica en menos de 100 palabras la diferencia entre Inteligencia Artificial, Ma",0.7,0.9,40,"Claro, aquí te explico las diferencias entre Inteligencia Artificial (IA), Machine Learning y IA Generativa:

*   **Inteligencia Artificial (IA)**: Es el campo general que busca crear sistemas capaces de realizar tareas inteligentes sin ser programados explícitamente. Se enfoca en la creación de alg",3424.17,94.7,3246.67,48,200,61.6,890,8.22,
2026-06-02T16:59:30.595618,exp_a,llama3.2:3b,56,"Explica en menos de 100 palabras la diferencia entre Inteligencia Artificial, Ma",0.7,0.9,40,"¡Claro! A continuación, te explico las diferencias entre Inteligencia Artificial (IA), Machine Learning y AI Generativa:

* **Inteligencia Artificial**: Refiere a la creación de sistemas que pueden realizar tareas que normalmente requieren inteligencia humana, como razonamiento y aprendizaje. La IA ",3479.85,92.13,3298.07,48,200,60.64,863,7.78,
2026-06-02T16:59:32.965577,exp_a,llama3.2:3b,57,"Explica en menos de 100 palabras la diferencia entre Inteligencia Artificial, Ma",0.7,0.9,40,"Excelente pregunta!

Aquí te explico las diferencias:

**Inteligencia Artificial (IA)**: Refiere a sistemas que pueden realizar tareas específicas con base en algoritmos y datos, pero sin entender el contexto o la lógica detrás de esas acciones.

**Machine Learning**: Es un tipo de IA que permite a ",2363.62,94.06,2205.19,48,136,61.67,599,7.99,
2026-06-02T16:59:35.562349,exp_a,llama3.2:3b,58,"Explica en menos de 100 palabras la diferencia entre Inteligencia Artificial, Ma",0.7,0.9,40,"La Inteligencia Artificial (IA) se refiere a la capacidad de los sistemas para realizar tareas que normalmente requieren inteligencia humana, como el aprendizaje y la resolución de problemas.

El Machine Learning es una subdisciplina de la IA que se enfoca en el desarrollo de algoritmos que permiten",2590.15,92.53,2428.55,48,149,61.35,666,7.75,
2026-06-02T16:59:39.014683,exp_a,llama3.2:3b,59,"Explica en menos de 100 palabras la diferencia entre Inteligencia Artificial, Ma",0.7,0.9,40,"Excelente pregunta!

A continuación, te explico las diferencias entre Inteligencia Artificial (IA), Machine Learning y IA Generativa:

*   **Inteligencia Artificial (IA)**: se refiere a sistemas que imitan la inteligencia humana en áreas como el razonamiento, la resolución de problemas y la aprendiz",3443.93,94.53,3265.32,48,200,61.25,878,7.63,
2026-06-02T16:59:41.943970,exp_a,llama3.2:3b,60,"Explica en menos de 100 palabras la diferencia entre Inteligencia Artificial, Ma",0.7,0.9,40,"¡Claro! A continuación, te explico las diferencias entre Inteligencia Artificial (IA), Machine Learning (ML) y IA Generativa:

* **Inteligencia Artificial**: se refiere a sistemas informáticos que pueden realizar tareas que normalmente requieren inteligencia humana, como resolver problemas o tomar d",2922.84,95.37,2746.87,48,168,61.16,718,8.47,
2026-06-02T16:59:44.341126,exp_a,llama3.2:3b,61,"Explica en menos de 100 palabras la diferencia entre Inteligencia Artificial, Ma",0.7,0.9,40,"¡Claro! A continuación, te explico las diferencias entre estos términos:

**Inteligencia Artificial (IA)**: Se refiere a sistemas informáticos que pueden simular funciones humanas, como resolver problemas o aprender de datos.

**Machine Learning (ML)**: Es un subconjunto de IA que permite a los algo",2390.42,92.02,2234.73,48,138,61.75,595,7.91,
2026-06-02T16:59:47.126222,exp_a,llama3.2:3b,62,"Explica en menos de 100 palabras la diferencia entre Inteligencia Artificial, Ma",0.7,0.9,40,"¡Claro! A continuación, te presento las diferencias clave entre Inteligencia Artificial (IA), Machine Learning y IA Generativa:

* **Inteligencia Artificial**: se refiere a la capacidad de una computadora para simular el pensamiento humano, utilizando algoritmos y técnicas matemáticas para procesar ",2778.42,95.35,2597.91,48,156,60.05,681,8.17,
2026-06-02T16:59:49.754310,exp_a,llama3.2:3b,63,"Explica en menos de 100 palabras la diferencia entre Inteligencia Artificial, Ma",0.7,0.9,40,"¡Claro! A continuación, te explico las diferencias entre estas tres áreas:

**Inteligencia Artificial (IA)**: se refiere a la creación de sistemas que pueden realizar tareas específicas, como jugar ajedrez o reconocer imágenes, sin que sean conscientes.

**Machine Learning**: es un tipo de IA que pe",2621.94,91.43,2460.95,48,151,61.36,670,8.13,
2026-06-02T16:59:52.249967,exp_a,llama3.2:3b,64,"Explica en menos de 100 palabras la diferencia entre Inteligencia Artificial, Ma",0.7,0.9,40,"La Inteligencia Artificial (IA) se refiere a la capacidad de máquinas para realizar tareas que normalmente requieren inteligencia humana, como el aprendizaje y la toma de decisiones.

El Machine Learning (ML) es una subrama de IA que permite a las máquinas aprender de datos y mejorar su rendimiento ",2489.24,89.73,2333.49,48,145,62.14,610,7.88,
2026-06-02T16:59:54.876195,exp_a,llama3.2:3b,65,"Explica en menos de 100 palabras la diferencia entre Inteligencia Artificial, Ma",0.7,0.9,40,"**Diferencias clave**

La Inteligencia Artificial (IA), Machine Learning (ML) y IA Generativa son términos relacionados pero distintos:

*   **Inteligencia Artificial (IA)**: se refiere a la capacidad de un sistema para realizar tareas que normalmente requieren inteligencia humana, como razonar o to",2619.38,93.51,2457.4,48,153,62.26,623,8.19,
2026-06-02T16:59:57.416014,exp_a,llama3.2:3b,66,"Explica en menos de 100 palabras la diferencia entre Inteligencia Artificial, Ma",0.7,0.9,40,"¡Claro! A continuación, te explico las diferencias entre Inteligencia Artificial (IA), Machine Learning (ML) y IA Generativa:

* **Inteligencia Artificial**: Refiere a sistemas informáticos diseñados para realizar tareas que normalmente requieren inteligencia humana, como resolver problemas o tomar ",2532.52,93.68,2372.09,48,147,61.97,641,8.32,
2026-06-02T17:00:00.830938,exp_a,llama3.2:3b,67,"Explica en menos de 100 palabras la diferencia entre Inteligencia Artificial, Ma",0.7,0.9,40,"**Diferencias clave**

Las tres disciplinas mencionadas se relacionan con la inteligencia artificial (IA), pero tienen objetivos y enfoques diferentes:

*   **Inteligencia Artificial (IA)**: Se refiere a la capacidad de un sistema para realizar tareas que normalmente requieren una inteligencia human",3406.57,91.08,3230.41,48,200,61.91,857,8.14,
2026-06-02T17:00:03.510698,exp_a,llama3.2:3b,68,"Explica en menos de 100 palabras la diferencia entre Inteligencia Artificial, Ma",0.7,0.9,40,"Claro, te explicaré las diferencias entre Inteligencia Artificial (IA), Machine Learning y IA Generativa:

*   **Inteligencia Artificial (IA)**: Se refiere a sistemas que pueden simular la inteligencia humana mediante algoritmos y programación.
*   **Machine Learning**: Es un subconjunto de la IA qu",2673.36,93.74,2509.94,48,155,61.75,690,7.93,
2026-06-02T17:00:06.252676,exp_a,llama3.2:3b,69,"Explica en menos de 100 palabras la diferencia entre Inteligencia Artificial, Ma",0.7,0.9,40,"¡Claro! A continuación, te explico las diferencias entre Inteligencia Artificial (IA), Machine Learning y IA Generativa:

* **Inteligencia Artificial**: Se refiere a sistemas que imitan el comportamiento de seres humanos mediante algoritmos y técnicas computacionales. No necesariamente aprenden o ge",2735.29,92.38,2573.79,48,160,62.17,701,7.72,
2026-06-02T17:00:08.636862,exp_a,llama3.2:3b,70,"Explica en menos de 100 palabras la diferencia entre Inteligencia Artificial, Ma",0.7,0.9,40,"La Inteligencia Artificial (IA), Machine Learning (ML) y IA Generativa son términos relacionados pero distintos.

**Inteligencia Artificial**: se refiere a la creación de sistemas que pueden realizar tareas complejas sin la intervención humana, utilizando algoritmos y datos para tomar decisiones.

*",2377.11,96.79,2216.93,48,138,62.25,609,7.96,
2026-06-02T17:00:11.198865,exp_a,llama3.2:3b,71,"Explica en menos de 100 palabras la diferencia entre Inteligencia Artificial, Ma",0.7,0.9,40,"¡Claro! A continuación, te explico las diferencias entre Inteligencia Artificial (IA), Machine Learning y IA Generativa:

- **Inteligencia Artificial**: se refiere a la creación de sistemas que pueden realizar tareas que normalmente requieren inteligencia humana, como resolver problemas o tomar deci",2554.7,94.83,2392.87,48,148,61.85,663,8.19,
2026-06-02T17:00:13.986348,exp_a,llama3.2:3b,72,"Explica en menos de 100 palabras la diferencia entre Inteligencia Artificial, Ma",0.7,0.9,40,"¡Claro! A continuación, te explico las diferencias entre estas tres tecnologías:

**Inteligencia Artificial (IA)**: Se refiere a sistemas que imitan el comportamiento de seres humanos a través de algoritmos y datos. La IA se enfoca en resolver problemas complejos mediante procesamiento de informació",2780.02,86.84,2622.06,48,163,62.16,695,8.04,
2026-06-02T17:00:16.668787,exp_a,llama3.2:3b,73,"Explica en menos de 100 palabras la diferencia entre Inteligencia Artificial, Ma",0.7,0.9,40,"¡Claro! A continuación, te explico las diferencias entre Inteligencia Artificial (IA), Machine Learning (ML) y IA Generativa:

*   **Inteligencia Artificial (IA)**: Se refiere a la capacidad de un sistema para realizar tareas que normalmente requieren inteligencia humana, como razonamiento y resoluc",2674.86,92.51,2514.23,48,156,62.05,640,7.88,
2026-06-02T17:00:19.244145,exp_a,llama3.2:3b,74,"Explica en menos de 100 palabras la diferencia entre Inteligencia Artificial, Ma",0.7,0.9,40,"Las tres conceptos mencionados son interconectados pero no lo están, a continuación te explico la diferencia:

**Inteligencia Artificial (IA)**: Se refiere a la creación de sistemas que pueden realizar tareas específicas sin necesidad de ser programadas manualmente. Esto se logra mediante algoritmos",2567.95,91.96,2407.67,48,147,61.05,631,8.45,
2026-06-02T17:00:21.895067,exp_a,llama3.2:3b,75,"Explica en menos de 100 palabras la diferencia entre Inteligencia Artificial, Ma",0.7,0.9,40,"La Inteligencia Artificial (IA) es un campo que busca desarrollar sistemas capaces de pensar y actuar como los seres humanos. El Machine Learning (ML) es una subrama de la IA que se enfoca en el aprendizaje automático de patrones y relaciones a partir de datos. La IA Generativa, por otro lado, se ce",2643.06,91.13,2478.27,48,150,60.53,610,7.71,
2026-06-02T17:00:24.299640,exp_a,llama3.2:3b,76,"Explica en menos de 100 palabras la diferencia entre Inteligencia Artificial, Ma",0.7,0.9,40,"Excelente pregunta!

**Inteligencia Artificial (IA)**: Es el campo general que busca crear sistemas capaces de simular la inteligencia humana a través del procesamiento de información y aprendizaje.

**Machine Learning (ML)**: Es un subcampo de la IA que se enfoca en desarrollar algoritmos que permi",2397.0,97.36,2206.19,48,132,59.83,579,8.15,
2026-06-02T17:00:26.761886,exp_a,llama3.2:3b,77,"Explica en menos de 100 palabras la diferencia entre Inteligencia Artificial, Ma",0.7,0.9,40,"**Diferencias clave entre Inteligencia Artificial, Machine Learning y IA Generativa**

A continuación, se presentan las principales diferencias entre estas tres disciplinas:

*   **Inteligencia Artificial (IA)**: Se refiere a la creación de sistemas que pueden simular la inteligencia humana en tarea",2454.63,94.96,2291.22,48,140,61.1,620,7.75,
2026-06-02T17:00:29.870234,exp_a,llama3.2:3b,78,"Explica en menos de 100 palabras la diferencia entre Inteligencia Artificial, Ma",0.7,0.9,40,"Claro, te explicaré las diferencias entre Inteligencia Artificial (IA), Machine Learning y IA Generativa:

*   **Inteligencia Artificial**: Referirse a sistemas diseñados para realizar tareas que normalmente requieren inteligencia humana, como resolución de problemas o aprendizaje. Aunque no tienen ",3097.87,93.47,2927.18,48,181,61.83,797,8.02,
2026-06-02T17:00:32.736875,exp_a,llama3.2:3b,79,"Explica en menos de 100 palabras la diferencia entre Inteligencia Artificial, Ma",0.7,0.9,40,"Claro, aquí te explico las diferencias:

* **Inteligencia Artificial (IA)**: Refiere a sistemas informáticos diseñados para realizar tareas que normalmente requerirían inteligencia humana, como la resolución de problemas o el aprendizaje.
* **Machine Learning**: Es un tipo de IA que permite a los si",2859.68,92.68,2694.02,48,167,61.99,696,8.16,
2026-06-02T17:00:35.738201,exp_a,llama3.2:3b,80,"Explica en menos de 100 palabras la diferencia entre Inteligencia Artificial, Ma",0.7,0.9,40,"¡Claro! Aquí te explico las diferencias:

**Inteligencia Artificial (IA)**: Se refiere a sistemas que pueden realizar tareas específicas con precisión y eficiencia, como reconocer patrones o resolver problemas matemáticos.

**Machine Learning**: Es un tipo de IA que permite a los sistemas aprender d",2993.81,92.97,2826.05,48,175,61.92,744,7.76,
2026-06-02T17:00:38.951837,exp_a,llama3.2:3b,81,"Explica en menos de 100 palabras la diferencia entre Inteligencia Artificial, Ma",0.7,0.9,40,"La inteligencia artificial (IA), el aprendizaje automático (Machine Learning) y la inteligencia artificial generativa son términos relacionados pero no idénticos.

*   La **Inteligencia Artificial** se refiere al desarrollo de sistemas que pueden realizar tareas que normalmente requieren inteligenci",3205.74,96.02,3029.65,48,187,61.72,805,7.93,
2026-06-02T17:00:41.825532,exp_a,llama3.2:3b,82,"Explica en menos de 100 palabras la diferencia entre Inteligencia Artificial, Ma",0.7,0.9,40,"Las diferencias clave entre Inteligencia Artificial (IA), Machine Learning (ML) y IA Generativa son:

*   **Inteligencia Artificial (IA):** Se refiere a sistemas que imitan la capacidad de aprendizaje y razonamiento humano, pero sin ser conscientes ni tener conciencia. Pueden realizar tareas específ",2867.81,90.25,2702.62,48,167,61.79,690,8.18,
2026-06-02T17:00:44.054598,exp_a,llama3.2:3b,83,"Explica en menos de 100 palabras la diferencia entre Inteligencia Artificial, Ma",0.7,0.9,40,"Excelente pregunta!

**Inteligencia Artificial (IA)**: se refiere a la capacidad de un sistema para realizar tareas que normalmente requieren inteligencia humana, como razonar, aprender y tomar decisiones.

**Machine Learning**: es un subconjunto de IA que permite a los sistemas aprenden de datos y ",2219.99,93.65,2065.27,48,128,61.98,558,8.02,
2026-06-02T17:00:46.715335,exp_a,llama3.2:3b,84,"Explica en menos de 100 palabras la diferencia entre Inteligencia Artificial, Ma",0.7,0.9,40,"¡Claro! A continuación, te explico las diferencias entre Inteligencia Artificial (IA), Machine Learning y IA Generativa:

* **Inteligencia Artificial**: se refiere al campo de estudio que busca crear sistemas capaces de realizar tareas inteligentes como el ser humano. Se enfoca en la resolución de p",2653.55,90.87,2488.42,48,153,61.48,645,8.3,
2026-06-02T17:00:50.136247,exp_a,llama3.2:3b,85,"Explica en menos de 100 palabras la diferencia entre Inteligencia Artificial, Ma",0.7,0.9,40,"¡Claro! A continuación, te presento una breve explicación sobre las diferencias entre Inteligencia Artificial (IA), Machine Learning y IA Generativa:

*   **Inteligencia Artificial (IA)**: se refiere a la capacidad de un sistema para realizar tareas que normalmente requieren inteligencia humana, com",3411.75,94.54,3233.31,48,200,61.86,880,7.9,
2026-06-02T17:00:52.321057,exp_a,llama3.2:3b,86,"Explica en menos de 100 palabras la diferencia entre Inteligencia Artificial, Ma",0.7,0.9,40,"La Inteligencia Artificial (IA) es un campo que busca crear sistemas capaces de simular y realizar tareas humanas mediante algoritmos informáticos.

El Machine Learning (ML) es una subrama de la IA que se enfoca en el aprendizaje automático del sistema, permitiéndole mejorar su rendimiento a través ",2175.58,92.63,2017.83,48,124,61.45,510,8.0,
2026-06-02T17:00:55.000705,exp_a,llama3.2:3b,87,"Explica en menos de 100 palabras la diferencia entre Inteligencia Artificial, Ma",0.7,0.9,40,"Excelente pregunta!

Aquí te explico las diferencias entre Inteligencia Artificial (IA), Machine Learning y IA Generativa:

* **Inteligencia Artificial**: Se refiere a sistemas que imitan el pensamiento humano, pero no necesariamente aprenden de datos.
* **Machine Learning**: Un subconjunto de la IA",2673.22,90.09,2514.98,48,155,61.63,672,7.63,
2026-06-02T17:00:57.653001,exp_a,llama3.2:3b,88,"Explica en menos de 100 palabras la diferencia entre Inteligencia Artificial, Ma",0.7,0.9,40,"Claro, te explico las diferencias entre Inteligencia Artificial (IA), Machine Learning (ML) y IA Generativa:

*   **Inteligencia Artificial**: Se refiere a sistemas informáticos que pueden realizar tareas que normalmente requieren inteligencia humana, como resolver problemas complejos o aprender de ",2644.21,92.3,2484.3,48,153,61.59,674,7.8,
2026-06-02T17:01:00.196339,exp_a,llama3.2:3b,89,"Explica en menos de 100 palabras la diferencia entre Inteligencia Artificial, Ma",0.7,0.9,40,"Claro, aquí te explico las diferencias entre Inteligencia Artificial (IA), Machine Learning y IA Generativa:

*   **Inteligencia Artificial (IA)**: Refiere a sistemas que imitan el pensamiento humano, pero siguen instrucciones preestablecidas.
*   **Machine Learning**: Es un subconjunto de la IA que",2536.98,89.95,2382.33,48,147,61.7,622,8.16,
2026-06-02T17:01:03.519694,exp_a,llama3.2:3b,90,"Explica en menos de 100 palabras la diferencia entre Inteligencia Artificial, Ma",0.7,0.9,40,"**Diferencias clave**

Las Técnicas de Inteligencia Artificial (IA) son fundamentales para entender las diferencias entre Inteligencia Artificial, Machine Learning y IA Generativa.

*   **Inteligencia Artificial**: Es el campo más amplio que abarca la creación de sistemas capaces de realizar tareas ",3315.78,92.36,3142.1,48,195,62.06,846,7.93,
2026-06-02T17:01:06.281530,exp_a,llama3.2:3b,91,"Explica en menos de 100 palabras la diferencia entre Inteligencia Artificial, Ma",0.7,0.9,40,"Claro, aquí te explico las diferencias entre Inteligencia Artificial (IA), Machine Learning (ML) y IA Generativa:

* **Inteligencia Artificial**: Se refiere a la capacidad de un sistema para realizar tareas que normalmente requieren inteligencia humana, como el reconocimiento de patrones o la resolu",2755.45,94.99,2591.78,48,161,62.12,721,8.1,
2026-06-02T17:01:08.861274,exp_a,llama3.2:3b,92,"Explica en menos de 100 palabras la diferencia entre Inteligencia Artificial, Ma",0.7,0.9,40,"Claro, aquí te explico las diferencias:

**Inteligencia Artificial (IA)**: Refiere a sistemas informáticos diseñados para realizar tareas que normalmente requieren inteligencia humana, como resolver problemas o tomar decisiones.

**Machine Learning (ML)**: Es un subconjunto de la IA que permite a lo",2573.04,93.1,2412.64,48,150,62.17,653,7.88,
2026-06-02T17:01:11.842321,exp_a,llama3.2:3b,93,"Explica en menos de 100 palabras la diferencia entre Inteligencia Artificial, Ma",0.7,0.9,40,"**Diferencias clave entre Inteligencia Artificial, Machine Learning y IA Generativa**

A continuación, te presento las diferencias principales entre estas tres disciplinas:

*   **Inteligencia Artificial (IA)**: Enseña a máquinas a realizar tareas específicas, como resolver problemas de lógica o rec",2973.59,94.72,2804.29,48,174,62.05,750,7.79,
2026-06-02T17:01:13.889803,exp_a,llama3.2:3b,94,"Explica en menos de 100 palabras la diferencia entre Inteligencia Artificial, Ma",0.7,0.9,40,"La inteligencia artificial (IA) es el campo general que busca crear sistemas capaces de realizar tareas que normalmente requieren inteligencia humana.

El machine learning (ML) es una rama de la IA que se enfoca en desarrollar algoritmos que permiten a los sistemas aprender de datos y mejorar su ren",2041.37,93.26,1891.77,48,118,62.38,518,7.74,
2026-06-02T17:01:16.292745,exp_a,llama3.2:3b,95,"Explica en menos de 100 palabras la diferencia entre Inteligencia Artificial, Ma",0.7,0.9,40,"Claro, aquí te explico las diferencias:

**Inteligencia Artificial (IA)**: se refiere a sistemas informáticos diseñados para realizar tareas que normalmente requieren inteligencia humana, como resolver problemas o aprender de datos.

**Machine Learning (ML)**: es un subconjunto de la IA que permite ",2396.04,93.96,2238.94,48,139,62.08,606,7.95,
2026-06-02T17:01:18.932565,exp_a,llama3.2:3b,96,"Explica en menos de 100 palabras la diferencia entre Inteligencia Artificial, Ma",0.7,0.9,40,"Claro! Aquí te explico las diferencias entre Inteligencia Artificial (IA), Machine Learning y IA Generativa:

* **Inteligencia Artificial (IA)**: Refiere a sistemas que imitan el comportamiento humano en una tarea específica, como resolver problemas o reconocer patrones.
* **Machine Learning**: Es u",2631.86,91.87,2473.6,48,153,61.85,667,7.92,
2026-06-02T17:01:21.649230,exp_a,llama3.2:3b,97,"Explica en menos de 100 palabras la diferencia entre Inteligencia Artificial, Ma",0.7,0.9,40,"Claro, te explicaré las diferencias entre Inteligencia Artificial (IA), Machine Learning y IA Generativa:

- **Inteligencia Artificial (IA)**: se refiere a un campo de estudio que busca crear sistemas capaces de realizar tareas que normalmente requieren inteligencia humana, como resolver problemas o",2710.49,90.87,2550.4,48,158,61.95,701,8.08,
2026-06-02T17:01:24.808997,exp_a,llama3.2:3b,98,"Explica en menos de 100 palabras la diferencia entre Inteligencia Artificial, Ma",0.7,0.9,40,"¡Claro! Aquí te explico las diferencias:

**Inteligencia Artificial (IA)**: Se refiere a la capacidad de una máquina para realizar tareas que normalmente requieren inteligencia humana, como resolver problemas o tomar decisiones. La IA se basa en algoritmos y técnicas matemáticas.

**Machine Learning",3153.44,92.67,2979.8,48,184,61.75,778,7.99,
2026-06-02T17:01:27.898433,exp_a,llama3.2:3b,99,"Explica en menos de 100 palabras la diferencia entre Inteligencia Artificial, Ma",0.7,0.9,40,"**Diferencias clave**

Las tres tecnologías mencionadas son interconectadas pero tienen objetivos y enfoques específicos:

*   **Inteligencia Artificial (IA)**: se refiere a la creación de sistemas capaces de realizar tareas que normalmente requieren inteligencia humana, como resolver problemas, apr",3081.78,93.31,2910.6,48,180,61.84,742,7.87,
2026-06-02T17:01:29.953551,exp_a,llama3.2:3b,100,"Explica en menos de 100 palabras la diferencia entre Inteligencia Artificial, Ma",0.7,0.9,40,"Las diferencias clave entre Inteligencia Artificial (IA), Machine Learning y IA Generativa son:

*   **Inteligencia Artificial**: refiere a sistemas capaces de realizar tareas que normalmente requieren inteligencia humana, como resolver problemas o aprender.
*   **Machine Learning**: es un tipo de I",2048.14,90.29,1902.12,48,118,62.04,524,8.29,
